1462852489471101,,7624578724446145087,5198628003788652644,,0,,,,,,,
1462852489471103,,7624578724446145087,7675612576036545068,,0,,,,,,,
1462852489485610,,7624578724446145087,5198628003788652644,caelum-302,1,,,,,,,
1462852489485679,,7624578724446145087,7675612576036545068,caelum-414,1,,,,,,,
1462852492971458,,8956692044894253375,2779933283319291902,,0,,,,,,,
1462852492971459,,8956692044894253375,11076474489401133649,,0,,,,,,,
1462852492971460,,8956692044894253375,11076474489401133654,,0,,,,,,,
1462852492971460,,8956692044894253375,11076474489401133655,,0,,,,,,,
1462852492971461,,8956692044894253375,11076474489401133652,,0,,,,,,,
1462852492971461,,8956692044894253375,11076474489401133653,,0,,,,,,,
1462852492971462,,8956692044894253375,11076474489401133674,,0,,,,,,,
1462852492971462,,8956692044894253375,11076474489401133675,,0,,,,,,,
1462852492986431,,8956692044894253375,2779933283319291902,caelum-303,1,,,,,,,
1462852492986544,,8956692044894253375,11076474489401133649,caelum-109,1,,,,,,,
1462852492986622,,8956692044894253375,11076474489401133654,caelum-304,1,,,,,,,
1462852492986671,,8956692044894253375,11076474489401133655,caelum-107,1,,,,,,,
1462852492986727,,8956692044894253375,11076474489401133652,caelum-409,1,,,,,,,
1462852492986792,,8956692044894253375,11076474489401133653,caelum-408,1,,,,,,,
1462852492986845,,8956692044894253375,11076474489401133674,caelum-407,1,,,,,,,
1462852492986897,,8956692044894253375,11076474489401133675,caelum-413,1,,,,,,,
1462852493181432,,7624578724446145087,5198628003788652644,1423917282767833285,4,,,,,,,
1462852494619017,,7624578724446145087,7675612576036545068,13919973464436229250,4,,,,,,,
1462852496472993,,658291150562197945,8261504185873394204,,0,,,,,,,
1462852496472995,,658291150562197945,12118275631278919653,,0,,,,,,,
1462852496472995,,658291150562197945,12118275631278919654,,0,,,,,,,
1462852496472996,,658291150562197945,12118275631278919655,,0,,,,,,,
1462852496472996,,658291150562197945,12118275631278919656,,0,,,,,,,
1462852496472997,,658291150562197945,12118275631278919657,,0,,,,,,,
1462852496472997,,658291150562197945,12118275631278919658,,0,,,,,,,
1462852496472998,,658291150562197945,12118275631278919659,,0,,,,,,,
1462852496472998,,658291150562197945,12118275631278919660,,0,,,,,,,
1462852496472999,,658291150562197945,12118275631278919661,,0,,,,,,,
1462852496472999,,658291150562197945,12118275631278919662,,0,,,,,,,
1462852496472999,,658291150562197945,12118275631278919663,,0,,,,,,,
1462852496473000,,658291150562197945,12118275631278919632,,0,,,,,,,
1462852496473000,,658291150562197945,12118275631278919633,,0,,,,,,,
1462852496473001,,658291150562197945,12118275631278919634,,0,,,,,,,
1462852496473001,,658291150562197945,12118275631278919635,,0,,,,,,,
1462852496488142,,658291150562197945,12118275631278919653,caelum-412,1,,,,,,,
1462852496488232,,658291150562197945,8261504185873394204,caelum-303,1,,,,,,,
1462852496488290,,658291150562197945,12118275631278919654,caelum-414,1,,,,,,,
1462852496488354,,658291150562197945,12118275631278919655,caelum-211,1,,,,,,,
1462852496488413,,658291150562197945,12118275631278919656,caelum-207,1,,,,,,,
1462852496490399,,658291150562197945,12118275631278919657,caelum-301,1,,,,,,,
1462852496490633,,658291150562197945,12118275631278919658,caelum-410,1,,,,,,,
1462852496490718,,658291150562197945,12118275631278919659,caelum-411,1,,,,,,,
1462852496490914,,658291150562197945,12118275631278919660,caelum-302,1,,,,,,,
1462852496490988,,658291150562197945,12118275631278919661,caelum-314,1,,,,,,,
1462852496491057,,658291150562197945,12118275631278919662,caelum-105,1,,,,,,,
1462852496491119,,658291150562197945,12118275631278919663,caelum-109,1,,,,,,,
1462852496491175,,658291150562197945,12118275631278919632,caelum-406,1,,,,,,,
1462852496491238,,658291150562197945,12118275631278919633,caelum-108,1,,,,,,,
1462852496491305,,658291150562197945,12118275631278919634,caelum-106,1,,,,,,,
1462852496491370,,658291150562197945,12118275631278919635,caelum-107,1,,,,,,,
1462852497290501,,8956692044894253375,2779933283319291902,16496069401970343120,4,,,,,,,
1462852499490080,,8956692044894253375,11076474489401133675,12100425555961282419,4,,,,,,,
1462852499499330,,8956692044894253375,11076474489401133653,6650594162456571482,4,,,,,,,
1462852499604797,,8956692044894253375,11076474489401133654,3525625380688366768,4,,,,,,,
1462852499972589,,3154854710376903884,15340779024540566169,,0,,,,,,,
1462852499972591,,3154854710376903884,16161875279536240777,,0,,,,,,,
1462852499972592,,3154854710376903884,16161875279536240776,,0,,,,,,,
1462852499972592,,3154854710376903884,16161875279536240779,,0,,,,,,,
1462852499972593,,3154854710376903884,16161875279536240778,,0,,,,,,,
1462852499972593,,3154854710376903884,16161875279536240773,,0,,,,,,,
1462852499972594,,3154854710376903884,16161875279536240772,,0,,,,,,,
1462852499972594,,3154854710376903884,16161875279536240775,,0,,,,,,,
1462852499972595,,3154854710376903884,16161875279536240774,,0,,,,,,,
1462852499972595,,3154854710376903884,16161875279536240769,,0,,,,,,,
1462852499972596,,3154854710376903884,16161875279536240768,,0,,,,,,,
1462852499972596,,3154854710376903884,16161875279536240771,,0,,,,,,,
1462852499972597,,3154854710376903884,16161875279536240770,,0,,,,,,,
1462852499972598,,3154854710376903884,16161875279536240797,,0,,,,,,,
1462852499988595,,3154854710376903884,16161875279536240776,caelum-313,1,,,,,,,
1462852499988677,,3154854710376903884,16161875279536240777,caelum-308,1,,,,,,,
1462852499988767,,3154854710376903884,15340779024540566169,caelum-407,1,,,,,,,
1462852499988821,,3154854710376903884,16161875279536240779,caelum-208,1,,,,,,,
1462852499988890,,3154854710376903884,16161875279536240778,caelum-312,1,,,,,,,
1462852499988953,,3154854710376903884,16161875279536240773,caelum-212,1,,,,,,,
1462852499989043,,3154854710376903884,16161875279536240772,caelum-302,1,,,,,,,
1462852499989102,,3154854710376903884,16161875279536240775,caelum-306,1,,,,,,,
1462852499989155,,3154854710376903884,16161875279536240774,caelum-402,1,,,,,,,
1462852499989248,,3154854710376903884,16161875279536240769,caelum-304,1,,,,,,,
1462852499989315,,3154854710376903884,16161875279536240768,caelum-307,1,,,,,,,
1462852499989383,,3154854710376903884,16161875279536240771,caelum-106,1,,,,,,,
1462852499989425,,3154854710376903884,16161875279536240770,caelum-309,1,,,,,,,
1462852499989571,,3154854710376903884,16161875279536240797,caelum-211,1,,,,,,,
1462852499989627,,8956692044894253375,11076474489401133674,13934316257598409265,4,,,,,,,
1462852500792717,,8956692044894253375,11076474489401133652,5516936992123921626,4,,,,,,,
1462852502400875,,658291150562197945,12118275631278919662,4187083953675917516,4,,,,,,,
1462852502660191,,8956692044894253375,11076474489401133655,14624055332059453870,4,,,,,,,
1462852502676115,,3154854710376903884,16161875279536240779,10520257741492348593,4,,,,,,,
1462852502906310,,3154854710376903884,16161875279536240770,8302627968101153554,4,,,,,,,
1462852502952553,,658291150562197945,12118275631278919632,1935496937716850182,4,,,,,,,
1462852502969279,,658291150562197945,12118275631278919661,13399909031582883125,4,,,,,,,
1462852503030422,,3154854710376903884,16161875279536240772,906025556471407988,4,,,,,,,
1462852503240506,,3154854710376903884,16161875279536240778,1649104449920785485,4,,,,,,,
1462852503261951,,3154854710376903884,16161875279536240775,673881180831659195,4,,,,,,,
1462852503277634,,3154854710376903884,15340779024540566169,13638569270200598093,4,,,,,,,
1462852503403867,,3154854710376903884,16161875279536240769,7508694909308569378,4,,,,,,,
1462852503470260,,2825091515922786665,8677913115049782730,,0,,,,,,,
1462852503470261,,2825091515922786665,5663780739977923338,,0,,,,,,,
1462852503484998,,2825091515922786665,5663780739977923338,caelum-304,1,,,,,,,
1462852503485046,,2825091515922786665,8677913115049782730,caelum-413,1,,,,,,,
1462852503610422,,658291150562197945,12118275631278919654,2336196215452621013,4,,,,,,,
1462852503641784,,3154854710376903884,16161875279536240774,12736264107496397396,4,,,,,,,
1462852503707472,,658291150562197945,12118275631278919659,6929460803413072434,4,,,,,,,
1462852503767063,,658291150562197945,12118275631278919653,12624326921316228599,4,,,,,,,
1462852503999224,,3154854710376903884,16161875279536240777,18139937873059470368,4,,,,,,,
1462852504008905,,3154854710376903884,16161875279536240768,12919694424697511495,4,,,,,,,
1462852504045215,,3154854710376903884,16161875279536240773,579758872671168809,4,,,,,,,
1462852504083015,,658291150562197945,12118275631278919657,5810355193749600435,4,,,,,,,
1462852504854131,,658291150562197945,12118275631278919663,631485669166868797,4,,,,,,,
1462852505304117,,658291150562197945,12118275631278919633,1343007025599555599,4,,,,,,,
1462852505493594,,3154854710376903884,16161875279536240797,16820058896078234534,4,,,,,,,
1462852505756561,,658291150562197945,12118275631278919634,9956498907507961362,4,,,,,,,
1462852505831109,,658291150562197945,8261504185873394204,16503100467572658213,4,,,,,,,
1462852506111799,,8956692044894253375,11076474489401133649,13640725597942336741,4,,,,,,,
1462852506288784,,658291150562197945,12118275631278919658,17581224379964171287,4,,,,,,,
1462852506748257,,658291150562197945,12118275631278919635,6294944918638801722,4,,,,,,,
1462852506839292,,658291150562197945,12118275631278919656,2943684095604820322,4,,,,,,,
1462852506971469,,7040450164503047593,2347590439429618799,,0,,,,,,,
1462852506971470,,7040450164503047593,6276604072005432263,,0,,,,,,,
1462852506971471,,7040450164503047593,6276604072005432262,,0,,,,,,,
1462852506971472,,7040450164503047593,6276604072005432261,,0,,,,,,,
1462852506971472,,7040450164503047593,6276604072005432260,,0,,,,,,,
1462852506971473,,7040450164503047593,6276604072005432259,,0,,,,,,,
1462852506971474,,7040450164503047593,6276604072005432258,,0,,,,,,,
1462852506971474,,7040450164503047593,6276604072005432257,,0,,,,,,,
1462852506986387,,7040450164503047593,6276604072005432261,caelum-408,1,,,,,,,
1462852506986458,,7040450164503047593,6276604072005432257,caelum-409,1,,,,,,,
1462852506986501,,7040450164503047593,6276604072005432263,caelum-303,1,,,,,,,
1462852506986549,,7040450164503047593,6276604072005432258,caelum-109,1,,,,,,,
1462852506986611,,7040450164503047593,6276604072005432262,caelum-414,1,,,,,,,
1462852506986679,,7040450164503047593,2347590439429618799,caelum-407,1,,,,,,,
1462852506988350,,7040450164503047593,6276604072005432259,caelum-301,1,,,,,,,
1462852506988572,,7040450164503047593,6276604072005432260,caelum-406,1,,,,,,,
1462852508234723,,3154854710376903884,16161875279536240771,15016062328757266316,4,,,,,,,
1462852508837966,,2825091515922786665,5663780739977923338,15183146511988170459,4,,,,,,,
1462852509189647,,2825091515922786665,8677913115049782730,3090027667011811656,4,,,,,,,
1462852510473358,,16386501860507100517,11283817084468317854,,0,,,,,,,
1462852510473359,,16386501860507100517,12272217460657938738,,0,,,,,,,
1462852510473361,,16386501860507100517,12272217460657938741,,0,,,,,,,
1462852510473362,,16386501860507100517,12272217460657938740,,0,,,,,,,
1462852510473363,,16386501860507100517,12272217460657938743,,0,,,,,,,
1462852510473364,,16386501860507100517,12272217460657938742,,0,,,,,,,
1462852510473364,,16386501860507100517,12272217460657938761,,0,,,,,,,
1462852510473366,,16386501860507100517,12272217460657938760,,0,,,,,,,
1462852510473367,,16386501860507100517,12272217460657938763,,0,,,,,,,
1462852510473368,,16386501860507100517,12272217460657938762,,0,,,,,,,
1462852510473369,,16386501860507100517,12272217460657938765,,0,,,,,,,
1462852510473370,,16386501860507100517,12272217460657938764,,0,,,,,,,
1462852510473370,,16386501860507100517,12272217460657938767,,0,,,,,,,
1462852510473371,,16386501860507100517,12272217460657938766,,0,,,,,,,
1462852510473372,,16386501860507100517,12272217460657938753,,0,,,,,,,
1462852510473373,,16386501860507100517,12272217460657938752,,0,,,,,,,
1462852510494715,,16386501860507100517,12272217460657938752,caelum-404,1,,,,,,,
1462852510494875,,16386501860507100517,12272217460657938766,caelum-410,1,,,,,,,
1462852510495538,,16386501860507100517,12272217460657938764,caelum-306,1,,,,,,,
1462852510495627,,16386501860507100517,12272217460657938742,caelum-402,1,,,,,,,
1462852510495703,,16386501860507100517,12272217460657938760,caelum-108,1,,,,,,,
1462852510495759,,16386501860507100517,12272217460657938738,caelum-211,1,,,,,,,
1462852510495824,,16386501860507100517,12272217460657938765,caelum-207,1,,,,,,,
1462852510495880,,16386501860507100517,12272217460657938741,caelum-308,1,,,,,,,
1462852510496036,,16386501860507100517,12272217460657938740,caelum-412,1,,,,,,,
1462852510496149,,16386501860507100517,11283817084468317854,caelum-208,1,,,,,,,
1462852510496207,,16386501860507100517,12272217460657938753,caelum-413,1,,,,,,,
1462852510496261,,16386501860507100517,12272217460657938767,caelum-302,1,,,,,,,
1462852510496551,,16386501860507100517,12272217460657938762,caelum-105,1,,,,,,,
1462852510496607,,16386501860507100517,12272217460657938763,caelum-303,1,,,,,,,
1462852510496739,,16386501860507100517,12272217460657938761,caelum-304,1,,,,,,,
1462852510496799,,16386501860507100517,12272217460657938743,caelum-106,1,,,,,,,
1462852511764799,,7040450164503047593,2347590439429618799,13934316257598409265,4,,,,,,,
1462852512251251,,7040450164503047593,6276604072005432257,546457904509994483,4,,,,,,,
1462852512287807,,7040450164503047593,6276604072005432260,7387934833749858991,4,,,,,,,
1462852512508962,,7040450164503047593,6276604072005432262,16367970929474752510,4,,,,,,,
1462852512993459,,7040450164503047593,6276604072005432259,4832496988651714486,4,,,,,,,
1462852513427262,,7040450164503047593,6276604072005432261,4576144087033202768,4,,,,,,,
1462852513972544,,3091515098169368962,9115043405074991043,,0,,,,,,,
1462852513972546,,3091515098169368962,4074130555750996969,,0,,,,,,,
1462852513972547,,3091515098169368962,4074130555750996974,,0,,,,,,,
1462852513972547,,3091515098169368962,4074130555750996975,,0,,,,,,,
1462852513972548,,3091515098169368962,4074130555750996972,,0,,,,,,,
1462852513972548,,3091515098169368962,4074130555750996973,,0,,,,,,,
1462852513972549,,3091515098169368962,4074130555750996962,,0,,,,,,,
1462852513972550,,3091515098169368962,4074130555750996963,,0,,,,,,,
1462852513972550,,3091515098169368962,4074130555750996960,,0,,,,,,,
1462852513972551,,3091515098169368962,4074130555750996961,,0,,,,,,,
1462852513972551,,3091515098169368962,4074130555750996966,,0,,,,,,,
1462852513972552,,3091515098169368962,4074130555750996967,,0,,,,,,,
1462852513972552,,3091515098169368962,4074130555750996964,,0,,,,,,,
1462852513972553,,3091515098169368962,4074130555750996965,,0,,,,,,,
1462852513988457,,3091515098169368962,9115043405074991043,caelum-408,1,,,,,,,
1462852513988538,,3091515098169368962,4074130555750996969,caelum-407,1,,,,,,,
1462852513988581,,3091515098169368962,4074130555750996974,caelum-413,1,,,,,,,
1462852513988673,,3091515098169368962,4074130555750996975,caelum-212,1,,,,,,,
1462852513988714,,3091515098169368962,4074130555750996972,caelum-403,1,,,,,,,
1462852513988778,,3091515098169368962,4074130555750996973,caelum-302,1,,,,,,,
1462852513988844,,3091515098169368962,4074130555750996962,caelum-314,1,,,,,,,
1462852513988892,,3091515098169368962,4074130555750996963,caelum-105,1,,,,,,,
1462852513988934,,3091515098169368962,4074130555750996960,caelum-405,1,,,,,,,
1462852513988980,,3091515098169368962,4074130555750996961,caelum-414,1,,,,,,,
1462852513989030,,3091515098169368962,4074130555750996966,caelum-309,1,,,,,,,
1462852513989077,,3091515098169368962,4074130555750996967,caelum-107,1,,,,,,,
1462852513989116,,3091515098169368962,4074130555750996964,caelum-311,1,,,,,,,
1462852513989151,,3091515098169368962,4074130555750996965,caelum-313,1,,,,,,,
1462852514405168,,3154854710376903884,16161875279536240776,12833720103675768416,4,,,,,,,
1462852515755159,,7040450164503047593,6276604072005432258,631485669166868797,4,,,,,,,
1462852516175322,,3091515098169368962,4074130555750996965,14874091376838018736,4,,,,,,,
1462852516533367,,16386501860507100517,12272217460657938762,3907602656878139751,4,,,,,,,
1462852516597114,,16386501860507100517,12272217460657938742,6687346615178622198,4,,,,,,,
1462852516823007,,3091515098169368962,4074130555750996966,12728293783028477144,4,,,,,,,
1462852516845634,,16386501860507100517,12272217460657938741,10171589508132731559,4,,,,,,,
1462852516862443,,3091515098169368962,9115043405074991043,6675003903256159410,4,,,,,,,
1462852517018008,,3091515098169368962,4074130555750996961,3709103589954386985,4,,,,,,,
1462852517020643,,16386501860507100517,12272217460657938764,12050253518212834318,4,,,,,,,
1462852517104475,,3091515098169368962,4074130555750996960,10491747474756303979,4,,,,,,,
1462852517152312,,3091515098169368962,4074130555750996972,15901503622933687166,4,,,,,,,
1462852517182194,,16386501860507100517,12272217460657938738,14815203989375020064,4,,,,,,,
1462852517255808,,3091515098169368962,4074130555750996975,2709143838374946510,4,,,,,,,
1462852517354703,,16386501860507100517,12272217460657938753,813429657334564310,4,,,,,,,
1462852517411587,,3091515098169368962,4074130555750996974,15920658921306322045,4,,,,,,,
1462852517470297,,16904334638231306915,7367760777641031572,,0,,,,,,,
1462852517470299,,16904334638231306915,1635270734197562170,,0,,,,,,,
1462852517486269,,16904334638231306915,1635270734197562170,caelum-107,1,,,,,,,
1462852517486362,,16904334638231306915,7367760777641031572,caelum-409,1,,,,,,,
1462852517486426,,3091515098169368962,4074130555750996967,6294944918638801722,4,,,,,,,
1462852517529977,,3091515098169368962,4074130555750996962,11128697711582792508,4,,,,,,,
1462852517549445,,16386501860507100517,12272217460657938761,10936449061328129064,4,,,,,,,
1462852517731381,,3091515098169368962,4074130555750996969,9683815059672152493,4,,,,,,,
1462852518050530,,16386501860507100517,12272217460657938752,14146323848397550472,4,,,,,,,
1462852518127760,,16386501860507100517,11283817084468317854,10520257741492348593,4,,,,,,,
1462852518368419,,16386501860507100517,12272217460657938760,13426245571832694658,4,,,,,,,
1462852518520469,,7040450164503047593,6276604072005432263,16173726974436801248,4,,,,,,,
1462852518601070,,3091515098169368962,4074130555750996964,5687306131573677789,4,,,,,,,
1462852518842575,,16386501860507100517,12272217460657938740,7970000041601888935,4,,,,,,,
1462852519396530,,658291150562197945,12118275631278919660,1423917282767833285,4,,,,,,,
1462852519425666,,16386501860507100517,12272217460657938766,1095890505887186611,4,,,,,,,
1462852519569352,,16386501860507100517,12272217460657938743,9956498907507961362,4,,,,,,,
1462852519630280,,3091515098169368962,4074130555750996963,8298602194697029209,4,,,,,,,
1462852519748029,,16386501860507100517,12272217460657938765,3476412482455529569,4,,,,,,,
1462852520796137,,658291150562197945,12118275631278919655,6894807113933599801,4,,,,,,,
1462852520971447,,7497190700609232240,15649867132787681520,,0,,,,,,,
1462852520971448,,7497190700609232240,9473780336137912236,,0,,,,,,,
1462852520971449,,7497190700609232240,9473780336137912237,,0,,,,,,,
1462852520971450,,7497190700609232240,9473780336137912234,,0,,,,,,,
1462852520971450,,7497190700609232240,9473780336137912235,,0,,,,,,,
1462852520971451,,7497190700609232240,9473780336137912232,,0,,,,,,,
1462852520971451,,7497190700609232240,9473780336137912233,,0,,,,,,,
1462852520971452,,7497190700609232240,9473780336137912246,,0,,,,,,,
1462852520985914,,7497190700609232240,9473780336137912237,caelum-413,1,,,,,,,
1462852520985976,,7497190700609232240,9473780336137912232,caelum-408,1,,,,,,,
1462852520986017,,7497190700609232240,9473780336137912246,caelum-409,1,,,,,,,
1462852520986076,,7497190700609232240,15649867132787681520,caelum-407,1,,,,,,,
1462852520986131,,7497190700609232240,9473780336137912233,caelum-303,1,,,,,,,
1462852520986202,,7497190700609232240,9473780336137912235,caelum-109,1,,,,,,,
1462852520986264,,7497190700609232240,9473780336137912234,caelum-406,1,,,,,,,
1462852520986347,,7497190700609232240,9473780336137912236,caelum-304,1,,,,,,,
1462852521665504,,16904334638231306915,7367760777641031572,3196466423151196112,4,,,,,,,
1462852521754454,,16904334638231306915,1635270734197562170,14624055332059453870,4,,,,,,,
1462852521880700,,16386501860507100517,12272217460657938763,15445664506677349619,4,,,,,,,
1462852524472854,,12341409472329616943,6126094069946533241,,0,,,,,,,
1462852524472856,,12341409472329616943,9786492139562198902,,0,,,,,,,
1462852524472857,,12341409472329616943,9786492139562198889,,0,,,,,,,
1462852524472857,,12341409472329616943,9786492139562198888,,0,,,,,,,
1462852524472858,,12341409472329616943,9786492139562198891,,0,,,,,,,
1462852524472858,,12341409472329616943,9786492139562198890,,0,,,,,,,
1462852524472859,,12341409472329616943,9786492139562198893,,0,,,,,,,
1462852524472860,,12341409472329616943,9786492139562198892,,0,,,,,,,
1462852524472860,,12341409472329616943,9786492139562198895,,0,,,,,,,
1462852524472861,,12341409472329616943,9786492139562198894,,0,,,,,,,
1462852524472861,,12341409472329616943,9786492139562198881,,0,,,,,,,
1462852524472862,,12341409472329616943,9786492139562198880,,0,,,,,,,
1462852524472862,,12341409472329616943,9786492139562198883,,0,,,,,,,
1462852524472862,,12341409472329616943,9786492139562198882,,0,,,,,,,
1462852524472863,,12341409472329616943,9786492139562198885,,0,,,,,,,
1462852524472863,,12341409472329616943,9786492139562198884,,0,,,,,,,
1462852524487680,,12341409472329616943,9786492139562198884,caelum-108,1,,,,,,,
1462852524487775,,12341409472329616943,9786492139562198894,caelum-105,1,,,,,,,
1462852524487836,,12341409472329616943,9786492139562198895,caelum-306,1,,,,,,,
1462852524487885,,12341409472329616943,9786492139562198883,caelum-302,1,,,,,,,
1462852524487947,,12341409472329616943,9786492139562198882,caelum-107,1,,,,,,,
1462852524489868,,12341409472329616943,9786492139562198881,caelum-301,1,,,,,,,
1462852524490054,,12341409472329616943,9786492139562198880,caelum-411,1,,,,,,,
1462852524490155,,12341409472329616943,9786492139562198885,caelum-207,1,,,,,,,
1462852524490278,,12341409472329616943,9786492139562198892,caelum-212,1,,,,,,,
1462852524490365,,12341409472329616943,9786492139562198893,caelum-412,1,,,,,,,
1462852524490434,,12341409472329616943,9786492139562198890,caelum-314,1,,,,,,,
1462852524490498,,12341409472329616943,9786492139562198891,caelum-307,1,,,,,,,
1462852524490570,,12341409472329616943,9786492139562198888,caelum-414,1,,,,,,,
1462852524490645,,12341409472329616943,9786492139562198889,caelum-211,1,,,,,,,
1462852524490712,,12341409472329616943,9786492139562198902,caelum-313,1,,,,,,,
1462852524490814,,12341409472329616943,6126094069946533241,caelum-312,1,,,,,,,
1462852526327976,,7497190700609232240,9473780336137912232,12852228531220481488,4,,,,,,,
1462852526607135,,7497190700609232240,15649867132787681520,9683815059672152493,4,,,,,,,
1462852526654044,,7497190700609232240,9473780336137912233,17684532169584682059,4,,,,,,,
1462852526666368,,7497190700609232240,9473780336137912237,14166014483846167229,4,,,,,,,
1462852526912456,,7497190700609232240,9473780336137912234,17914410777549336792,4,,,,,,,
1462852527298369,,7497190700609232240,9473780336137912246,546457904509994483,4,,,,,,,
1462852527972534,,2778006423999902958,8023583402667504744,,0,,,,,,,
1462852527972536,,2778006423999902958,4237167208286827228,,0,,,,,,,
1462852527972536,,2778006423999902958,4237167208286827219,,0,,,,,,,
1462852527972537,,2778006423999902958,4237167208286827218,,0,,,,,,,
1462852527972538,,2778006423999902958,4237167208286827217,,0,,,,,,,
1462852527972538,,2778006423999902958,4237167208286827216,,0,,,,,,,
1462852527972539,,2778006423999902958,4237167208286827223,,0,,,,,,,
1462852527972539,,2778006423999902958,4237167208286827222,,0,,,,,,,
1462852527972540,,2778006423999902958,4237167208286827221,,0,,,,,,,
1462852527972540,,2778006423999902958,4237167208286827220,,0,,,,,,,
1462852527972541,,2778006423999902958,4237167208286827211,,0,,,,,,,
1462852527972541,,2778006423999902958,4237167208286827210,,0,,,,,,,
1462852527972542,,2778006423999902958,4237167208286827209,,0,,,,,,,
1462852527972542,,2778006423999902958,4237167208286827208,,0,,,,,,,
1462852527988164,,2778006423999902958,4237167208286827208,caelum-413,1,,,,,,,
1462852527988244,,2778006423999902958,4237167208286827217,caelum-408,1,,,,,,,
1462852527988329,,2778006423999902958,4237167208286827218,caelum-308,1,,,,,,,
1462852527990082,,2778006423999902958,4237167208286827222,caelum-301,1,,,,,,,
1462852527990279,,2778006423999902958,4237167208286827221,caelum-410,1,,,,,,,
1462852527990389,,2778006423999902958,4237167208286827216,caelum-304,1,,,,,,,
1462852527990494,,2778006423999902958,4237167208286827223,caelum-109,1,,,,,,,
1462852527990582,,2778006423999902958,4237167208286827210,caelum-406,1,,,,,,,
1462852527990659,,2778006423999902958,4237167208286827209,caelum-405,1,,,,,,,
1462852527990716,,2778006423999902958,4237167208286827220,caelum-106,1,,,,,,,
1462852527990787,,2778006423999902958,4237167208286827211,caelum-409,1,,,,,,,
1462852527990860,,2778006423999902958,4237167208286827219,caelum-209,1,,,,,,,
1462852527990967,,2778006423999902958,8023583402667504744,caelum-212,1,,,,,,,
1462852527991061,,2778006423999902958,4237167208286827228,caelum-402,1,,,,,,,
1462852528134540,,7497190700609232240,9473780336137912236,10936449061328129064,4,,,,,,,
1462852528961540,,12341409472329616943,9786492139562198880,6069122973187132996,4,,,,,,,
1462852529044756,,7497190700609232240,9473780336137912235,12556461376693845228,4,,,,,,,
1462852530003994,,12341409472329616943,9786492139562198894,3907602656878139751,4,,,,,,,
1462852530641498,,12341409472329616943,9786492139562198890,2158098549847998475,4,,,,,,,
1462852530724470,,12341409472329616943,6126094069946533241,4782565633263894630,4,,,,,,,
1462852530756843,,2778006423999902958,4237167208286827208,15920658921306322045,4,,,,,,,
1462852530884913,,2778006423999902958,4237167208286827211,16028208318471770020,4,,,,,,,
1462852530977672,,2778006423999902958,4237167208286827209,17773903813606055295,4,,,,,,,
1462852531085835,,2778006423999902958,4237167208286827210,11701230885693006666,4,,,,,,,
1462852531134333,,12341409472329616943,9786492139562198895,673881180831659195,4,,,,,,,
1462852531178641,,2778006423999902958,4237167208286827228,68043570226691940,4,,,,,,,
1462852531221903,,12341409472329616943,9786492139562198902,6454717725655763029,4,,,,,,,
1462852531247518,,2778006423999902958,4237167208286827218,4026302462585338931,4,,,,,,,
1462852531281068,,2778006423999902958,4237167208286827219,7796135490587258267,4,,,,,,,
1462852531327114,,12341409472329616943,9786492139562198893,12624326921316228599,4,,,,,,,
1462852531470300,,4745833667532591,2797072566826914385,,0,,,,,,,
1462852531470302,,4745833667532591,8619722903195103025,,0,,,,,,,
1462852531484873,,4745833667532591,2797072566826914385,caelum-109,1,,,,,,,
1462852531484931,,4745833667532591,8619722903195103025,caelum-406,1,,,,,,,
1462852531769665,,2778006423999902958,4237167208286827217,15363710274740827665,4,,,,,,,
1462852531818576,,12341409472329616943,9786492139562198883,14240424929944570918,4,,,,,,,
1462852531917940,,12341409472329616943,9786492139562198884,1343007025599555599,4,,,,,,,
1462852531947633,,2778006423999902958,4237167208286827223,14436358018474882319,4,,,,,,,
1462852531966836,,2778006423999902958,4237167208286827221,3689988229022514264,4,,,,,,,
1462852532051762,,12341409472329616943,9786492139562198891,12557099803895192650,4,,,,,,,
1462852532463186,,2778006423999902958,8023583402667504744,2709143838374946510,4,,,,,,,
1462852532490055,,12341409472329616943,9786492139562198885,6101731148178120558,4,,,,,,,
1462852532569544,,12341409472329616943,9786492139562198888,16367970929474752510,4,,,,,,,
1462852532843632,,12341409472329616943,9786492139562198892,1433790454915598971,4,,,,,,,
1462852533450243,,12341409472329616943,9786492139562198882,15555879016008479500,4,,,,,,,
1462852533468384,,2778006423999902958,4237167208286827222,980052016105123682,4,,,,,,,
1462852533693355,,12341409472329616943,9786492139562198889,3449066965084922967,4,,,,,,,
1462852534971410,,17521323764149452221,17009098893879472135,,0,,,,,,,
1462852534971412,,17521323764149452221,7179622601553890139,,0,,,,,,,
1462852534971415,,17521323764149452221,7179622601553890136,,0,,,,,,,
1462852534971416,,17521323764149452221,7179622601553890137,,0,,,,,,,
1462852534971417,,17521323764149452221,7179622601553890142,,0,,,,,,,
1462852534971418,,17521323764149452221,7179622601553890143,,0,,,,,,,
1462852534971418,,17521323764149452221,7179622601553890140,,0,,,,,,,
1462852534971419,,17521323764149452221,7179622601553890141,,0,,,,,,,
1462852534986041,,17521323764149452221,7179622601553890139,caelum-413,1,,,,,,,
1462852534986110,,17521323764149452221,7179622601553890142,caelum-407,1,,,,,,,
1462852534986153,,17521323764149452221,7179622601553890143,caelum-414,1,,,,,,,
1462852534986218,,17521323764149452221,7179622601553890136,caelum-408,1,,,,,,,
1462852534986300,,17521323764149452221,17009098893879472135,caelum-409,1,,,,,,,
1462852534988712,,17521323764149452221,7179622601553890137,caelum-301,1,,,,,,,
1462852534988898,,17521323764149452221,7179622601553890140,caelum-106,1,,,,,,,
1462852534989067,,17521323764149452221,7179622601553890141,caelum-303,1,,,,,,,
1462852536560109,,4745833667532591,2797072566826914385,7529481235092036757,4,,,,,,,
1462852536732508,,4745833667532591,8619722903195103025,18300367818565109113,4,,,,,,,
1462852537221658,,3091515098169368962,4074130555750996973,10174627833632209238,4,,,,,,,
1462852538473040,,18057171048307457013,14558143699260970955,,0,,,,,,,
1462852538473042,,18057171048307457013,16997224806366895552,,0,,,,,,,
1462852538473043,,18057171048307457013,16997224806366895553,,0,,,,,,,
1462852538473044,,18057171048307457013,16997224806366895554,,0,,,,,,,
1462852538473044,,18057171048307457013,16997224806366895555,,0,,,,,,,
1462852538473045,,18057171048307457013,16997224806366895580,,0,,,,,,,
1462852538473045,,18057171048307457013,16997224806366895581,,0,,,,,,,
1462852538473046,,18057171048307457013,16997224806366895582,,0,,,,,,,
1462852538473047,,18057171048307457013,16997224806366895583,,0,,,,,,,
1462852538473047,,18057171048307457013,16997224806366895576,,0,,,,,,,
1462852538473048,,18057171048307457013,16997224806366895577,,0,,,,,,,
1462852538473048,,18057171048307457013,16997224806366895578,,0,,,,,,,
1462852538473049,,18057171048307457013,16997224806366895579,,0,,,,,,,
1462852538473049,,18057171048307457013,16997224806366895572,,0,,,,,,,
1462852538473050,,18057171048307457013,16997224806366895573,,0,,,,,,,
1462852538473050,,18057171048307457013,16997224806366895574,,0,,,,,,,
1462852538490168,,18057171048307457013,16997224806366895583,caelum-301,1,,,,,,,
1462852538490489,,18057171048307457013,16997224806366895555,caelum-411,1,,,,,,,
1462852538490594,,18057171048307457013,16997224806366895582,caelum-314,1,,,,,,,
1462852538490821,,18057171048307457013,16997224806366895554,caelum-207,1,,,,,,,
1462852538490899,,18057171048307457013,16997224806366895580,caelum-105,1,,,,,,,
1462852538490966,,18057171048307457013,16997224806366895573,caelum-109,1,,,,,,,
1462852538491041,,18057171048307457013,16997224806366895579,caelum-211,1,,,,,,,
1462852538491110,,18057171048307457013,16997224806366895581,caelum-414,1,,,,,,,
1462852538491202,,18057171048307457013,16997224806366895576,caelum-107,1,,,,,,,
1462852538491283,,18057171048307457013,16997224806366895577,caelum-404,1,,,,,,,
1462852538491359,,18057171048307457013,16997224806366895552,caelum-108,1,,,,,,,
1462852538491421,,18057171048307457013,16997224806366895553,caelum-412,1,,,,,,,
1462852538491494,,18057171048307457013,16997224806366895574,caelum-212,1,,,,,,,
1462852538491542,,18057171048307457013,16997224806366895578,caelum-302,1,,,,,,,
1462852538491637,,18057171048307457013,14558143699260970955,caelum-304,1,,,,,,,
1462852538491706,,18057171048307457013,16997224806366895572,caelum-309,1,,,,,,,
1462852538617524,,16386501860507100517,12272217460657938767,13371593039931570048,4,,,,,,,
1462852540004122,,17521323764149452221,17009098893879472135,3196466423151196112,4,,,,,,,
1462852540269730,,17521323764149452221,7179622601553890136,3544643591758153699,4,,,,,,,
1462852540821677,,17521323764149452221,7179622601553890142,17707286483351613960,4,,,,,,,
1462852541973233,,17305768838600314547,15216866461578779115,,0,,,,,,,
1462852541973237,,17305768838600314547,15395868702262267114,,0,,,,,,,
1462852541973238,,17305768838600314547,15395868702262267113,,0,,,,,,,
1462852541973239,,17305768838600314547,15395868702262267112,,0,,,,,,,
1462852541973240,,17305768838600314547,15395868702262267119,,0,,,,,,,
1462852541973241,,17305768838600314547,15395868702262267118,,0,,,,,,,
1462852541973242,,17305768838600314547,15395868702262267117,,0,,,,,,,
1462852541973243,,17305768838600314547,15395868702262267116,,0,,,,,,,
1462852541973244,,17305768838600314547,15395868702262267123,,0,,,,,,,
1462852541973245,,17305768838600314547,15395868702262267122,,0,,,,,,,
1462852541973246,,17305768838600314547,15395868702262267121,,0,,,,,,,
1462852541973247,,17305768838600314547,15395868702262267120,,0,,,,,,,
1462852541973248,,17305768838600314547,15395868702262267127,,0,,,,,,,
1462852541973248,,17305768838600314547,15395868702262267126,,0,,,,,,,
1462852542001159,,17305768838600314547,15395868702262267114,caelum-303,1,,,,,,,
1462852542001233,,17305768838600314547,15395868702262267126,caelum-106,1,,,,,,,
1462852542001349,,17305768838600314547,15395868702262267116,caelum-409,1,,,,,,,
1462852542001430,,17305768838600314547,15395868702262267118,caelum-414,1,,,,,,,
1462852542001516,,17305768838600314547,15395868702262267122,caelum-307,1,,,,,,,
1462852542001606,,17305768838600314547,15395868702262267123,caelum-405,1,,,,,,,
1462852542001694,,17305768838600314547,15395868702262267117,caelum-308,1,,,,,,,
1462852542001759,,17305768838600314547,15395868702262267112,caelum-208,1,,,,,,,
1462852542001843,,17305768838600314547,15395868702262267127,caelum-306,1,,,,,,,
1462852542001910,,17305768838600314547,15395868702262267121,caelum-109,1,,,,,,,
1462852542002027,,17305768838600314547,15395868702262267119,caelum-406,1,,,,,,,
1462852542002102,,17305768838600314547,15395868702262267120,caelum-313,1,,,,,,,
1462852542002192,,17305768838600314547,15395868702262267113,caelum-407,1,,,,,,,
1462852542002334,,17305768838600314547,15216866461578779115,caelum-402,1,,,,,,,
1462852542002400,,17521323764149452221,7179622601553890139,12100425555961282419,4,,,,,,,
1462852542032560,,17521323764149452221,7179622601553890140,9956498907507961362,4,,,,,,,
1462852542767802,,17521323764149452221,7179622601553890141,16496069401970343120,4,,,,,,,
1462852543701865,,18057171048307457013,14558143699260970955,15183146511988170459,4,,,,,,,
1462852544416997,,2778006423999902958,4237167208286827216,226256904578572410,4,,,,,,,
1462852544623740,,18057171048307457013,16997224806366895579,6894807113933599801,4,,,,,,,
1462852544686040,,18057171048307457013,16997224806366895578,13244780307630691482,4,,,,,,,
1462852544940377,,17305768838600314547,15395868702262267123,18264514031758212833,4,,,,,,,
1462852544945808,,17305768838600314547,15216866461578779115,7358453616137503730,4,,,,,,,
1462852544955566,,17305768838600314547,15395868702262267112,6317997230571526151,4,,,,,,,
1462852544960727,,17305768838600314547,15395868702262267120,5863318671790056353,4,,,,,,,
1462852544961108,,17305768838600314547,15395868702262267117,4026302462585338931,4,,,,,,,
1462852545046785,,17305768838600314547,15395868702262267127,1671513869473439811,4,,,,,,,
1462852545175574,,18057171048307457013,16997224806366895577,10271788448207049051,4,,,,,,,
1462852545278610,,17305768838600314547,15395868702262267114,12035102918045360124,4,,,,,,,
1462852545383935,,17305768838600314547,15395868702262267116,3196466423151196112,4,,,,,,,
1462852545470494,,12392232382308974738,6848664463873881981,,0,,,,,,,
1462852545470497,,12392232382308974738,13142504389050794959,,0,,,,,,,
1462852545492022,,12392232382308974738,13142504389050794959,caelum-409,1,,,,,,,
1462852545492105,,12392232382308974738,6848664463873881981,caelum-303,1,,,,,,,
1462852545645490,,17305768838600314547,15395868702262267119,9424809748706221667,4,,,,,,,
1462852545658578,,17305768838600314547,15395868702262267122,3816781413896891505,4,,,,,,,
1462852545835418,,18057171048307457013,16997224806366895555,14379464642675651136,4,,,,,,,
1462852546021883,,18057171048307457013,16997224806366895553,4219938617272773989,4,,,,,,,
1462852546078154,,17305768838600314547,15395868702262267126,12315367188029495522,4,,,,,,,
1462852546429889,,18057171048307457013,16997224806366895573,631485669166868797,4,,,,,,,
1462852546481165,,17305768838600314547,15395868702262267113,11032170776854082651,4,,,,,,,
1462852546581272,,18057171048307457013,16997224806366895552,12699185514858882841,4,,,,,,,
1462852546649503,,18057171048307457013,16997224806366895582,13399909031582883125,4,,,,,,,
1462852546690049,,17305768838600314547,15395868702262267121,7529481235092036757,4,,,,,,,
1462852547229754,,18057171048307457013,16997224806366895572,2241597724501598327,4,,,,,,,
1462852547551282,,18057171048307457013,16997224806366895574,601339416012259820,4,,,,,,,
1462852547616924,,18057171048307457013,16997224806366895583,15474683841843320636,4,,,,,,,
1462852547792518,,2778006423999902958,4237167208286827220,9935764497571253468,4,,,,,,,
1462852548575163,,12341409472329616943,9786492139562198881,18051836192190349360,4,,,,,,,
1462852548971575,,2864404467863386942,4999948017228427996,,0,,,,,,,
1462852548971576,,2864404467863386942,6541991942859345812,,0,,,,,,,
1462852548971577,,2864404467863386942,6541991942859345813,,0,,,,,,,
1462852548971578,,2864404467863386942,6541991942859345810,,0,,,,,,,
1462852548971581,,2864404467863386942,6541991942859345811,,0,,,,,,,
1462852548971581,,2864404467863386942,6541991942859345808,,0,,,,,,,
1462852548971582,,2864404467863386942,6541991942859345809,,0,,,,,,,
1462852548971583,,2864404467863386942,6541991942859345822,,0,,,,,,,
1462852548987838,,2864404467863386942,6541991942859345812,caelum-107,1,,,,,,,
1462852548987912,,2864404467863386942,6541991942859345809,caelum-303,1,,,,,,,
1462852548987998,,2864404467863386942,6541991942859345808,caelum-304,1,,,,,,,
1462852548988076,,2864404467863386942,6541991942859345810,caelum-406,1,,,,,,,
1462852548988509,,2864404467863386942,6541991942859345813,caelum-407,1,,,,,,,
1462852548988578,,2864404467863386942,4999948017228427996,caelum-106,1,,,,,,,
1462852548988636,,2864404467863386942,6541991942859345822,caelum-408,1,,,,,,,
1462852548988695,,2864404467863386942,6541991942859345811,caelum-109,1,,,,,,,
1462852549264178,,18057171048307457013,16997224806366895580,2878122566593131855,4,,,,,,,
1462852549549017,,18057171048307457013,16997224806366895581,15019906346207066326,4,,,,,,,
1462852550256630,,18057171048307457013,16997224806366895554,6101731148178120558,4,,,,,,,
1462852550279172,,12392232382308974738,13142504389050794959,546457904509994483,4,,,,,,,
1462852550783670,,17521323764149452221,7179622601553890137,4832496988651714486,4,,,,,,,
1462852551383158,,12392232382308974738,6848664463873881981,15445664506677349619,4,,,,,,,
1462852552473254,,12330470289021847591,9537680186811624447,,0,,,,,,,
1462852552473256,,12330470289021847591,3090890697729420437,,0,,,,,,,
1462852552473257,,12330470289021847591,3090890697729420436,,0,,,,,,,
1462852552473258,,12330470289021847591,3090890697729420439,,0,,,,,,,
1462852552473258,,12330470289021847591,3090890697729420438,,0,,,,,,,
1462852552473259,,12330470289021847591,3090890697729420433,,0,,,,,,,
1462852552473260,,12330470289021847591,3090890697729420432,,0,,,,,,,
1462852552473260,,12330470289021847591,3090890697729420435,,0,,,,,,,
1462852552473261,,12330470289021847591,3090890697729420434,,0,,,,,,,
1462852552473261,,12330470289021847591,3090890697729420429,,0,,,,,,,
1462852552473262,,12330470289021847591,3090890697729420428,,0,,,,,,,
1462852552473262,,12330470289021847591,3090890697729420431,,0,,,,,,,
1462852552473263,,12330470289021847591,3090890697729420430,,0,,,,,,,
1462852552473263,,12330470289021847591,3090890697729420425,,0,,,,,,,
1462852552473264,,12330470289021847591,3090890697729420424,,0,,,,,,,
1462852552473265,,12330470289021847591,3090890697729420427,,0,,,,,,,
1462852552489738,,12330470289021847591,3090890697729420432,caelum-307,1,,,,,,,
1462852552489837,,12330470289021847591,3090890697729420430,caelum-211,1,,,,,,,
1462852552489886,,12330470289021847591,3090890697729420429,caelum-209,1,,,,,,,
1462852552489930,,12330470289021847591,3090890697729420427,caelum-412,1,,,,,,,
1462852552489988,,12330470289021847591,3090890697729420435,caelum-313,1,,,,,,,
1462852552490040,,12330470289021847591,3090890697729420431,caelum-212,1,,,,,,,
1462852552490097,,12330470289021847591,3090890697729420428,caelum-410,1,,,,,,,
1462852552492831,,12330470289021847591,3090890697729420424,caelum-301,1,,,,,,,
1462852552493055,,12330470289021847591,3090890697729420439,caelum-302,1,,,,,,,
1462852552493148,,12330470289021847591,3090890697729420436,caelum-106,1,,,,,,,
1462852552493268,,12330470289021847591,3090890697729420433,caelum-309,1,,,,,,,
1462852552493398,,12330470289021847591,3090890697729420434,caelum-108,1,,,,,,,
1462852552493491,,12330470289021847591,3090890697729420438,caelum-303,1,,,,,,,
1462852552493679,,12330470289021847591,9537680186811624447,caelum-107,1,,,,,,,
1462852552493774,,12330470289021847591,3090890697729420437,caelum-413,1,,,,,,,
1462852552493833,,12330470289021847591,3090890697729420425,caelum-409,1,,,,,,,
1462852554234019,,2864404467863386942,6541991942859345813,3621118255120279422,4,,,,,,,
1462852554352637,,2864404467863386942,6541991942859345811,12556461376693845228,4,,,,,,,
1462852554463872,,2864404467863386942,6541991942859345822,7756253172495085725,4,,,,,,,
1462852554566044,,17305768838600314547,15395868702262267118,17630636331982742001,4,,,,,,,
1462852555445687,,2864404467863386942,6541991942859345808,16783572837087526016,4,,,,,,,
1462852555787758,,17521323764149452221,7179622601553890143,12089487372414072579,4,,,,,,,
1462852555972824,,2556761609996546208,8974844619141128280,,0,,,,,,,
1462852555972827,,2556761609996546208,15218713392346839798,,0,,,,,,,
1462852555972829,,2556761609996546208,15218713392346839799,,0,,,,,,,
1462852555972830,,2556761609996546208,15218713392346839796,,0,,,,,,,
1462852555972831,,2556761609996546208,15218713392346839797,,0,,,,,,,
1462852555972832,,2556761609996546208,15218713392346839794,,0,,,,,,,
1462852555972834,,2556761609996546208,15218713392346839795,,0,,,,,,,
1462852555972835,,2556761609996546208,15218713392346839792,,0,,,,,,,
1462852555972836,,2556761609996546208,15218713392346839793,,0,,,,,,,
1462852555972836,,2556761609996546208,15218713392346839790,,0,,,,,,,
1462852555972837,,2556761609996546208,15218713392346839791,,0,,,,,,,
1462852555972837,,2556761609996546208,15218713392346839788,,0,,,,,,,
1462852555972838,,2556761609996546208,15218713392346839789,,0,,,,,,,
1462852555972838,,2556761609996546208,15218713392346839786,,0,,,,,,,
1462852555990458,,2556761609996546208,15218713392346839791,caelum-414,1,,,,,,,
1462852555990570,,2556761609996546208,8974844619141128280,caelum-208,1,,,,,,,
1462852555990656,,2556761609996546208,15218713392346839789,caelum-302,1,,,,,,,
1462852555990724,,2556761609996546208,15218713392346839798,caelum-411,1,,,,,,,
1462852555990768,,2556761609996546208,15218713392346839793,caelum-311,1,,,,,,,
1462852555990808,,2556761609996546208,15218713392346839794,caelum-308,1,,,,,,,
1462852555990847,,2556761609996546208,15218713392346839799,caelum-312,1,,,,,,,
1462852555990887,,2556761609996546208,15218713392346839788,caelum-410,1,,,,,,,
1462852555990964,,2556761609996546208,15218713392346839792,caelum-210,1,,,,,,,
1462852555991020,,2556761609996546208,15218713392346839797,caelum-105,1,,,,,,,
1462852555991061,,2556761609996546208,15218713392346839790,caelum-403,1,,,,,,,
1462852555991133,,2556761609996546208,15218713392346839795,caelum-404,1,,,,,,,
1462852555991175,,2556761609996546208,15218713392346839796,caelum-304,1,,,,,,,
1462852555991261,,2556761609996546208,15218713392346839786,caelum-407,1,,,,,,,
1462852558246850,,12330470289021847591,3090890697729420428,4289373668753520678,4,,,,,,,
1462852559015666,,2556761609996546208,15218713392346839798,13231403498925045779,4,,,,,,,
1462852559043636,,12330470289021847591,3090890697729420432,8429845321832454827,4,,,,,,,
1462852559060452,,12330470289021847591,3090890697729420435,6454717725655763029,4,,,,,,,
1462852559085691,,12330470289021847591,3090890697729420425,16235727350845828058,4,,,,,,,
1462852559107368,,12330470289021847591,3090890697729420433,10703335897342749710,4,,,,,,,
1462852559160399,,2556761609996546208,15218713392346839795,6067198176019562895,4,,,,,,,
1462852559191289,,2556761609996546208,15218713392346839791,11795577909610116775,4,,,,,,,
1462852559203170,,2556761609996546208,15218713392346839793,3955860872359718204,4,,,,,,,
1462852559301509,,12330470289021847591,3090890697729420434,7326067751865642467,4,,,,,,,
1462852559354235,,12330470289021847591,3090890697729420429,13434545754993672051,4,,,,,,,
1462852559422845,,12330470289021847591,3090890697729420437,9324168985851003647,4,,,,,,,
1462852559470484,,15351976261378458566,10438183171731574902,,0,,,,,,,
1462852559470488,,15351976261378458566,11353774981996185326,,0,,,,,,,
1462852559486363,,15351976261378458566,11353774981996185326,caelum-109,1,,,,,,,
1462852559486423,,15351976261378458566,10438183171731574902,caelum-408,1,,,,,,,
1462852559560719,,2556761609996546208,15218713392346839788,13637687175120791482,4,,,,,,,
1462852559583442,,12330470289021847591,3090890697729420430,16820058896078234534,4,,,,,,,
1462852559628516,,2556761609996546208,8974844619141128280,2084348875902046608,4,,,,,,,
1462852559634131,,2556761609996546208,15218713392346839786,11032170776854082651,4,,,,,,,
1462852559655505,,2556761609996546208,15218713392346839794,18139937873059470368,4,,,,,,,
1462852559726893,,2556761609996546208,15218713392346839796,7199876940601124209,4,,,,,,,
1462852559860827,,2556761609996546208,15218713392346839789,4424664211040055073,4,,,,,,,
1462852560154370,,12330470289021847591,3090890697729420431,579758872671168809,4,,,,,,,
1462852560382984,,12330470289021847591,3090890697729420427,12688132031401237076,4,,,,,,,
1462852560560963,,2556761609996546208,15218713392346839797,1756796827128310050,4,,,,,,,
1462852560770684,,2864404467863386942,6541991942859345812,14624055332059453870,4,,,,,,,
1462852561099242,,12330470289021847591,3090890697729420424,9702785927260120510,4,,,,,,,
1462852561953804,,2864404467863386942,6541991942859345809,16503100467572658213,4,,,,,,,
1462852562114659,,2864404467863386942,4999948017228427996,15016062328757266316,4,,,,,,,
1462852562544538,,2556761609996546208,15218713392346839792,15767596035489170638,4,,,,,,,
1462852562971623,,16287995441126677989,1912305336058923597,,0,,,,,,,
1462852562971625,,16287995441126677989,1218882777520783968,,0,,,,,,,
1462852562971625,,16287995441126677989,1218882777520783975,,0,,,,,,,
1462852562971626,,16287995441126677989,1218882777520783974,,0,,,,,,,
1462852562971628,,16287995441126677989,1218882777520783973,,0,,,,,,,
1462852562971629,,16287995441126677989,1218882777520783972,,0,,,,,,,
1462852562971630,,16287995441126677989,1218882777520783995,,0,,,,,,,
1462852562971630,,16287995441126677989,1218882777520783994,,0,,,,,,,
1462852562987921,,16287995441126677989,1218882777520783994,caelum-108,1,,,,,,,
1462852562987974,,16287995441126677989,1218882777520783974,caelum-302,1,,,,,,,
1462852562988070,,16287995441126677989,1912305336058923597,caelum-406,1,,,,,,,
1462852562988140,,16287995441126677989,1218882777520783975,caelum-413,1,,,,,,,
1462852562990043,,16287995441126677989,1218882777520783973,caelum-301,1,,,,,,,
1462852562990264,,16287995441126677989,1218882777520783968,caelum-304,1,,,,,,,
1462852562990402,,16287995441126677989,1218882777520783972,caelum-107,1,,,,,,,
1462852562990528,,16287995441126677989,1218882777520783995,caelum-409,1,,,,,,,
1462852563733160,,18057171048307457013,16997224806366895576,6294944918638801722,4,,,,,,,
1462852564576386,,12330470289021847591,3090890697729420436,12315367188029495522,4,,,,,,,
1462852565092114,,15351976261378458566,11353774981996185326,12556461376693845228,4,,,,,,,
1462852565503784,,15351976261378458566,10438183171731574902,13697784430342219370,4,,,,,,,
1462852566473375,,5734393287595733107,5088315592781896633,,0,,,,,,,
1462852566473378,,5734393287595733107,6344925905603588632,,0,,,,,,,
1462852566473383,,5734393287595733107,6344925905603588635,,0,,,,,,,
1462852566473383,,5734393287595733107,6344925905603588634,,0,,,,,,,
1462852566473384,,5734393287595733107,6344925905603588637,,0,,,,,,,
1462852566473385,,5734393287595733107,6344925905603588636,,0,,,,,,,
1462852566473385,,5734393287595733107,6344925905603588639,,0,,,,,,,
1462852566473386,,5734393287595733107,6344925905603588638,,0,,,,,,,
1462852566473387,,5734393287595733107,6344925905603588641,,0,,,,,,,
1462852566473387,,5734393287595733107,6344925905603588640,,0,,,,,,,
1462852566473388,,5734393287595733107,6344925905603588643,,0,,,,,,,
1462852566473388,,5734393287595733107,6344925905603588642,,0,,,,,,,
1462852566473389,,5734393287595733107,6344925905603588645,,0,,,,,,,
1462852566473389,,5734393287595733107,6344925905603588644,,0,,,,,,,
1462852566473390,,5734393287595733107,6344925905603588647,,0,,,,,,,
1462852566473391,,5734393287595733107,6344925905603588646,,0,,,,,,,
1462852566490835,,5734393287595733107,5088315592781896633,caelum-410,1,,,,,,,
1462852566490906,,5734393287595733107,6344925905603588635,caelum-414,1,,,,,,,
1462852566490988,,5734393287595733107,6344925905603588641,caelum-211,1,,,,,,,
1462852566491091,,5734393287595733107,6344925905603588642,caelum-303,1,,,,,,,
1462852566491138,,5734393287595733107,6344925905603588646,caelum-408,1,,,,,,,
1462852566491193,,5734393287595733107,6344925905603588644,caelum-407,1,,,,,,,
1462852566491264,,5734393287595733107,6344925905603588637,caelum-411,1,,,,,,,
1462852566491323,,5734393287595733107,6344925905603588634,caelum-212,1,,,,,,,
1462852566491381,,5734393287595733107,6344925905603588640,caelum-409,1,,,,,,,
1462852566491437,,5734393287595733107,6344925905603588645,caelum-105,1,,,,,,,
1462852566491518,,5734393287595733107,6344925905603588643,caelum-207,1,,,,,,,
1462852566491582,,5734393287595733107,6344925905603588639,caelum-412,1,,,,,,,
1462852566491639,,5734393287595733107,6344925905603588638,caelum-208,1,,,,,,,
1462852566491697,,5734393287595733107,6344925905603588636,caelum-106,1,,,,,,,
1462852566491750,,5734393287595733107,6344925905603588647,caelum-109,1,,,,,,,
1462852566491806,,5734393287595733107,6344925905603588632,caelum-306,1,,,,,,,
1462852568051385,,16287995441126677989,1218882777520783995,8003244741896000127,4,,,,,,,
1462852568192814,,16287995441126677989,1912305336058923597,10565564586520261190,4,,,,,,,
1462852568749238,,16287995441126677989,1218882777520783975,3090027667011811656,4,,,,,,,
1462852568951857,,16287995441126677989,1218882777520783968,5695274506103495223,4,,,,,,,
1462852569395114,,2864404467863386942,6541991942859345810,18300367818565109113,4,,,,,,,
1462852569581808,,16287995441126677989,1218882777520783973,5810355193749600435,4,,,,,,,
1462852569968503,,16287995441126677989,1218882777520783974,906025556471407988,4,,,,,,,
1462852569972770,,17372440537685544645,1730543424120240063,,0,,,,,,,
1462852569972772,,17372440537685544645,17621458129913369069,,0,,,,,,,
1462852569972773,,17372440537685544645,17621458129913369068,,0,,,,,,,
1462852569972774,,17372440537685544645,17621458129913369067,,0,,,,,,,
1462852569972775,,17372440537685544645,17621458129913369066,,0,,,,,,,
1462852569972775,,17372440537685544645,17621458129913369065,,0,,,,,,,
1462852569972776,,17372440537685544645,17621458129913369064,,0,,,,,,,
1462852569972776,,17372440537685544645,17621458129913369079,,0,,,,,,,
1462852569972777,,17372440537685544645,17621458129913369078,,0,,,,,,,
1462852569972777,,17372440537685544645,17621458129913369077,,0,,,,,,,
1462852569972778,,17372440537685544645,17621458129913369076,,0,,,,,,,
1462852569972778,,17372440537685544645,17621458129913369075,,0,,,,,,,
1462852569972779,,17372440537685544645,17621458129913369074,,0,,,,,,,
1462852569972779,,17372440537685544645,17621458129913369073,,0,,,,,,,
1462852570001218,,17372440537685544645,17621458129913369064,caelum-308,1,,,,,,,
1462852570001293,,17372440537685544645,17621458129913369066,caelum-303,1,,,,,,,
1462852570001355,,17372440537685544645,17621458129913369078,caelum-311,1,,,,,,,
1462852570001400,,17372440537685544645,17621458129913369067,caelum-302,1,,,,,,,
1462852570001479,,17372440537685544645,17621458129913369068,caelum-404,1,,,,,,,
1462852570001538,,17372440537685544645,17621458129913369079,caelum-410,1,,,,,,,
1462852570001681,,17372440537685544645,1730543424120240063,caelum-409,1,,,,,,,
1462852570001779,,17372440537685544645,17621458129913369075,caelum-413,1,,,,,,,
1462852570001852,,17372440537685544645,17621458129913369073,caelum-207,1,,,,,,,
1462852570001896,,17372440537685544645,17621458129913369077,caelum-107,1,,,,,,,
1462852570001953,,17372440537685544645,17621458129913369076,caelum-412,1,,,,,,,
1462852570002013,,17372440537685544645,17621458129913369065,caelum-402,1,,,,,,,
1462852570002064,,17372440537685544645,17621458129913369074,caelum-209,1,,,,,,,
1462852570002568,,17372440537685544645,17621458129913369069,caelum-304,1,,,,,,,
1462852570276492,,5734393287595733107,6344925905603588640,14706926863855190454,4,,,,,,,
1462852570361594,,16287995441126677989,1218882777520783972,942064182724729618,4,,,,,,,
1462852571704336,,5734393287595733107,6344925905603588632,18292089356017901116,4,,,,,,,
1462852571814089,,5734393287595733107,6344925905603588647,7529481235092036757,4,,,,,,,
1462852571907419,,16287995441126677989,1218882777520783994,7326067751865642467,4,,,,,,,
1462852572229649,,5734393287595733107,6344925905603588635,13919973464436229250,4,,,,,,,
1462852572420036,,5734393287595733107,6344925905603588646,2082520723073042301,4,,,,,,,
1462852572508015,,5734393287595733107,6344925905603588645,2878122566593131855,4,,,,,,,
1462852572605077,,17372440537685544645,17621458129913369069,2781100962266056432,4,,,,,,,
1462852572865826,,2556761609996546208,15218713392346839799,15777792779537549541,4,,,,,,,
1462852572885333,,17372440537685544645,17621458129913369064,10171589508132731559,4,,,,,,,
1462852572924171,,5734393287595733107,6344925905603588638,2084348875902046608,4,,,,,,,
1462852572935589,,2556761609996546208,15218713392346839790,16148670431741156506,4,,,,,,,
1462852572987506,,17372440537685544645,17621458129913369077,14624055332059453870,4,,,,,,,
1462852573113269,,5734393287595733107,6344925905603588636,15349490466521306202,4,,,,,,,
1462852573113781,,5734393287595733107,6344925905603588644,11032170776854082651,4,,,,,,,
1462852573134782,,17372440537685544645,17621458129913369066,12035102918045360124,4,,,,,,,
1462852573249411,,17372440537685544645,1730543424120240063,546457904509994483,4,,,,,,,
1462852573381902,,17372440537685544645,17621458129913369068,14146323848397550472,4,,,,,,,
1462852573389088,,17372440537685544645,17621458129913369065,9840361996135650556,4,,,,,,,
1462852573411131,,17372440537685544645,17621458129913369079,1095890505887186611,4,,,,,,,
1462852573463147,,17372440537685544645,17621458129913369075,14166014483846167229,4,,,,,,,
1462852573470404,,9047910525216754445,1199714581556069253,,0,,,,,,,
1462852573470406,,9047910525216754445,768850524025493949,,0,,,,,,,
1462852573488724,,9047910525216754445,768850524025493949,caelum-413,1,,,,,,,
1462852573488789,,9047910525216754445,1199714581556069253,caelum-414,1,,,,,,,
1462852573502082,,17372440537685544645,17621458129913369078,16777902517947616556,4,,,,,,,
1462852573859662,,17372440537685544645,17621458129913369074,1337437935416403844,4,,,,,,,
1462852573887074,,17372440537685544645,17621458129913369067,1423917282767833285,4,,,,,,,
1462852574299193,,17372440537685544645,17621458129913369076,18171599951422081771,4,,,,,,,
1462852574317575,,5734393287595733107,6344925905603588641,16820058896078234534,4,,,,,,,
1462852574334777,,5734393287595733107,6344925905603588639,12624326921316228599,4,,,,,,,
1462852574340688,,5734393287595733107,6344925905603588634,1433790454915598971,4,,,,,,,
1462852574423618,,17372440537685544645,17621458129913369073,10221724907133791485,4,,,,,,,
1462852576355776,,12330470289021847591,9537680186811624447,15555879016008479500,4,,,,,,,
1462852576971654,,123585986724282328,8585863564265926660,,0,,,,,,,
1462852576971658,,123585986724282328,7824107877323897295,,0,,,,,,,
1462852576971659,,123585986724282328,7824107877323897280,,0,,,,,,,
1462852576971660,,123585986724282328,7824107877323897281,,0,,,,,,,
1462852576971661,,123585986724282328,7824107877323897282,,0,,,,,,,
1462852576971662,,123585986724282328,7824107877323897283,,0,,,,,,,
1462852576971662,,123585986724282328,7824107877323897284,,0,,,,,,,
1462852576971663,,123585986724282328,7824107877323897285,,0,,,,,,,
1462852576988517,,123585986724282328,7824107877323897281,caelum-107,1,,,,,,,
1462852576988590,,123585986724282328,7824107877323897295,caelum-406,1,,,,,,,
1462852576988654,,123585986724282328,7824107877323897285,caelum-407,1,,,,,,,
1462852576988730,,123585986724282328,8585863564265926660,caelum-409,1,,,,,,,
1462852576988783,,123585986724282328,7824107877323897282,caelum-108,1,,,,,,,
1462852576988834,,123585986724282328,7824107877323897284,caelum-414,1,,,,,,,
1462852576988882,,123585986724282328,7824107877323897280,caelum-408,1,,,,,,,
1462852576988954,,123585986724282328,7824107877323897283,caelum-304,1,,,,,,,
1462852577421721,,9047910525216754445,1199714581556069253,17630636331982742001,4,,,,,,,
1462852578203699,,9047910525216754445,768850524025493949,12452940195817875520,4,,,,,,,
1462852580473247,,209027542153168787,15684759067055216534,,0,,,,,,,
1462852580473249,,209027542153168787,9197207696401510056,,0,,,,,,,
1462852580473251,,209027542153168787,9197207696401510057,,0,,,,,,,
1462852580473251,,209027542153168787,9197207696401510058,,0,,,,,,,
1462852580473252,,209027542153168787,9197207696401510059,,0,,,,,,,
1462852580473254,,209027542153168787,9197207696401510052,,0,,,,,,,
1462852580473254,,209027542153168787,9197207696401510053,,0,,,,,,,
1462852580473255,,209027542153168787,9197207696401510054,,0,,,,,,,
1462852580473255,,209027542153168787,9197207696401510055,,0,,,,,,,
1462852580473256,,209027542153168787,9197207696401510048,,0,,,,,,,
1462852580473257,,209027542153168787,9197207696401510049,,0,,,,,,,
1462852580473257,,209027542153168787,9197207696401510050,,0,,,,,,,
1462852580473258,,209027542153168787,9197207696401510051,,0,,,,,,,
1462852580473258,,209027542153168787,9197207696401510076,,0,,,,,,,
1462852580473259,,209027542153168787,9197207696401510077,,0,,,,,,,
1462852580473260,,209027542153168787,9197207696401510078,,0,,,,,,,
1462852580490977,,209027542153168787,9197207696401510050,caelum-404,1,,,,,,,
1462852580491083,,209027542153168787,9197207696401510057,caelum-302,1,,,,,,,
1462852580491146,,209027542153168787,9197207696401510059,caelum-109,1,,,,,,,
1462852580491192,,209027542153168787,9197207696401510048,caelum-108,1,,,,,,,
1462852580491254,,209027542153168787,9197207696401510058,caelum-106,1,,,,,,,
1462852580491355,,209027542153168787,9197207696401510078,caelum-411,1,,,,,,,
1462852580491400,,209027542153168787,9197207696401510054,caelum-403,1,,,,,,,
1462852580491477,,209027542153168787,9197207696401510051,caelum-211,1,,,,,,,
1462852580491565,,209027542153168787,9197207696401510076,caelum-307,1,,,,,,,
1462852580491616,,209027542153168787,9197207696401510053,caelum-207,1,,,,,,,
1462852580491758,,209027542153168787,15684759067055216534,caelum-407,1,,,,,,,
1462852580494382,,209027542153168787,9197207696401510056,caelum-301,1,,,,,,,
1462852580502589,,209027542153168787,9197207696401510052,caelum-412,1,,,,,,,
1462852580502658,,209027542153168787,9197207696401510055,caelum-212,1,,,,,,,
1462852580502712,,209027542153168787,9197207696401510049,caelum-107,1,,,,,,,
1462852580502786,,209027542153168787,9197207696401510077,caelum-413,1,,,,,,,
1462852580795344,,123585986724282328,7824107877323897285,18357027331939276717,4,,,,,,,
1462852581343108,,12330470289021847591,3090890697729420439,13371593039931570048,4,,,,,,,
1462852581638290,,12330470289021847591,3090890697729420438,17684532169584682059,4,,,,,,,
1462852581814715,,123585986724282328,8585863564265926660,16028208318471770020,4,,,,,,,
1462852582845682,,123585986724282328,7824107877323897280,4576144087033202768,4,,,,,,,
1462852583105811,,123585986724282328,7824107877323897295,10565564586520261190,4,,,,,,,
1462852583297426,,123585986724282328,7824107877323897284,3709103589954386985,4,,,,,,,
1462852583972813,,11910756091151195874,18147589986499817606,,0,,,,,,,
1462852583972816,,11910756091151195874,9494796976393420934,,0,,,,,,,
1462852583972818,,11910756091151195874,9494796976393420985,,0,,,,,,,
1462852583972821,,11910756091151195874,9494796976393420984,,0,,,,,,,
1462852583972821,,11910756091151195874,9494796976393420987,,0,,,,,,,
1462852583972822,,11910756091151195874,9494796976393420986,,0,,,,,,,
1462852583972823,,11910756091151195874,9494796976393420989,,0,,,,,,,
1462852583972823,,11910756091151195874,9494796976393420988,,0,,,,,,,
1462852583972824,,11910756091151195874,9494796976393420991,,0,,,,,,,
1462852583972824,,11910756091151195874,9494796976393420990,,0,,,,,,,
1462852583972825,,11910756091151195874,9494796976393420977,,0,,,,,,,
1462852583972825,,11910756091151195874,9494796976393420976,,0,,,,,,,
1462852583972826,,11910756091151195874,9494796976393420979,,0,,,,,,,
1462852583972827,,11910756091151195874,9494796976393420978,,0,,,,,,,
1462852583991632,,11910756091151195874,9494796976393420985,caelum-405,1,,,,,,,
1462852583991687,,11910756091151195874,9494796976393420991,caelum-409,1,,,,,,,
1462852583991734,,11910756091151195874,9494796976393420979,caelum-308,1,,,,,,,
1462852583991796,,11910756091151195874,9494796976393420977,caelum-109,1,,,,,,,
1462852583991851,,11910756091151195874,9494796976393420987,caelum-304,1,,,,,,,
1462852583991912,,11910756091151195874,9494796976393420934,caelum-208,1,,,,,,,
1462852583991958,,11910756091151195874,9494796976393420989,caelum-105,1,,,,,,,
1462852583992051,,11910756091151195874,9494796976393420984,caelum-211,1,,,,,,,
1462852583992101,,11910756091151195874,9494796976393420978,caelum-414,1,,,,,,,
1462852583992205,,11910756091151195874,9494796976393420988,caelum-312,1,,,,,,,
1462852583992301,,11910756091151195874,18147589986499817606,caelum-313,1,,,,,,,
1462852583992356,,11910756091151195874,9494796976393420976,caelum-306,1,,,,,,,
1462852583992416,,11910756091151195874,9494796976393420986,caelum-309,1,,,,,,,
1462852583992737,,11910756091151195874,9494796976393420990,caelum-408,1,,,,,,,
1462852584060890,,123585986724282328,7824107877323897283,3525625380688366768,4,,,,,,,
1462852586199984,,11910756091151195874,9494796976393420987,10279751198766334013,4,,,,,,,
1462852586609581,,11910756091151195874,9494796976393420986,9049740698325146129,4,,,,,,,
1462852586676333,,209027542153168787,9197207696401510048,7326067751865642467,4,,,,,,,
1462852586745322,,11910756091151195874,9494796976393420976,8116390004242581169,4,,,,,,,
1462852586746569,,11910756091151195874,9494796976393420978,11795577909610116775,4,,,,,,,
1462852586861332,,11910756091151195874,9494796976393420990,6650594162456571482,4,,,,,,,
1462852586912284,,209027542153168787,9197207696401510056,13725848448056813429,4,,,,,,,
1462852587099619,,209027542153168787,9197207696401510054,16148670431741156506,4,,,,,,,
1462852587242093,,11910756091151195874,9494796976393420985,3443811331229913715,4,,,,,,,
1462852587441629,,11910756091151195874,18147589986499817606,6669203512138478588,4,,,,,,,
1462852587470448,,5369270842631465578,3346044579872461790,,0,,,,,,,
1462852587470450,,5369270842631465578,4328431461830457019,,0,,,,,,,
1462852587487364,,5369270842631465578,3346044579872461790,caelum-304,1,,,,,,,
1462852587487437,,5369270842631465578,4328431461830457019,caelum-408,1,,,,,,,
1462852587487480,,11910756091151195874,9494796976393420988,2140571017597925379,4,,,,,,,
1462852587491453,,11910756091151195874,9494796976393420989,2878122566593131855,4,,,,,,,
1462852587556979,,11910756091151195874,9494796976393420991,37428115284624567,4,,,,,,,
1462852587594640,,209027542153168787,9197207696401510077,9324168985851003647,4,,,,,,,
1462852587612811,,209027542153168787,9197207696401510052,14205052038935408211,4,,,,,,,
1462852587628898,,209027542153168787,9197207696401510076,296587527155123205,4,,,,,,,
1462852587700037,,209027542153168787,9197207696401510050,14367799139054039917,4,,,,,,,
1462852587753554,,11910756091151195874,9494796976393420979,14302353196813480184,4,,,,,,,
1462852587816958,,11910756091151195874,9494796976393420934,2084348875902046608,4,,,,,,,
1462852587855028,,5734393287595733107,5088315592781896633,4289373668753520678,4,,,,,,,
1462852588366025,,209027542153168787,9197207696401510078,5703023292155827773,4,,,,,,,
1462852588491688,,209027542153168787,9197207696401510055,579758872671168809,4,,,,,,,
1462852588539876,,5734393287595733107,6344925905603588642,5271879208164413088,4,,,,,,,
1462852588600635,,11910756091151195874,9494796976393420984,14815203989375020064,4,,,,,,,
1462852589219121,,209027542153168787,9197207696401510049,15555879016008479500,4,,,,,,,
1462852590544172,,123585986724282328,7824107877323897282,1330683319236596594,4,,,,,,,
1462852590971659,,17239209843569432670,10884081064160104562,,0,,,,,,,
1462852590971662,,17239209843569432670,2815410330820848837,,0,,,,,,,
1462852590971664,,17239209843569432670,2815410330820848836,,0,,,,,,,
1462852590971664,,17239209843569432670,2815410330820848835,,0,,,,,,,
1462852590971665,,17239209843569432670,2815410330820848834,,0,,,,,,,
1462852590971666,,17239209843569432670,2815410330820848833,,0,,,,,,,
1462852590971666,,17239209843569432670,2815410330820848832,,0,,,,,,,
1462852590971670,,17239209843569432670,2815410330820848847,,0,,,,,,,
1462852590988469,,17239209843569432670,2815410330820848847,caelum-407,1,,,,,,,
1462852590988538,,17239209843569432670,2815410330820848836,caelum-409,1,,,,,,,
1462852590988589,,17239209843569432670,2815410330820848835,caelum-303,1,,,,,,,
1462852590988655,,17239209843569432670,2815410330820848837,caelum-106,1,,,,,,,
1462852590988708,,17239209843569432670,2815410330820848833,caelum-413,1,,,,,,,
1462852590988805,,17239209843569432670,10884081064160104562,caelum-414,1,,,,,,,
1462852590988850,,17239209843569432670,2815410330820848832,caelum-108,1,,,,,,,
1462852590988932,,17239209843569432670,2815410330820848834,caelum-212,1,,,,,,,
1462852590988978,,209027542153168787,9197207696401510057,385669334771756718,4,,,,,,,
1462852591213223,,209027542153168787,9197207696401510059,631485669166868797,4,,,,,,,
1462852592150924,,5734393287595733107,6344925905603588643,3476412482455529569,4,,,,,,,
1462852592219867,,209027542153168787,9197207696401510053,2943684095604820322,4,,,,,,,
1462852592591019,,5734393287595733107,6344925905603588637,6069122973187132996,4,,,,,,,
1462852592913379,,5369270842631465578,3346044579872461790,7199876940601124209,4,,,,,,,
1462852593353575,,5369270842631465578,4328431461830457019,3544643591758153699,4,,,,,,,
1462852593749307,,11910756091151195874,9494796976393420977,14436358018474882319,4,,,,,,,
1462852594473263,,17029679499490562199,17539601848021322909,,0,,,,,,,
1462852594473267,,17029679499490562199,14136264439161472970,,0,,,,,,,
1462852594473269,,17029679499490562199,14136264439161472971,,0,,,,,,,
1462852594473269,,17029679499490562199,14136264439161472968,,0,,,,,,,
1462852594473270,,17029679499490562199,14136264439161472969,,0,,,,,,,
1462852594473270,,17029679499490562199,14136264439161472966,,0,,,,,,,
1462852594473272,,17029679499490562199,14136264439161472967,,0,,,,,,,
1462852594473272,,17029679499490562199,14136264439161472964,,0,,,,,,,
1462852594473273,,17029679499490562199,14136264439161472965,,0,,,,,,,
1462852594473273,,17029679499490562199,14136264439161472962,,0,,,,,,,
1462852594473276,,17029679499490562199,14136264439161472963,,0,,,,,,,
1462852594473277,,17029679499490562199,14136264439161472960,,0,,,,,,,
1462852594473277,,17029679499490562199,14136264439161472961,,0,,,,,,,
1462852594473278,,17029679499490562199,14136264439161472990,,0,,,,,,,
1462852594473278,,17029679499490562199,14136264439161472991,,0,,,,,,,
1462852594473279,,17029679499490562199,14136264439161472988,,0,,,,,,,
1462852594492227,,17029679499490562199,14136264439161472968,caelum-105,1,,,,,,,
1462852594492281,,17029679499490562199,14136264439161472970,caelum-407,1,,,,,,,
1462852594492325,,17029679499490562199,14136264439161472960,caelum-406,1,,,,,,,
1462852594492394,,17029679499490562199,14136264439161472969,caelum-307,1,,,,,,,
1462852594492439,,17029679499490562199,14136264439161472961,caelum-411,1,,,,,,,
1462852594492479,,17029679499490562199,14136264439161472967,caelum-314,1,,,,,,,
1462852594492642,,17029679499490562199,14136264439161472990,caelum-412,1,,,,,,,
1462852594492805,,17029679499490562199,14136264439161472971,caelum-410,1,,,,,,,
1462852594492873,,17029679499490562199,14136264439161472965,caelum-302,1,,,,,,,
1462852594494880,,17029679499490562199,14136264439161472962,caelum-301,1,,,,,,,
1462852594495395,,17029679499490562199,17539601848021322909,caelum-208,1,,,,,,,
1462852594495487,,17029679499490562199,14136264439161472964,caelum-109,1,,,,,,,
1462852594495634,,17029679499490562199,14136264439161472963,caelum-207,1,,,,,,,
1462852594495696,,17029679499490562199,14136264439161472991,caelum-408,1,,,,,,,
1462852594495748,,17029679499490562199,14136264439161472966,caelum-304,1,,,,,,,
1462852594495809,,17029679499490562199,14136264439161472988,caelum-211,1,,,,,,,
1462852594783616,,17239209843569432670,2815410330820848847,9880810000750136535,4,,,,,,,
1462852595866541,,17239209843569432670,10884081064160104562,15019906346207066326,4,,,,,,,
1462852596224428,,17239209843569432670,2815410330820848833,15920658921306322045,4,,,,,,,
1462852596611430,,17239209843569432670,2815410330820848835,16496069401970343120,4,,,,,,,
1462852597973357,,12404052067138363754,6572440304383359109,,0,,,,,,,
1462852597973359,,12404052067138363754,10928853938527202203,,0,,,,,,,
1462852597973361,,12404052067138363754,10928853938527202202,,0,,,,,,,
1462852597973362,,12404052067138363754,10928853938527202201,,0,,,,,,,
1462852597973362,,12404052067138363754,10928853938527202200,,0,,,,,,,
1462852597973363,,12404052067138363754,10928853938527202199,,0,,,,,,,
1462852597973365,,12404052067138363754,10928853938527202198,,0,,,,,,,
1462852597973365,,12404052067138363754,10928853938527202197,,0,,,,,,,
1462852597973366,,12404052067138363754,10928853938527202196,,0,,,,,,,
1462852597973366,,12404052067138363754,10928853938527202195,,0,,,,,,,
1462852597973368,,12404052067138363754,10928853938527202194,,0,,,,,,,
1462852597973369,,12404052067138363754,10928853938527202193,,0,,,,,,,
1462852597973370,,12404052067138363754,10928853938527202192,,0,,,,,,,
1462852597973370,,12404052067138363754,10928853938527202159,,0,,,,,,,
1462852597991804,,12404052067138363754,10928853938527202194,caelum-105,1,,,,,,,
1462852597991861,,12404052067138363754,10928853938527202196,caelum-309,1,,,,,,,
1462852597991942,,12404052067138363754,10928853938527202193,caelum-210,1,,,,,,,
1462852597991989,,12404052067138363754,10928853938527202197,caelum-208,1,,,,,,,
1462852597992203,,12404052067138363754,10928853938527202201,caelum-108,1,,,,,,,
1462852597992299,,12404052067138363754,6572440304383359109,caelum-311,1,,,,,,,
1462852597992347,,12404052067138363754,10928853938527202203,caelum-308,1,,,,,,,
1462852597992391,,12404052067138363754,10928853938527202199,caelum-302,1,,,,,,,
1462852597992443,,12404052067138363754,10928853938527202195,caelum-212,1,,,,,,,
1462852597992500,,12404052067138363754,10928853938527202202,caelum-407,1,,,,,,,
1462852597992558,,12404052067138363754,10928853938527202192,caelum-306,1,,,,,,,
1462852597992600,,12404052067138363754,10928853938527202159,caelum-109,1,,,,,,,
1462852597992661,,12404052067138363754,10928853938527202198,caelum-414,1,,,,,,,
1462852597992753,,12404052067138363754,10928853938527202200,caelum-403,1,,,,,,,
1462852598400075,,17239209843569432670,2815410330820848832,10084930765281562037,4,,,,,,,
1462852598569878,,17239209843569432670,2815410330820848836,18397038114275363129,4,,,,,,,
1462852599531933,,17239209843569432670,2815410330820848837,15016062328757266316,4,,,,,,,
1462852600268159,,17029679499490562199,14136264439161472962,18051836192190349360,4,,,,,,,
1462852600384616,,17239209843569432670,2815410330820848834,601339416012259820,4,,,,,,,
1462852600559988,,17029679499490562199,14136264439161472991,6650594162456571482,4,,,,,,,
1462852600721289,,17029679499490562199,14136264439161472960,11701230885693006666,4,,,,,,,
1462852600755332,,12404052067138363754,6572440304383359109,17019520688454287513,4,,,,,,,
1462852600810055,,12404052067138363754,10928853938527202192,18292089356017901116,4,,,,,,,
1462852601150247,,12404052067138363754,10928853938527202203,4359099637834760721,4,,,,,,,
1462852601213707,,12404052067138363754,10928853938527202196,9049740698325146129,4,,,,,,,
1462852601357340,,17029679499490562199,14136264439161472969,6464439403077693458,4,,,,,,,
1462852601384270,,12404052067138363754,10928853938527202198,11795577909610116775,4,,,,,,,
1462852601384495,,12404052067138363754,10928853938527202159,7529481235092036757,4,,,,,,,
1462852601400386,,17029679499490562199,14136264439161472966,10936449061328129064,4,,,,,,,
1462852601470495,,10712871890458304919,8158435381049659997,,0,,,,,,,
1462852601470497,,10712871890458304919,3947353580877529221,,0,,,,,,,
1462852601486850,,10712871890458304919,8158435381049659997,caelum-304,1,,,,,,,
1462852601486906,,10712871890458304919,3947353580877529221,caelum-303,1,,,,,,,
1462852601486971,,12404052067138363754,10928853938527202193,11532006900194855855,4,,,,,,,
1462852601487668,,17029679499490562199,14136264439161472965,1423917282767833285,4,,,,,,,
1462852601529274,,17029679499490562199,14136264439161472967,16104433161137600677,4,,,,,,,
1462852601865669,,17029679499490562199,14136264439161472964,631485669166868797,4,,,,,,,
1462852602263957,,12404052067138363754,10928853938527202197,2084348875902046608,4,,,,,,,
1462852602492419,,12404052067138363754,10928853938527202201,13426245571832694658,4,,,,,,,
1462852602630907,,17029679499490562199,14136264439161472990,12688132031401237076,4,,,,,,,
1462852602680405,,12404052067138363754,10928853938527202194,1756796827128310050,4,,,,,,,
1462852602753149,,17029679499490562199,14136264439161472961,14003013375612019889,4,,,,,,,
1462852602775805,,12404052067138363754,10928853938527202195,15247786840751950142,4,,,,,,,
1462852602777364,,17029679499490562199,14136264439161472963,3476412482455529569,4,,,,,,,
1462852602965615,,12404052067138363754,10928853938527202200,17500053773440512882,4,,,,,,,
1462852603367036,,17029679499490562199,14136264439161472988,6894807113933599801,4,,,,,,,
1462852603411137,,17029679499490562199,14136264439161472971,106955831579403614,4,,,,,,,
1462852603673175,,12404052067138363754,10928853938527202202,18357027331939276717,4,,,,,,,
1462852604971861,,16561377457978639671,10601632999861536225,,0,,,,,,,
1462852604971863,,16561377457978639671,434413882767513211,,0,,,,,,,
1462852604971864,,16561377457978639671,434413882767513210,,0,,,,,,,
1462852604971867,,16561377457978639671,434413882767513189,,0,,,,,,,
1462852604971867,,16561377457978639671,434413882767513188,,0,,,,,,,
1462852604971868,,16561377457978639671,434413882767513191,,0,,,,,,,
1462852604971868,,16561377457978639671,434413882767513190,,0,,,,,,,
1462852604971869,,16561377457978639671,434413882767513185,,0,,,,,,,
1462852604988868,,16561377457978639671,434413882767513190,caelum-109,1,,,,,,,
1462852604988957,,16561377457978639671,10601632999861536225,caelum-413,1,,,,,,,
1462852604989033,,16561377457978639671,434413882767513191,caelum-108,1,,,,,,,
1462852604989088,,16561377457978639671,434413882767513188,caelum-408,1,,,,,,,
1462852604989142,,16561377457978639671,434413882767513211,caelum-409,1,,,,,,,
1462852604989186,,16561377457978639671,434413882767513210,caelum-414,1,,,,,,,
1462852604989228,,16561377457978639671,434413882767513185,caelum-406,1,,,,,,,
1462852604992009,,16561377457978639671,434413882767513189,caelum-301,1,,,,,,,
1462852606110425,,17029679499490562199,14136264439161472968,3907602656878139751,4,,,,,,,
1462852606139417,,10712871890458304919,8158435381049659997,10279751198766334013,4,,,,,,,
1462852606883301,,10712871890458304919,3947353580877529221,1484233998206370020,4,,,,,,,
1462852608476297,,16108754582651005845,7630091284069411088,,0,,,,,,,
1462852608476300,,16108754582651005845,8327489990331389135,,0,,,,,,,
1462852608476304,,16108754582651005845,8327489990331389134,,0,,,,,,,
1462852608476304,,16108754582651005845,8327489990331389129,,0,,,,,,,
1462852608476305,,16108754582651005845,8327489990331389128,,0,,,,,,,
1462852608476306,,16108754582651005845,8327489990331389131,,0,,,,,,,
1462852608476307,,16108754582651005845,8327489990331389130,,0,,,,,,,
1462852608476307,,16108754582651005845,8327489990331389141,,0,,,,,,,
1462852608476308,,16108754582651005845,8327489990331389140,,0,,,,,,,
1462852608476309,,16108754582651005845,8327489990331389143,,0,,,,,,,
1462852608476309,,16108754582651005845,8327489990331389142,,0,,,,,,,
1462852608476310,,16108754582651005845,8327489990331389137,,0,,,,,,,
1462852608476310,,16108754582651005845,8327489990331389136,,0,,,,,,,
1462852608476311,,16108754582651005845,8327489990331389139,,0,,,,,,,
1462852608476312,,16108754582651005845,8327489990331389138,,0,,,,,,,
1462852608476313,,16108754582651005845,8327489990331389149,,0,,,,,,,
1462852608493225,,16108754582651005845,8327489990331389142,caelum-108,1,,,,,,,
1462852608493293,,16108754582651005845,8327489990331389143,caelum-410,1,,,,,,,
1462852608493348,,16108754582651005845,8327489990331389138,caelum-105,1,,,,,,,
1462852608493405,,16108754582651005845,8327489990331389134,caelum-109,1,,,,,,,
1462852608493447,,16108754582651005845,8327489990331389130,caelum-211,1,,,,,,,
1462852608493490,,16108754582651005845,8327489990331389128,caelum-209,1,,,,,,,
1462852608493607,,16108754582651005845,7630091284069411088,caelum-302,1,,,,,,,
1462852608493653,,16108754582651005845,8327489990331389136,caelum-304,1,,,,,,,
1462852608493711,,16108754582651005845,8327489990331389140,caelum-207,1,,,,,,,
1462852608493768,,16108754582651005845,8327489990331389135,caelum-411,1,,,,,,,
1462852608493824,,16108754582651005845,8327489990331389139,caelum-412,1,,,,,,,
1462852608493875,,16108754582651005845,8327489990331389141,caelum-303,1,,,,,,,
1462852608493917,,16108754582651005845,8327489990331389137,caelum-107,1,,,,,,,
1462852608493956,,16108754582651005845,8327489990331389129,caelum-106,1,,,,,,,
1462852608494025,,16108754582651005845,8327489990331389131,caelum-403,1,,,,,,,
1462852608494081,,16108754582651005845,8327489990331389149,caelum-404,1,,,,,,,
1462852610235130,,16561377457978639671,10601632999861536225,9324168985851003647,4,,,,,,,
1462852610314469,,16561377457978639671,434413882767513188,7756253172495085725,4,,,,,,,
1462852610405355,,16561377457978639671,434413882767513210,1094175440307761364,4,,,,,,,
1462852610449532,,16561377457978639671,434413882767513211,37428115284624567,4,,,,,,,
1462852610913715,,16561377457978639671,434413882767513185,17914410777549336792,4,,,,,,,
1462852611977361,,10118771628786900615,14705953215629696595,,0,,,,,,,
1462852611977363,,10118771628786900615,16157124100643689084,,0,,,,,,,
1462852611977365,,10118771628786900615,16157124100643689075,,0,,,,,,,
1462852611977367,,10118771628786900615,16157124100643689074,,0,,,,,,,
1462852611977368,,10118771628786900615,16157124100643689073,,0,,,,,,,
1462852611977369,,10118771628786900615,16157124100643689072,,0,,,,,,,
1462852611977370,,10118771628786900615,16157124100643689079,,0,,,,,,,
1462852611977370,,10118771628786900615,16157124100643689078,,0,,,,,,,
1462852611977371,,10118771628786900615,16157124100643689077,,0,,,,,,,
1462852611977371,,10118771628786900615,16157124100643689076,,0,,,,,,,
1462852611977372,,10118771628786900615,16157124100643689067,,0,,,,,,,
1462852611977372,,10118771628786900615,16157124100643689066,,0,,,,,,,
1462852611977373,,10118771628786900615,16157124100643689065,,0,,,,,,,
1462852611977373,,10118771628786900615,16157124100643689064,,0,,,,,,,
1462852611995487,,10118771628786900615,16157124100643689075,caelum-106,1,,,,,,,
1462852611995590,,10118771628786900615,16157124100643689072,caelum-107,1,,,,,,,
1462852611995644,,10118771628786900615,16157124100643689073,caelum-414,1,,,,,,,
1462852611995729,,10118771628786900615,16157124100643689065,caelum-309,1,,,,,,,
1462852611995777,,10118771628786900615,16157124100643689084,caelum-402,1,,,,,,,
1462852611995822,,10118771628786900615,16157124100643689074,caelum-307,1,,,,,,,
1462852611995898,,10118771628786900615,16157124100643689077,caelum-306,1,,,,,,,
1462852611995942,,10118771628786900615,16157124100643689067,caelum-313,1,,,,,,,
1462852611996018,,10118771628786900615,14705953215629696595,caelum-302,1,,,,,,,
1462852611996133,,10118771628786900615,16157124100643689064,caelum-407,1,,,,,,,
1462852611996197,,10118771628786900615,16157124100643689076,caelum-212,1,,,,,,,
1462852611996249,,10118771628786900615,16157124100643689078,caelum-411,1,,,,,,,
1462852611996290,,10118771628786900615,16157124100643689066,caelum-314,1,,,,,,,
1462852611996335,,10118771628786900615,16157124100643689079,caelum-303,1,,,,,,,
1462852613368840,,16561377457978639671,434413882767513189,15602955387706651931,4,,,,,,,
1462852614694744,,10118771628786900615,16157124100643689084,6687346615178622198,4,,,,,,,
1462852614810594,,16108754582651005845,8327489990331389131,16148670431741156506,4,,,,,,,
1462852615027002,,10118771628786900615,16157124100643689077,15942517049696606813,4,,,,,,,
1462852615290734,,16108754582651005845,8327489990331389136,8173000874349205772,4,,,,,,,
1462852615318995,,10118771628786900615,14705953215629696595,2997059870161885313,4,,,,,,,
1462852615338085,,10118771628786900615,16157124100643689074,12919694424697511495,4,,,,,,,
1462852615339473,,10118771628786900615,16157124100643689066,306867532681425433,4,,,,,,,
1462852615342014,,10118771628786900615,16157124100643689079,12035102918045360124,4,,,,,,,
1462852615357041,,10118771628786900615,16157124100643689075,15349490466521306202,4,,,,,,,
1462852615362088,,10118771628786900615,16157124100643689076,2709143838374946510,4,,,,,,,
1462852615373356,,10118771628786900615,16157124100643689065,2241597724501598327,4,,,,,,,
1462852615399269,,10118771628786900615,16157124100643689067,6669203512138478588,4,,,,,,,
1462852615458660,,10118771628786900615,16157124100643689073,16367970929474752510,4,,,,,,,
1462852615470360,,14762029073707143965,14252309439681711850,,0,,,,,,,
1462852615470362,,14762029073707143965,10623887895126497596,,0,,,,,,,
1462852615488672,,14762029073707143965,10623887895126497596,caelum-304,1,,,,,,,
1462852615488768,,14762029073707143965,14252309439681711850,caelum-408,1,,,,,,,
1462852615655174,,10118771628786900615,16157124100643689078,14379464642675651136,4,,,,,,,
1462852615728551,,16108754582651005845,8327489990331389138,8298602194697029209,4,,,,,,,
1462852615909787,,16108754582651005845,8327489990331389139,4219938617272773989,4,,,,,,,
1462852615942666,,209027542153168787,15684759067055216534,17707286483351613960,4,,,,,,,
1462852616256949,,16561377457978639671,434413882767513190,7529481235092036757,4,,,,,,,
1462852616304024,,16108754582651005845,8327489990331389149,10271788448207049051,4,,,,,,,
1462852616766578,,16108754582651005845,7630091284069411088,14240424929944570918,4,,,,,,,
1462852617017460,,16108754582651005845,8327489990331389143,1095890505887186611,4,,,,,,,
1462852617208421,,16108754582651005845,8327489990331389142,13426245571832694658,4,,,,,,,
1462852617269039,,16108754582651005845,8327489990331389134,631485669166868797,4,,,,,,,
1462852617365294,,16108754582651005845,8327489990331389128,1337437935416403844,4,,,,,,,
1462852617539194,,16108754582651005845,8327489990331389140,3476412482455529569,4,,,,,,,
1462852617936212,,10118771628786900615,16157124100643689064,18357027331939276717,4,,,,,,,
1462852618686654,,16108754582651005845,8327489990331389130,6894807113933599801,4,,,,,,,
1462852618901640,,123585986724282328,7824107877323897281,942064182724729618,4,,,,,,,
1462852618971648,,14593560451471319736,7779220478450338503,,0,,,,,,,
1462852618971649,,14593560451471319736,194211838590864565,,0,,,,,,,
1462852618971651,,14593560451471319736,194211838590864566,,0,,,,,,,
1462852618971655,,14593560451471319736,194211838590864567,,0,,,,,,,
1462852618971655,,14593560451471319736,194211838590864568,,0,,,,,,,
1462852618971656,,14593560451471319736,194211838590864569,,0,,,,,,,
1462852618971657,,14593560451471319736,194211838590864570,,0,,,,,,,
1462852618971657,,14593560451471319736,194211838590864571,,0,,,,,,,
1462852618989521,,14593560451471319736,194211838590864566,caelum-406,1,,,,,,,
1462852618989624,,14593560451471319736,194211838590864570,caelum-414,1,,,,,,,
1462852618989689,,14593560451471319736,194211838590864569,caelum-107,1,,,,,,,
1462852618989898,,14593560451471319736,7779220478450338503,caelum-108,1,,,,,,,
1462852618991890,,14593560451471319736,194211838590864565,caelum-301,1,,,,,,,
1462852618992121,,14593560451471319736,194211838590864571,caelum-409,1,,,,,,,
1462852618992258,,14593560451471319736,194211838590864567,caelum-304,1,,,,,,,
1462852618992413,,14593560451471319736,194211838590864568,caelum-109,1,,,,,,,
1462852619861036,,14762029073707143965,10623887895126497596,7199876940601124209,4,,,,,,,
1462852619989915,,209027542153168787,9197207696401510058,9935764497571253468,4,,,,,,,
1462852620311102,,14762029073707143965,14252309439681711850,3544643591758153699,4,,,,,,,
1462852621844127,,16108754582651005845,8327489990331389141,16173726974436801248,4,,,,,,,
1462852622448246,,209027542153168787,9197207696401510051,4532088033206191439,4,,,,,,,
1462852622473294,,16572998906271427699,14090579450949105362,,0,,,,,,,
1462852622473299,,16572998906271427699,5798857417527612977,,0,,,,,,,
1462852622473302,,16572998906271427699,5798857417527612982,,0,,,,,,,
1462852622473303,,16572998906271427699,5798857417527612983,,0,,,,,,,
1462852622473303,,16572998906271427699,5798857417527612980,,0,,,,,,,
1462852622473304,,16572998906271427699,5798857417527612981,,0,,,,,,,
1462852622473304,,16572998906271427699,5798857417527613002,,0,,,,,,,
1462852622473305,,16572998906271427699,5798857417527613003,,0,,,,,,,
1462852622473305,,16572998906271427699,5798857417527613000,,0,,,,,,,
1462852622473307,,16572998906271427699,5798857417527613001,,0,,,,,,,
1462852622473307,,16572998906271427699,5798857417527613006,,0,,,,,,,
1462852622473308,,16572998906271427699,5798857417527613007,,0,,,,,,,
1462852622473308,,16572998906271427699,5798857417527613004,,0,,,,,,,
1462852622473309,,16572998906271427699,5798857417527613005,,0,,,,,,,
1462852622473310,,16572998906271427699,5798857417527612994,,0,,,,,,,
1462852622473310,,16572998906271427699,5798857417527612995,,0,,,,,,,
1462852622492312,,16572998906271427699,5798857417527613006,caelum-307,1,,,,,,,
1462852622492402,,16572998906271427699,5798857417527612994,caelum-309,1,,,,,,,
1462852622492492,,16572998906271427699,14090579450949105362,caelum-208,1,,,,,,,
1462852622492567,,16572998906271427699,5798857417527613004,caelum-408,1,,,,,,,
1462852622492612,,16572998906271427699,5798857417527612982,caelum-106,1,,,,,,,
1462852622492664,,16572998906271427699,5798857417527613003,caelum-414,1,,,,,,,
1462852622492704,,16572998906271427699,5798857417527612981,caelum-211,1,,,,,,,
1462852622492754,,16572998906271427699,5798857417527612980,caelum-402,1,,,,,,,
1462852622492817,,16572998906271427699,5798857417527613005,caelum-407,1,,,,,,,
1462852622492861,,16572998906271427699,5798857417527613002,caelum-411,1,,,,,,,
1462852622492923,,16572998906271427699,5798857417527612977,caelum-413,1,,,,,,,
1462852622492967,,16572998906271427699,5798857417527613007,caelum-212,1,,,,,,,
1462852622493016,,16572998906271427699,5798857417527612995,caelum-410,1,,,,,,,
1462852622493067,,16572998906271427699,5798857417527613000,caelum-302,1,,,,,,,
1462852622493204,,16572998906271427699,5798857417527613001,caelum-303,1,,,,,,,
1462852622493306,,16572998906271427699,5798857417527612983,caelum-304,1,,,,,,,
1462852624839184,,14593560451471319736,194211838590864565,14995024852962574951,4,,,,,,,
1462852625173551,,14593560451471319736,194211838590864566,7802321937690140433,4,,,,,,,
1462852625284274,,14593560451471319736,194211838590864570,11795577909610116775,4,,,,,,,
1462852625458822,,14593560451471319736,194211838590864571,546457904509994483,4,,,,,,,
1462852625972910,,9013438191449483095,7188344183628283399,,0,,,,,,,
1462852625972913,,9013438191449483095,8876259973609343103,,0,,,,,,,
1462852625972915,,9013438191449483095,8876259973609343088,,0,,,,,,,
1462852625972916,,9013438191449483095,8876259973609343089,,0,,,,,,,
1462852625972916,,9013438191449483095,8876259973609343090,,0,,,,,,,
1462852625972917,,9013438191449483095,8876259973609343091,,0,,,,,,,
1462852625972918,,9013438191449483095,8876259973609343092,,0,,,,,,,
1462852625972918,,9013438191449483095,8876259973609343093,,0,,,,,,,
1462852625972921,,9013438191449483095,8876259973609343094,,0,,,,,,,
1462852625972921,,9013438191449483095,8876259973609343095,,0,,,,,,,
1462852625972922,,9013438191449483095,8876259973609343080,,0,,,,,,,
1462852625972922,,9013438191449483095,8876259973609343081,,0,,,,,,,
1462852625972923,,9013438191449483095,8876259973609343082,,0,,,,,,,
1462852625972924,,9013438191449483095,8876259973609343083,,0,,,,,,,
1462852625990831,,9013438191449483095,8876259973609343081,caelum-410,1,,,,,,,
1462852625990888,,9013438191449483095,8876259973609343091,caelum-108,1,,,,,,,
1462852625991244,,9013438191449483095,8876259973609343093,caelum-304,1,,,,,,,
1462852625991305,,9013438191449483095,8876259973609343080,caelum-106,1,,,,,,,
1462852625991364,,9013438191449483095,8876259973609343092,caelum-209,1,,,,,,,
1462852625991427,,9013438191449483095,8876259973609343095,caelum-409,1,,,,,,,
1462852625991472,,9013438191449483095,8876259973609343083,caelum-403,1,,,,,,,
1462852625991542,,9013438191449483095,8876259973609343082,caelum-109,1,,,,,,,
1462852625991599,,9013438191449483095,8876259973609343089,caelum-406,1,,,,,,,
1462852625991684,,9013438191449483095,7188344183628283399,caelum-412,1,,,,,,,
1462852625991731,,9013438191449483095,8876259973609343088,caelum-311,1,,,,,,,
1462852625991790,,9013438191449483095,8876259973609343094,caelum-107,1,,,,,,,
1462852625991847,,9013438191449483095,8876259973609343103,caelum-314,1,,,,,,,
1462852625994047,,9013438191449483095,8876259973609343090,caelum-301,1,,,,,,,
1462852626486810,,14593560451471319736,194211838590864569,14624055332059453870,4,,,,,,,
1462852626916764,,14593560451471319736,194211838590864568,631485669166868797,4,,,,,,,
1462852628603430,,16572998906271427699,5798857417527613006,14195863767149723993,4,,,,,,,
1462852628617991,,16572998906271427699,5798857417527612977,9324168985851003647,4,,,,,,,
1462852628689427,,16572998906271427699,5798857417527612994,6158880780836427342,4,,,,,,,
1462852628794303,,9013438191449483095,8876259973609343103,17011189496625395045,4,,,,,,,
1462852628833639,,9013438191449483095,8876259973609343093,15826476701138252334,4,,,,,,,
1462852628850166,,9013438191449483095,8876259973609343092,11002865075290528818,4,,,,,,,
1462852628867491,,9013438191449483095,7188344183628283399,12688132031401237076,4,,,,,,,
1462852629011269,,9013438191449483095,8876259973609343090,980052016105123682,4,,,,,,,
1462852629166462,,16572998906271427699,5798857417527612981,4532088033206191439,4,,,,,,,
1462852629222869,,9013438191449483095,8876259973609343082,7529481235092036757,4,,,,,,,
1462852629305895,,16572998906271427699,5798857417527613002,8682439329445740681,4,,,,,,,
1462852629308684,,16572998906271427699,5798857417527613003,17630636331982742001,4,,,,,,,
1462852629628832,,16572998906271427699,5798857417527612980,68043570226691940,4,,,,,,,
1462852629651409,,16572998906271427699,5798857417527613000,906025556471407988,4,,,,,,,
1462852629821532,,9013438191449483095,8876259973609343094,942064182724729618,4,,,,,,,
1462852629845982,,9013438191449483095,8876259973609343091,1343007025599555599,4,,,,,,,
1462852629996415,,9013438191449483095,8876259973609343083,9788609934535380383,4,,,,,,,
1462852630131580,,9013438191449483095,8876259973609343089,11701230885693006666,4,,,,,,,
1462852630147454,,16572998906271427699,5798857417527613004,15363710274740827665,4,,,,,,,
1462852630764329,,9013438191449483095,8876259973609343081,10116818325579485718,4,,,,,,,
1462852630844854,,16572998906271427699,5798857417527613007,2709143838374946510,4,,,,,,,
1462852631474644,,16572998906271427699,5798857417527612995,3689988229022514264,4,,,,,,,
1462852632396427,,14593560451471319736,7779220478450338503,13426245571832694658,4,,,,,,,
1462852632541217,,16572998906271427699,5798857417527612982,15349490466521306202,4,,,,,,,
1462852632784084,,9013438191449483095,8876259973609343080,14360869234251875715,4,,,,,,,
1462852632996712,,16572998906271427699,5798857417527613001,16127767760006103413,4,,,,,,,
1462852633481005,,16572998906271427699,5798857417527613005,3621118255120279422,4,,,,,,,
1462852635023121,,17029679499490562199,17539601848021322909,16153398807836512180,4,,,,,,,
1462852637221249,,12404052067138363754,10928853938527202199,10442752714396792097,4,,,,,,,
1462852638858915,,16108754582651005845,8327489990331389135,11258693832838534255,4,,,,,,,
1462852640494787,,17029679499490562199,14136264439161472970,13934316257598409265,4,,,,,,,
1462852640496839,,16108754582651005845,8327489990331389137,15555879016008479500,4,,,,,,,
1462852641706844,,16561377457978639671,434413882767513191,1330683319236596594,4,,,,,,,
1462852643999134,,14593560451471319736,194211838590864567,15183146511988170459,4,,,,,,,
1462852644826052,,9013438191449483095,8876259973609343095,18355522308053309118,4,,,,,,,
1462852644894738,,10118771628786900615,16157124100643689072,1102526922123032575,4,,,,,,,
1462852645970020,,16572998906271427699,5798857417527612983,10279751198766334013,4,,,,,,,
1462852646147162,,9013438191449483095,8876259973609343088,15001999937617992972,4,,,,,,,
1462852646463019,,16108754582651005845,8327489990331389129,15016062328757266316,4,,,,,,,
1462852654528575,,16572998906271427699,14090579450949105362,6317997230571526151,4,,,,,,,
