1473074934003464,,12864226327852351260,5198628003788652644,,0,,,,,,,
1473074934803837,,12864226327852351260,5198628003788652644,PU #8,1,,,,,,,
1473074934003466,,12864226327852351260,7675612576036545068,,0,,,,,,,
1473074934805686,,12864226327852351260,7675612576036545068,PU #11,1,,,,,,,
1473074936003848,,17775809044809863840,10864666725008521931,,0,,,,,,,
1473074936804166,,17775809044809863840,10864666725008521931,PU #4,1,,,,,,,
1473074936003846,,17775809044809863840,10864666725008521932,,0,,,,,,,
1473074936804324,,17775809044809863840,10864666725008521932,PU #3,1,,,,,,,
1473074936003847,,17775809044809863840,10864666725008521933,,0,,,,,,,
1473074936804452,,17775809044809863840,10864666725008521933,PU #0,1,,,,,,,
1473074936003845,,17775809044809863840,10864666725008521934,,0,,,,,,,
1473074936804635,,17775809044809863840,10864666725008521934,PU #10,1,,,,,,,
1473074936003844,,17775809044809863840,7893069434929423308,,0,,,,,,,
1473074936804806,,17775809044809863840,7893069434929423308,PU #7,1,,,,,,,
1473074936003846,,17775809044809863840,10864666725008521935,,0,,,,,,,
1473074936804946,,17775809044809863840,10864666725008521935,PU #8,1,,,,,,,
1473074936003849,,17775809044809863840,10864666725008521928,,0,,,,,,,
1473074936805105,,17775809044809863840,10864666725008521928,PU #3,1,,,,,,,
1473074936003847,,17775809044809863840,10864666725008521930,,0,,,,,,,
1473074936805432,,17775809044809863840,10864666725008521930,PU #6,1,,,,,,,
1473074937939570,,12864226327852351260,5198628003788652644,8709557632043634474,4,,,,,,,
1473074939827646,,12864226327852351260,7675612576036545068,18051836192190349360,4,,,,,,,
1473074940005736,,2564700251662935128,15125602118127787887,,0,,,,,,,
1473074940806062,,2564700251662935128,15125602118127787887,PU #2,1,,,,,,,
1473074940005740,,2564700251662935128,15125602118127787894,,0,,,,,,,
1473074940806239,,2564700251662935128,15125602118127787894,PU #5,1,,,,,,,
1473074940005735,,2564700251662935128,15125602118127787872,,0,,,,,,,
1473074940806416,,2564700251662935128,15125602118127787872,PU #8,1,,,,,,,
1473074940005735,,2564700251662935128,15125602118127787873,,0,,,,,,,
1473074940806563,,2564700251662935128,15125602118127787873,PU #2,1,,,,,,,
1473074940005733,,2564700251662935128,15125602118127787874,,0,,,,,,,
1473074940806725,,2564700251662935128,15125602118127787874,PU #3,1,,,,,,,
1473074940005734,,2564700251662935128,15125602118127787875,,0,,,,,,,
1473074940806911,,2564700251662935128,15125602118127787875,PU #3,1,,,,,,,
1473074940005732,,2564700251662935128,15125602118127787876,,0,,,,,,,
1473074940807077,,2564700251662935128,15125602118127787876,PU #5,1,,,,,,,
1473074940005733,,2564700251662935128,15125602118127787877,,0,,,,,,,
1473074940807234,,2564700251662935128,15125602118127787877,PU #8,1,,,,,,,
1473074940005739,,2564700251662935128,15125602118127787880,,0,,,,,,,
1473074940807373,,2564700251662935128,15125602118127787880,PU #0,1,,,,,,,
1473074940005739,,2564700251662935128,15125602118127787881,,0,,,,,,,
1473074940807515,,2564700251662935128,15125602118127787881,PU #11,1,,,,,,,
1473074940005738,,2564700251662935128,15125602118127787882,,0,,,,,,,
1473074940807712,,2564700251662935128,15125602118127787882,PU #10,1,,,,,,,
1473074940005738,,2564700251662935128,15125602118127787883,,0,,,,,,,
1473074940809285,,2564700251662935128,15125602118127787883,PU #1,1,,,,,,,
1473074940005730,,2564700251662935128,2645099471231913700,,0,,,,,,,
1473074940809649,,2564700251662935128,2645099471231913700,PU #2,1,,,,,,,
1473074940005737,,2564700251662935128,15125602118127787884,,0,,,,,,,
1473074940809819,,2564700251662935128,15125602118127787884,PU #0,1,,,,,,,
1473074940005737,,2564700251662935128,15125602118127787885,,0,,,,,,,
1473074940810023,,2564700251662935128,15125602118127787885,PU #9,1,,,,,,,
1473074940005736,,2564700251662935128,15125602118127787886,,0,,,,,,,
1473074940810173,,2564700251662935128,15125602118127787886,PU #9,1,,,,,,,
1473074942239516,,17775809044809863840,10864666725008521934,12757353612365724006,4,,,,,,,
1473074942631535,,17775809044809863840,10864666725008521928,37428115284624567,4,,,,,,,
1473074942801257,,17775809044809863840,10864666725008521930,2158098549847998475,4,,,,,,,
1473074942002684,,6813175178576692336,18417692224169462297,,0,,,,,,,
1473074942803054,,6813175178576692336,18417692224169462297,PU #8,1,,,,,,,
1473074942002682,,6813175178576692336,10970712832169319083,,0,,,,,,,
1473074942803274,,6813175178576692336,10970712832169319083,PU #4,1,,,,,,,
1473074942809123,,17775809044809863840,10864666725008521933,2709143838374946510,4,,,,,,,
1473074942951816,,17775809044809863840,10864666725008521935,9053312491887284931,4,,,,,,,
1473074944072036,,17775809044809863840,7893069434929423308,14240424929944570918,4,,,,,,,
1473074944586349,,17775809044809863840,10864666725008521932,8630346106144156926,4,,,,,,,
1473074944003943,,15618858313758073050,17007998988558823553,,0,,,,,,,
1473074944804279,,15618858313758073050,17007998988558823553,PU #6,1,,,,,,,
1473074944003941,,15618858313758073050,17007998988558823554,,0,,,,,,,
1473074944804455,,15618858313758073050,17007998988558823554,PU #6,1,,,,,,,
1473074944003940,,15618858313758073050,17007998988558823565,,0,,,,,,,
1473074944804598,,15618858313758073050,17007998988558823565,PU #11,1,,,,,,,
1473074944003942,,15618858313758073050,17007998988558823555,,0,,,,,,,
1473074944804749,,15618858313758073050,17007998988558823555,PU #7,1,,,,,,,
1473074944003938,,15618858313758073050,9466859440249242596,,0,,,,,,,
1473074944804931,,15618858313758073050,9466859440249242596,PU #3,1,,,,,,,
1473074944003944,,15618858313758073050,17007998988558823558,,0,,,,,,,
1473074944805115,,15618858313758073050,17007998988558823558,PU #3,1,,,,,,,
1473074944003944,,15618858313758073050,17007998988558823559,,0,,,,,,,
1473074944805297,,15618858313758073050,17007998988558823559,PU #5,1,,,,,,,
1473074944003943,,15618858313758073050,17007998988558823552,,0,,,,,,,
1473074944805441,,15618858313758073050,17007998988558823552,PU #4,1,,,,,,,
1473074945029503,,17775809044809863840,10864666725008521931,1095890505887186611,4,,,,,,,
1473074947210811,,2564700251662935128,2645099471231913700,3443811331229913715,4,,,,,,,
1473074947280406,,2564700251662935128,15125602118127787886,3621118255120279422,4,,,,,,,
1473074947367697,,2564700251662935128,15125602118127787872,9085190036033713303,4,,,,,,,
1473074947433410,,2564700251662935128,15125602118127787876,2336196215452621013,4,,,,,,,
1473074947479233,,2564700251662935128,15125602118127787882,15445664506677349619,4,,,,,,,
1473074947501698,,2564700251662935128,15125602118127787873,11003231472336175934,4,,,,,,,
1473074947728138,,2564700251662935128,15125602118127787894,10271788448207049051,4,,,,,,,
1473074947735396,,2564700251662935128,15125602118127787877,1194854581113672434,4,,,,,,,
1473074947752639,,2564700251662935128,15125602118127787884,8784819192379802324,4,,,,,,,
1473074947844580,,2564700251662935128,15125602118127787883,5810355193749600435,4,,,,,,,
1473074948373644,,6813175178576692336,10970712832169319083,16235727350845828058,4,,,,,,,
1473074948397434,,2564700251662935128,15125602118127787887,2096433030540452871,4,,,,,,,
1473074948573900,,2564700251662935128,15125602118127787875,7529481235092036757,4,,,,,,,
1473074948697461,,2564700251662935128,15125602118127787885,906025556471407988,4,,,,,,,
1473074948005505,,5587103186511988889,3774780403559106661,,0,,,,,,,
1473074948805805,,5587103186511988889,3774780403559106661,PU #3,1,,,,,,,
1473074948005507,,5587103186511988889,3774780403559106662,,0,,,,,,,
1473074948805952,,5587103186511988889,3774780403559106662,PU #2,1,,,,,,,
1473074948005506,,5587103186511988889,3774780403559106663,,0,,,,,,,
1473074948806102,,5587103186511988889,3774780403559106663,PU #6,1,,,,,,,
1473074948005508,,5587103186511988889,3774780403559106664,,0,,,,,,,
1473074948806245,,5587103186511988889,3774780403559106664,PU #0,1,,,,,,,
1473074948005507,,5587103186511988889,3774780403559106665,,0,,,,,,,
1473074948806376,,5587103186511988889,3774780403559106665,PU #5,1,,,,,,,
1473074948005509,,5587103186511988889,3774780403559106666,,0,,,,,,,
1473074948806530,,5587103186511988889,3774780403559106666,PU #5,1,,,,,,,
1473074948005508,,5587103186511988889,3774780403559106667,,0,,,,,,,
1473074948806680,,5587103186511988889,3774780403559106667,PU #8,1,,,,,,,
1473074948005510,,5587103186511988889,3774780403559106668,,0,,,,,,,
1473074948806844,,5587103186511988889,3774780403559106668,PU #6,1,,,,,,,
1473074948005509,,5587103186511988889,3774780403559106669,,0,,,,,,,
1473074948807014,,5587103186511988889,3774780403559106669,PU #1,1,,,,,,,
1473074948005511,,5587103186511988889,3774780403559106670,,0,,,,,,,
1473074948807161,,5587103186511988889,3774780403559106670,PU #1,1,,,,,,,
1473074948005510,,5587103186511988889,3774780403559106671,,0,,,,,,,
1473074948807287,,5587103186511988889,3774780403559106671,PU #3,1,,,,,,,
1473074948005501,,5587103186511988889,12832623367174998920,,0,,,,,,,
1473074948807446,,5587103186511988889,12832623367174998920,PU #11,1,,,,,,,
1473074948005503,,5587103186511988889,3774780403559106656,,0,,,,,,,
1473074948807590,,5587103186511988889,3774780403559106656,PU #3,1,,,,,,,
1473074948005504,,5587103186511988889,3774780403559106658,,0,,,,,,,
1473074948807739,,5587103186511988889,3774780403559106658,PU #6,1,,,,,,,
1473074948005504,,5587103186511988889,3774780403559106659,,0,,,,,,,
1473074948807880,,5587103186511988889,3774780403559106659,PU #1,1,,,,,,,
1473074948005506,,5587103186511988889,3774780403559106660,,0,,,,,,,
1473074948808006,,5587103186511988889,3774780403559106660,PU #6,1,,,,,,,
1473074949042362,,6813175178576692336,18417692224169462297,8524144643652524573,4,,,,,,,
1473074950643466,,2564700251662935128,15125602118127787874,7423168268239676338,4,,,,,,,
1473074950002514,,12431657308147128120,10723706305025682486,,0,,,,,,,
1473074950802803,,12431657308147128120,10723706305025682486,PU #4,1,,,,,,,
1473074950002516,,12431657308147128120,9416041782641657627,,0,,,,,,,
1473074950802978,,12431657308147128120,9416041782641657627,PU #0,1,,,,,,,
1473074950881644,,15618858313758073050,17007998988558823554,4219938617272773989,4,,,,,,,
1473074950905328,,15618858313758073050,9466859440249242596,11532006900194855855,4,,,,,,,
1473074951594311,,2564700251662935128,15125602118127787881,18219205717424622317,4,,,,,,,
1473074951690391,,15618858313758073050,17007998988558823558,17914410777549336792,4,,,,,,,
1473074951927473,,15618858313758073050,17007998988558823559,8116390004242581169,4,,,,,,,
1473074952162698,,15618858313758073050,17007998988558823565,15100237051223934800,4,,,,,,,
1473074952474027,,5587103186511988889,3774780403559106664,2709143838374946510,4,,,,,,,
1473074952003696,,13731545211077574562,13333680593888175125,,0,,,,,,,
1473074952803965,,13731545211077574562,13333680593888175125,PU #11,1,,,,,,,
1473074952003699,,13731545211077574562,13333680593888175126,,0,,,,,,,
1473074952804099,,13731545211077574562,13333680593888175126,PU #9,1,,,,,,,
1473074952003698,,13731545211077574562,13333680593888175127,,0,,,,,,,
1473074952804225,,13731545211077574562,13333680593888175127,PU #0,1,,,,,,,
1473074952003700,,13731545211077574562,13333680593888175120,,0,,,,,,,
1473074952804372,,13731545211077574562,13333680593888175120,PU #8,1,,,,,,,
1473074952003695,,13731545211077574562,6719940525079354095,,0,,,,,,,
1473074952804541,,13731545211077574562,6719940525079354095,PU #5,1,,,,,,,
1473074952003699,,13731545211077574562,13333680593888175121,,0,,,,,,,
1473074952804702,,13731545211077574562,13333680593888175121,PU #7,1,,,,,,,
1473074952003701,,13731545211077574562,13333680593888175123,,0,,,,,,,
1473074952804852,,13731545211077574562,13333680593888175123,PU #3,1,,,,,,,
1473074952003698,,13731545211077574562,13333680593888175124,,0,,,,,,,
1473074952804971,,13731545211077574562,13333680593888175124,PU #8,1,,,,,,,
1473074953195699,,15618858313758073050,17007998988558823555,15800194128596331438,4,,,,,,,
1473074953593620,,15618858313758073050,17007998988558823553,1732732006999019066,4,,,,,,,
1473074953706825,,2564700251662935128,15125602118127787880,5711914675205049811,4,,,,,,,
1473074954635169,,5587103186511988889,12832623367174998920,8124402473565275432,4,,,,,,,
1473074954761635,,5587103186511988889,3774780403559106656,10279751198766334013,4,,,,,,,
1473074955366087,,5587103186511988889,3774780403559106661,11795577909610116775,4,,,,,,,
1473074955452592,,5587103186511988889,3774780403559106668,10799470549593697952,4,,,,,,,
1473074956398946,,5587103186511988889,3774780403559106669,2436622550764643331,4,,,,,,,
1473074956455356,,12431657308147128120,9416041782641657627,14376944105375353583,4,,,,,,,
1473074956497846,,15618858313758073050,17007998988558823552,10611133778405649357,4,,,,,,,
1473074956739421,,5587103186511988889,3774780403559106665,3165167876158196256,4,,,,,,,
1473074956778186,,5587103186511988889,3774780403559106670,13794560484214501959,4,,,,,,,
1473074956005452,,66504084400897067,16837323535648980627,,0,,,,,,,
1473074956805773,,66504084400897067,16837323535648980627,PU #7,1,,,,,,,
1473074956005454,,66504084400897067,16837323535648980628,,0,,,,,,,
1473074956805939,,66504084400897067,16837323535648980628,PU #6,1,,,,,,,
1473074956005453,,66504084400897067,16837323535648980629,,0,,,,,,,
1473074956806074,,66504084400897067,16837323535648980629,PU #1,1,,,,,,,
1473074956005455,,66504084400897067,16837323535648980630,,0,,,,,,,
1473074956806214,,66504084400897067,16837323535648980630,PU #6,1,,,,,,,
1473074956005454,,66504084400897067,16837323535648980631,,0,,,,,,,
1473074956806388,,66504084400897067,16837323535648980631,PU #9,1,,,,,,,
1473074956005446,,66504084400897067,16837323535648980616,,0,,,,,,,
1473074956806516,,66504084400897067,16837323535648980616,PU #2,1,,,,,,,
1473074956005448,,66504084400897067,16837323535648980618,,0,,,,,,,
1473074956806650,,66504084400897067,16837323535648980618,PU #6,1,,,,,,,
1473074956005447,,66504084400897067,16837323535648980619,,0,,,,,,,
1473074956806776,,66504084400897067,16837323535648980619,PU #5,1,,,,,,,
1473074956005449,,66504084400897067,16837323535648980620,,0,,,,,,,
1473074956806919,,66504084400897067,16837323535648980620,PU #4,1,,,,,,,
1473074956005449,,66504084400897067,16837323535648980621,,0,,,,,,,
1473074956807055,,66504084400897067,16837323535648980621,PU #4,1,,,,,,,
1473074956005450,,66504084400897067,16837323535648980622,,0,,,,,,,
1473074956807221,,66504084400897067,16837323535648980622,PU #2,1,,,,,,,
1473074956005445,,66504084400897067,3243496152900521284,,0,,,,,,,
1473074956807419,,66504084400897067,3243496152900521284,PU #7,1,,,,,,,
1473074956005450,,66504084400897067,16837323535648980623,,0,,,,,,,
1473074956807583,,66504084400897067,16837323535648980623,PU #10,1,,,,,,,
1473074956005451,,66504084400897067,16837323535648980624,,0,,,,,,,
1473074956807735,,66504084400897067,16837323535648980624,PU #1,1,,,,,,,
1473074956005451,,66504084400897067,16837323535648980625,,0,,,,,,,
1473074956807872,,66504084400897067,16837323535648980625,PU #7,1,,,,,,,
1473074956005452,,66504084400897067,16837323535648980626,,0,,,,,,,
1473074956808015,,66504084400897067,16837323535648980626,PU #7,1,,,,,,,
1473074956934723,,5587103186511988889,3774780403559106658,7190939023591991659,4,,,,,,,
1473074957181057,,12431657308147128120,10723706305025682486,16128664823816738966,4,,,,,,,
1473074957211380,,5587103186511988889,3774780403559106660,17736793265287668624,4,,,,,,,
1473074957495228,,5587103186511988889,3774780403559106663,9289075733572733394,4,,,,,,,
1473074957567679,,5587103186511988889,3774780403559106662,6294944918638801722,4,,,,,,,
1473074957796695,,5587103186511988889,3774780403559106667,7839706403148766480,4,,,,,,,
1473074958002561,,844158754566594332,3807618784005711345,,0,,,,,,,
1473074958802848,,844158754566594332,3807618784005711345,PU #5,1,,,,,,,
1473074958002559,,844158754566594332,9879730582417270672,,0,,,,,,,
1473074958802992,,844158754566594332,9879730582417270672,PU #9,1,,,,,,,
1473074958939390,,5587103186511988889,3774780403559106666,12154387851321249086,4,,,,,,,
1473074958981500,,13731545211077574562,13333680593888175127,11666615854676652007,4,,,,,,,
1473074959002829,,5587103186511988889,3774780403559106659,13333423372283111872,4,,,,,,,
1473074959244100,,5587103186511988889,3774780403559106671,601339416012259820,4,,,,,,,
1473074959433630,,13731545211077574562,13333680593888175125,1671513869473439811,4,,,,,,,
1473074959575719,,13731545211077574562,13333680593888175121,2477456734015409495,4,,,,,,,
1473074959821328,,13731545211077574562,13333680593888175120,4782565633263894630,4,,,,,,,
1473074959837232,,13731545211077574562,13333680593888175124,13039987883140361779,4,,,,,,,
1473074960315140,,13731545211077574562,13333680593888175126,17011189496625395045,4,,,,,,,
1473074960447857,,66504084400897067,16837323535648980625,17816259169061586227,4,,,,,,,
1473074960003710,,1902892690231196145,7992495900324744611,,0,,,,,,,
1473074960803974,,1902892690231196145,7992495900324744611,PU #3,1,,,,,,,
1473074960003706,,1902892690231196145,7992495900324744637,,0,,,,,,,
1473074960804109,,1902892690231196145,7992495900324744637,PU #5,1,,,,,,,
1473074960003704,,1902892690231196145,12778985751293823802,,0,,,,,,,
1473074960804255,,1902892690231196145,12778985751293823802,PU #4,1,,,,,,,
1473074960003707,,1902892690231196145,7992495900324744638,,0,,,,,,,
1473074960804381,,1902892690231196145,7992495900324744638,PU #5,1,,,,,,,
1473074960003708,,1902892690231196145,7992495900324744639,,0,,,,,,,
1473074960804501,,1902892690231196145,7992495900324744639,PU #3,1,,,,,,,
1473074960003708,,1902892690231196145,7992495900324744608,,0,,,,,,,
1473074960804631,,1902892690231196145,7992495900324744608,PU #1,1,,,,,,,
1473074960003709,,1902892690231196145,7992495900324744609,,0,,,,,,,
1473074960806463,,1902892690231196145,7992495900324744609,PU #8,1,,,,,,,
1473074960003710,,1902892690231196145,7992495900324744610,,0,,,,,,,
1473074960806850,,1902892690231196145,7992495900324744610,PU #10,1,,,,,,,
1473074960900815,,13731545211077574562,6719940525079354095,11345873810609397285,4,,,,,,,
1473074961747252,,13731545211077574562,13333680593888175123,13244780307630691482,4,,,,,,,
1473074963073339,,66504084400897067,16837323535648980616,7199876940601124209,4,,,,,,,
1473074963238644,,66504084400897067,16837323535648980618,1484233998206370020,4,,,,,,,
1473074963323758,,66504084400897067,16837323535648980628,3709103589954386985,4,,,,,,,
1473074963659705,,66504084400897067,16837323535648980627,2537293293005110808,4,,,,,,,
1473074963980988,,66504084400897067,16837323535648980620,13669819167971558302,4,,,,,,,
1473074964058321,,66504084400897067,16837323535648980623,6813758942147195797,4,,,,,,,
1473074964256710,,66504084400897067,16837323535648980619,16104433161137600677,4,,,,,,,
1473074964260399,,66504084400897067,16837323535648980626,12204778727992707733,4,,,,,,,
1473074964287350,,844158754566594332,9879730582417270672,8783068781425628900,4,,,,,,,
1473074964313742,,66504084400897067,3243496152900521284,8780601210072238370,4,,,,,,,
1473074964408412,,66504084400897067,16837323535648980631,18397038114275363129,4,,,,,,,
1473074964426516,,844158754566594332,3807618784005711345,5394505087920769274,4,,,,,,,
1473074964624297,,66504084400897067,16837323535648980624,5108068219828989055,4,,,,,,,
1473074964005545,,4634664928811837281,15257043297875380320,,0,,,,,,,
1473074964807734,,4634664928811837281,15257043297875380320,PU #4,1,,,,,,,
1473074964005546,,4634664928811837281,15257043297875380321,,0,,,,,,,
1473074964808177,,4634664928811837281,15257043297875380321,PU #2,1,,,,,,,
1473074964005547,,4634664928811837281,15257043297875380322,,0,,,,,,,
1473074964808572,,4634664928811837281,15257043297875380322,PU #9,1,,,,,,,
1473074964005542,,4634664928811837281,15257043297875380324,,0,,,,,,,
1473074964808842,,4634664928811837281,15257043297875380324,PU #2,1,,,,,,,
1473074964005542,,4634664928811837281,15257043297875380325,,0,,,,,,,
1473074964809080,,4634664928811837281,15257043297875380325,PU #6,1,,,,,,,
1473074964005543,,4634664928811837281,15257043297875380326,,0,,,,,,,
1473074964809295,,4634664928811837281,15257043297875380326,PU #3,1,,,,,,,
1473074964005534,,4634664928811837281,4000486285316103821,,0,,,,,,,
1473074964809510,,4634664928811837281,4000486285316103821,PU #1,1,,,,,,,
1473074964005545,,4634664928811837281,15257043297875380327,,0,,,,,,,
1473074964809663,,4634664928811837281,15257043297875380327,PU #4,1,,,,,,,
1473074964005540,,4634664928811837281,15257043297875380328,,0,,,,,,,
1473074964809822,,4634664928811837281,15257043297875380328,PU #0,1,,,,,,,
1473074964005540,,4634664928811837281,15257043297875380329,,0,,,,,,,
1473074964810012,,4634664928811837281,15257043297875380329,PU #3,1,,,,,,,
1473074964005541,,4634664928811837281,15257043297875380330,,0,,,,,,,
1473074964810201,,4634664928811837281,15257043297875380330,PU #5,1,,,,,,,
1473074964005541,,4634664928811837281,15257043297875380331,,0,,,,,,,
1473074964810447,,4634664928811837281,15257043297875380331,PU #5,1,,,,,,,
1473074964005537,,4634664928811837281,15257043297875380332,,0,,,,,,,
1473074964810617,,4634664928811837281,15257043297875380332,PU #6,1,,,,,,,
1473074964005538,,4634664928811837281,15257043297875380333,,0,,,,,,,
1473074964810798,,4634664928811837281,15257043297875380333,PU #1,1,,,,,,,
1473074964005538,,4634664928811837281,15257043297875380334,,0,,,,,,,
1473074964810951,,4634664928811837281,15257043297875380334,PU #2,1,,,,,,,
1473074964005539,,4634664928811837281,15257043297875380335,,0,,,,,,,
1473074964811135,,4634664928811837281,15257043297875380335,PU #9,1,,,,,,,
1473074964963956,,66504084400897067,16837323535648980621,3544643591758153699,4,,,,,,,
1473074965389040,,66504084400897067,16837323535648980629,12852228531220481488,4,,,,,,,
1473074965833714,,66504084400897067,16837323535648980622,15620687430451106667,4,,,,,,,
1473074966697754,,66504084400897067,16837323535648980630,15573022927344196655,4,,,,,,,
1473074966002897,,1396881854287194817,5542033037285218853,,0,,,,,,,
1473074966803166,,1396881854287194817,5542033037285218853,PU #2,1,,,,,,,
1473074966002900,,1396881854287194817,18283152466336945439,,0,,,,,,,
1473074966803406,,1396881854287194817,18283152466336945439,PU #4,1,,,,,,,
1473074967500101,,1902892690231196145,7992495900324744609,10523453925400090122,4,,,,,,,
1473074967936473,,1902892690231196145,7992495900324744638,2336196215452621013,4,,,,,,,
1473074968138609,,1902892690231196145,7992495900324744610,14302353196813480184,4,,,,,,,
1473074968173413,,1902892690231196145,12778985751293823802,10827923422662194887,4,,,,,,,
1473074968734479,,1902892690231196145,7992495900324744611,37428115284624567,4,,,,,,,
1473074968004078,,10621588867918573040,3638553233027358669,,0,,,,,,,
1473074968804499,,10621588867918573040,3638553233027358669,PU #1,1,,,,,,,
1473074968004086,,10621588867918573040,11185889588672147880,,0,,,,,,,
1473074968804732,,10621588867918573040,11185889588672147880,PU #5,1,,,,,,,
1473074968004086,,10621588867918573040,11185889588672147881,,0,,,,,,,
1473074968804969,,10621588867918573040,11185889588672147881,PU #4,1,,,,,,,
1473074968004085,,10621588867918573040,11185889588672147882,,0,,,,,,,
1473074968805185,,10621588867918573040,11185889588672147882,PU #3,1,,,,,,,
1473074968004087,,10621588867918573040,11185889588672147894,,0,,,,,,,
1473074968805357,,10621588867918573040,11185889588672147894,PU #1,1,,,,,,,
1473074968004085,,10621588867918573040,11185889588672147883,,0,,,,,,,
1473074968805572,,10621588867918573040,11185889588672147883,PU #3,1,,,,,,,
1473074968004081,,10621588867918573040,11185889588672147884,,0,,,,,,,
1473074968805728,,10621588867918573040,11185889588672147884,PU #8,1,,,,,,,
1473074968004082,,10621588867918573040,11185889588672147885,,0,,,,,,,
1473074968805933,,10621588867918573040,11185889588672147885,PU #9,1,,,,,,,
1473074969291878,,1902892690231196145,7992495900324744639,17950505822994386962,4,,,,,,,
1473074969321580,,1902892690231196145,7992495900324744608,10190019964829034468,4,,,,,,,
1473074970158866,,1902892690231196145,7992495900324744637,4187083953675917516,4,,,,,,,
1473074971619451,,4634664928811837281,15257043297875380335,2140571017597925379,4,,,,,,,
1473074971733669,,4634664928811837281,4000486285316103821,942064182724729618,4,,,,,,,
1473074971783781,,4634664928811837281,15257043297875380331,7970000041601888935,4,,,,,,,
1473074971889688,,4634664928811837281,15257043297875380332,8375227504753369829,4,,,,,,,
1473074971960403,,1396881854287194817,18283152466336945439,9840361996135650556,4,,,,,,,
1473074972247601,,4634664928811837281,15257043297875380321,11303461661504787271,4,,,,,,,
1473074972283070,,4634664928811837281,15257043297875380322,18397038114275363129,4,,,,,,,
1473074972005470,,15540582307994478313,7063708877602160143,,0,,,,,,,
1473074972805773,,15540582307994478313,7063708877602160143,PU #7,1,,,,,,,
1473074972005469,,15540582307994478313,7063708877602160128,,0,,,,,,,
1473074972805940,,15540582307994478313,7063708877602160128,PU #2,1,,,,,,,
1473074972005464,,15540582307994478313,7063708877602160152,,0,,,,,,,
1473074972806070,,15540582307994478313,7063708877602160152,PU #11,1,,,,,,,
1473074972005468,,15540582307994478313,7063708877602160129,,0,,,,,,,
1473074972806243,,15540582307994478313,7063708877602160129,PU #3,1,,,,,,,
1473074972005461,,15540582307994478313,7063708877602160153,,0,,,,,,,
1473074972806446,,15540582307994478313,7063708877602160153,PU #2,1,,,,,,,
1473074972005468,,15540582307994478313,7063708877602160130,,0,,,,,,,
1473074972806586,,15540582307994478313,7063708877602160130,PU #11,1,,,,,,,
1473074972005467,,15540582307994478313,7063708877602160131,,0,,,,,,,
1473074972806761,,15540582307994478313,7063708877602160131,PU #1,1,,,,,,,
1473074972005467,,15540582307994478313,7063708877602160132,,0,,,,,,,
1473074972806890,,15540582307994478313,7063708877602160132,PU #7,1,,,,,,,
1473074972005466,,15540582307994478313,7063708877602160133,,0,,,,,,,
1473074972807019,,15540582307994478313,7063708877602160133,PU #0,1,,,,,,,
1473074972005465,,15540582307994478313,7063708877602160134,,0,,,,,,,
1473074972807158,,15540582307994478313,7063708877602160134,PU #0,1,,,,,,,
1473074972005465,,15540582307994478313,7063708877602160135,,0,,,,,,,
1473074972807304,,15540582307994478313,7063708877602160135,PU #0,1,,,,,,,
1473074972005472,,15540582307994478313,7063708877602160139,,0,,,,,,,
1473074972807458,,15540582307994478313,7063708877602160139,PU #6,1,,,,,,,
1473074972005471,,15540582307994478313,7063708877602160140,,0,,,,,,,
1473074972807597,,15540582307994478313,7063708877602160140,PU #0,1,,,,,,,
1473074972005471,,15540582307994478313,7063708877602160141,,0,,,,,,,
1473074972807777,,15540582307994478313,7063708877602160141,PU #11,1,,,,,,,
1473074972005459,,15540582307994478313,7318409564290224360,,0,,,,,,,
1473074972807943,,15540582307994478313,7318409564290224360,PU #0,1,,,,,,,
1473074972005470,,15540582307994478313,7063708877602160142,,0,,,,,,,
1473074972808103,,15540582307994478313,7063708877602160142,PU #3,1,,,,,,,
1473074972910458,,4634664928811837281,15257043297875380334,1514863780550564736,4,,,,,,,
1473074972949001,,4634664928811837281,15257043297875380333,195297945363576455,4,,,,,,,
1473074972958777,,4634664928811837281,15257043297875380329,11532006900194855855,4,,,,,,,
1473074973088182,,4634664928811837281,15257043297875380330,11345873810609397285,4,,,,,,,
1473074973326812,,4634664928811837281,15257043297875380325,10799470549593697952,4,,,,,,,
1473074973352226,,4634664928811837281,15257043297875380320,13725848448056813429,4,,,,,,,
1473074973451487,,1396881854287194817,5542033037285218853,2096433030540452871,4,,,,,,,
1473074973617442,,4634664928811837281,15257043297875380326,1743817022042848721,4,,,,,,,
1473074974261001,,10621588867918573040,11185889588672147883,15374814100806993780,4,,,,,,,
1473074974541870,,10621588867918573040,11185889588672147884,7839706403148766480,4,,,,,,,
1473074974002538,,3987666887009828110,3102090987084924827,,0,,,,,,,
1473074974804487,,3987666887009828110,3102090987084924827,PU #10,1,,,,,,,
1473074974002540,,3987666887009828110,15618941657761170768,,0,,,,,,,
1473074974804872,,3987666887009828110,15618941657761170768,PU #7,1,,,,,,,
1473074975247184,,10621588867918573040,11185889588672147885,906025556471407988,4,,,,,,,
1473074975904407,,10621588867918573040,11185889588672147882,8630346106144156926,4,,,,,,,
1473074976697550,,10621588867918573040,11185889588672147894,15247786840751950142,4,,,,,,,
1473074976003835,,9857393627594265953,17999452938818586182,,0,,,,,,,
1473074976804162,,9857393627594265953,17999452938818586182,PU #10,1,,,,,,,
1473074976003837,,9857393627594265953,17999452938818586183,,0,,,,,,,
1473074976804298,,9857393627594265953,17999452938818586183,PU #10,1,,,,,,,
1473074976003832,,9857393627594265953,7821313463692759143,,0,,,,,,,
1473074976804458,,9857393627594265953,7821313463692759143,PU #11,1,,,,,,,
1473074976003838,,9857393627594265953,17999452938818586176,,0,,,,,,,
1473074976804584,,9857393627594265953,17999452938818586176,PU #2,1,,,,,,,
1473074976003840,,9857393627594265953,17999452938818586188,,0,,,,,,,
1473074976804706,,9857393627594265953,17999452938818586188,PU #10,1,,,,,,,
1473074976003838,,9857393627594265953,17999452938818586177,,0,,,,,,,
1473074976804826,,9857393627594265953,17999452938818586177,PU #9,1,,,,,,,
1473074976003839,,9857393627594265953,17999452938818586178,,0,,,,,,,
1473074976804956,,9857393627594265953,17999452938818586178,PU #5,1,,,,,,,
1473074976003840,,9857393627594265953,17999452938818586179,,0,,,,,,,
1473074976805105,,9857393627594265953,17999452938818586179,PU #3,1,,,,,,,
1473074978072318,,4634664928811837281,15257043297875380327,4359099637834760721,4,,,,,,,
1473074978938907,,15540582307994478313,7063708877602160135,8784819192379802324,4,,,,,,,
1473074979060782,,4634664928811837281,15257043297875380328,18139937873059470368,4,,,,,,,
1473074979254828,,15540582307994478313,7063708877602160130,10858460826978241813,4,,,,,,,
1473074979278377,,15540582307994478313,7063708877602160153,11303461661504787271,4,,,,,,,
1473074979339154,,10621588867918573040,11185889588672147880,8682439329445740681,4,,,,,,,
1473074979386488,,15540582307994478313,7063708877602160133,2202284851991273404,4,,,,,,,
1473074979704152,,15540582307994478313,7063708877602160134,9049740698325146129,4,,,,,,,
1473074979963656,,15540582307994478313,7063708877602160128,16496069401970343120,4,,,,,,,
1473074980330765,,10621588867918573040,11185889588672147881,8298602194697029209,4,,,,,,,
1473074980514865,,15540582307994478313,7063708877602160140,11032170776854082651,4,,,,,,,
1473074980566202,,10621588867918573040,3638553233027358669,1317014969351242130,4,,,,,,,
1473074980681758,,15540582307994478313,7063708877602160131,6464439403077693458,4,,,,,,,
1473074980790963,,3987666887009828110,3102090987084924827,4832496988651714486,4,,,,,,,
1473074980005484,,9280551041625934097,14466306371446881758,,0,,,,,,,
1473074980805795,,9280551041625934097,14466306371446881758,PU #5,1,,,,,,,
1473074980005482,,9280551041625934097,14466306371446881759,,0,,,,,,,
1473074980805970,,9280551041625934097,14466306371446881759,PU #4,1,,,,,,,
1473074980005489,,9280551041625934097,14466306371446881744,,0,,,,,,,
1473074980806114,,9280551041625934097,14466306371446881744,PU #10,1,,,,,,,
1473074980005489,,9280551041625934097,14466306371446881745,,0,,,,,,,
1473074980806328,,9280551041625934097,14466306371446881745,PU #11,1,,,,,,,
1473074980005490,,9280551041625934097,14466306371446881747,,0,,,,,,,
1473074980806467,,9280551041625934097,14466306371446881747,PU #5,1,,,,,,,
1473074980005487,,9280551041625934097,14466306371446881748,,0,,,,,,,
1473074980806595,,9280551041625934097,14466306371446881748,PU #5,1,,,,,,,
1473074980005487,,9280551041625934097,14466306371446881749,,0,,,,,,,
1473074980806718,,9280551041625934097,14466306371446881749,PU #1,1,,,,,,,
1473074980005488,,9280551041625934097,14466306371446881750,,0,,,,,,,
1473074980807217,,9280551041625934097,14466306371446881750,PU #6,1,,,,,,,
1473074980005488,,9280551041625934097,14466306371446881751,,0,,,,,,,
1473074980807332,,9280551041625934097,14466306371446881751,PU #8,1,,,,,,,
1473074980005479,,9280551041625934097,3095072451801980859,,0,,,,,,,
1473074980807577,,9280551041625934097,3095072451801980859,PU #11,1,,,,,,,
1473074980005485,,9280551041625934097,14466306371446881752,,0,,,,,,,
1473074980807750,,9280551041625934097,14466306371446881752,PU #8,1,,,,,,,
1473074980005485,,9280551041625934097,14466306371446881753,,0,,,,,,,
1473074980807915,,9280551041625934097,14466306371446881753,PU #8,1,,,,,,,
1473074980005486,,9280551041625934097,14466306371446881754,,0,,,,,,,
1473074980808039,,9280551041625934097,14466306371446881754,PU #2,1,,,,,,,
1473074980005486,,9280551041625934097,14466306371446881755,,0,,,,,,,
1473074980808161,,9280551041625934097,14466306371446881755,PU #11,1,,,,,,,
1473074980005482,,9280551041625934097,14466306371446881756,,0,,,,,,,
1473074980808286,,9280551041625934097,14466306371446881756,PU #6,1,,,,,,,
1473074980005481,,9280551041625934097,14466306371446881757,,0,,,,,,,
1473074980808440,,9280551041625934097,14466306371446881757,PU #10,1,,,,,,,
1473074981195108,,3987666887009828110,15618941657761170768,16520250975403001349,4,,,,,,,
1473074981483073,,15540582307994478313,7318409564290224360,2709143838374946510,4,,,,,,,
1473074981686495,,15540582307994478313,7063708877602160132,12624326921316228599,4,,,,,,,
1473074982613358,,9857393627594265953,17999452938818586182,16418008010490895386,4,,,,,,,
1473074982002617,,602118759297846560,1556338476732134075,,0,,,,,,,
1473074982802961,,602118759297846560,1556338476732134075,PU #1,1,,,,,,,
1473074982002615,,602118759297846560,10513657170332173772,,0,,,,,,,
1473074982803142,,602118759297846560,10513657170332173772,PU #4,1,,,,,,,
1473074982856524,,15540582307994478313,7063708877602160129,11002865075290528818,4,,,,,,,
1473074982901039,,9857393627594265953,17999452938818586176,7199876940601124209,4,,,,,,,
1473074983329001,,9857393627594265953,17999452938818586178,12837175779377048704,4,,,,,,,
1473074983399051,,9857393627594265953,17999452938818586179,17950505822994386962,4,,,,,,,
1473074983633240,,9857393627594265953,17999452938818586188,8124757549184404909,4,,,,,,,
1473074983705382,,15540582307994478313,7063708877602160152,5568701348671103665,4,,,,,,,
1473074983888753,,4634664928811837281,15257043297875380324,11870473981839186256,4,,,,,,,
1473074984119113,,15540582307994478313,7063708877602160139,7277157775948672467,4,,,,,,,
1473074984297736,,9857393627594265953,17999452938818586183,12757353612365724006,4,,,,,,,
1473074984465421,,9857393627594265953,17999452938818586177,906025556471407988,4,,,,,,,
1473074984003968,,4763681354511496001,4878392893627877152,,0,,,,,,,
1473074984804357,,4763681354511496001,4878392893627877152,PU #7,1,,,,,,,
1473074984003967,,4763681354511496001,4878392893627877153,,0,,,,,,,
1473074984804525,,4763681354511496001,4878392893627877153,PU #6,1,,,,,,,
1473074984003970,,4763681354511496001,4878392893627877154,,0,,,,,,,
1473074984804699,,4763681354511496001,4878392893627877154,PU #4,1,,,,,,,
1473074984003969,,4763681354511496001,4878392893627877155,,0,,,,,,,
1473074984804868,,4763681354511496001,4878392893627877155,PU #9,1,,,,,,,
1473074984003972,,4763681354511496001,4878392893627877180,,0,,,,,,,
1473074984805047,,4763681354511496001,4878392893627877180,PU #3,1,,,,,,,
1473074984003971,,4763681354511496001,4878392893627877181,,0,,,,,,,
1473074984805227,,4763681354511496001,4878392893627877181,PU #1,1,,,,,,,
1473074984003973,,4763681354511496001,4878392893627877183,,0,,,,,,,
1473074984805646,,4763681354511496001,4878392893627877183,PU #1,1,,,,,,,
1473074984003965,,4763681354511496001,13902580025216557498,,0,,,,,,,
1473074984805857,,4763681354511496001,13902580025216557498,PU #1,1,,,,,,,
1473074985609707,,9280551041625934097,14466306371446881754,5611478128162526316,4,,,,,,,
1473074985767007,,9857393627594265953,7821313463692759143,18219205717424622317,4,,,,,,,
1473074986704223,,15540582307994478313,7063708877602160142,11258693832838534255,4,,,,,,,
1473074986791026,,15540582307994478313,7063708877602160143,6069122973187132996,4,,,,,,,
1473074987169376,,15540582307994478313,7063708877602160141,5703023292155827773,4,,,,,,,
1473074987365834,,9280551041625934097,14466306371446881758,3090027667011811656,4,,,,,,,
1473074987491023,,9280551041625934097,14466306371446881750,3709103589954386985,4,,,,,,,
1473074987501190,,9280551041625934097,14466306371446881759,17019520688454287513,4,,,,,,,
1473074987577527,,9280551041625934097,3095072451801980859,11633343505245590058,4,,,,,,,
1473074987709939,,9280551041625934097,14466306371446881747,12391129714481465863,4,,,,,,,
1473074987936756,,9280551041625934097,14466306371446881757,6632285673723748094,4,,,,,,,
1473074988069520,,9280551041625934097,14466306371446881745,14195863767149723993,4,,,,,,,
1473074988191455,,602118759297846560,10513657170332173772,949826589356521781,4,,,,,,,
1473074988005394,,822748033486831878,11193285163854750770,,0,,,,,,,
1473074988805689,,822748033486831878,11193285163854750770,PU #6,1,,,,,,,
1473074988005396,,822748033486831878,11193285163854750771,,0,,,,,,,
1473074988807578,,822748033486831878,11193285163854750771,PU #6,1,,,,,,,
1473074988005403,,822748033486831878,11193285163854750752,,0,,,,,,,
1473074988807942,,822748033486831878,11193285163854750752,PU #5,1,,,,,,,
1473074988005398,,822748033486831878,11193285163854750776,,0,,,,,,,
1473074988808134,,822748033486831878,11193285163854750776,PU #9,1,,,,,,,
1473074988005399,,822748033486831878,11193285163854750777,,0,,,,,,,
1473074988809701,,822748033486831878,11193285163854750777,PU #4,1,,,,,,,
1473074988005400,,822748033486831878,11193285163854750778,,0,,,,,,,
1473074988809967,,822748033486831878,11193285163854750778,PU #2,1,,,,,,,
1473074988005401,,822748033486831878,11193285163854750756,,0,,,,,,,
1473074988810194,,822748033486831878,11193285163854750756,PU #3,1,,,,,,,
1473074988005400,,822748033486831878,11193285163854750779,,0,,,,,,,
1473074988810383,,822748033486831878,11193285163854750779,PU #3,1,,,,,,,
1473074988005401,,822748033486831878,11193285163854750757,,0,,,,,,,
1473074988810529,,822748033486831878,11193285163854750757,PU #7,1,,,,,,,
1473074988005396,,822748033486831878,11193285163854750780,,0,,,,,,,
1473074988810683,,822748033486831878,11193285163854750780,PU #11,1,,,,,,,
1473074988005402,,822748033486831878,11193285163854750758,,0,,,,,,,
1473074988812534,,822748033486831878,11193285163854750758,PU #1,1,,,,,,,
1473074988005392,,822748033486831878,13631072441691646733,,0,,,,,,,
1473074988813056,,822748033486831878,13631072441691646733,PU #5,1,,,,,,,
1473074988005397,,822748033486831878,11193285163854750781,,0,,,,,,,
1473074988813214,,822748033486831878,11193285163854750781,PU #3,1,,,,,,,
1473074988005402,,822748033486831878,11193285163854750759,,0,,,,,,,
1473074988813401,,822748033486831878,11193285163854750759,PU #6,1,,,,,,,
1473074988005397,,822748033486831878,11193285163854750782,,0,,,,,,,
1473074988813542,,822748033486831878,11193285163854750782,PU #2,1,,,,,,,
1473074988005398,,822748033486831878,11193285163854750783,,0,,,,,,,
1473074988813699,,822748033486831878,11193285163854750783,PU #10,1,,,,,,,
1473074988947516,,9280551041625934097,14466306371446881748,13640725597942336741,4,,,,,,,
1473074988973709,,9280551041625934097,14466306371446881756,546457904509994483,4,,,,,,,
1473074989770039,,9280551041625934097,14466306371446881755,4820898362058992477,4,,,,,,,
1473074990261945,,9280551041625934097,14466306371446881744,6813758942147195797,4,,,,,,,
1473074990395955,,9280551041625934097,14466306371446881749,13434545754993672051,4,,,,,,,
1473074990622252,,9280551041625934097,14466306371446881751,5953543772618772067,4,,,,,,,
1473074990002646,,129719179166556010,6848664463873881981,,0,,,,,,,
1473074990803032,,129719179166556010,6848664463873881981,PU #0,1,,,,,,,
1473074990002649,,129719179166556010,13142504389050794959,,0,,,,,,,
1473074990803189,,129719179166556010,13142504389050794959,PU #8,1,,,,,,,
1473074991093597,,4763681354511496001,13902580025216557498,1317014969351242130,4,,,,,,,
1473074991210066,,9280551041625934097,14466306371446881753,13039987883140361779,4,,,,,,,
1473074991361934,,4763681354511496001,4878392893627877152,12050253518212834318,4,,,,,,,
1473074991572610,,602118759297846560,1556338476732134075,10520257741492348593,4,,,,,,,
1473074991637363,,9280551041625934097,14466306371446881752,12161662486147087237,4,,,,,,,
1473074991797330,,4763681354511496001,4878392893627877183,13917327298420997210,4,,,,,,,
1473074992167080,,4763681354511496001,4878392893627877181,8291607312867417937,4,,,,,,,
1473074992436381,,4763681354511496001,4878392893627877180,15016062328757266316,4,,,,,,,
1473074992003835,,10871454834772557847,8326487666043590307,,0,,,,,,,
1473074992804202,,10871454834772557847,8326487666043590307,PU #11,1,,,,,,,
1473074992003829,,10871454834772557847,8326487666043590333,,0,,,,,,,
1473074992804350,,10871454834772557847,8326487666043590333,PU #4,1,,,,,,,
1473074992003832,,10871454834772557847,8326487666043590334,,0,,,,,,,
1473074992804494,,10871454834772557847,8326487666043590334,PU #5,1,,,,,,,
1473074992003832,,10871454834772557847,8326487666043590335,,0,,,,,,,
1473074992806442,,10871454834772557847,8326487666043590335,PU #7,1,,,,,,,
1473074992003827,,10871454834772557847,11039327274699513796,,0,,,,,,,
1473074992806817,,10871454834772557847,11039327274699513796,PU #11,1,,,,,,,
1473074992003833,,10871454834772557847,8326487666043590304,,0,,,,,,,
1473074992807011,,10871454834772557847,8326487666043590304,PU #11,1,,,,,,,
1473074992003833,,10871454834772557847,8326487666043590305,,0,,,,,,,
1473074992807216,,10871454834772557847,8326487666043590305,PU #3,1,,,,,,,
1473074992003834,,10871454834772557847,8326487666043590306,,0,,,,,,,
1473074992807384,,10871454834772557847,8326487666043590306,PU #6,1,,,,,,,
1473074993732137,,4763681354511496001,4878392893627877155,18397038114275363129,4,,,,,,,
1473074994375356,,4763681354511496001,4878392893627877154,14436358018474882319,4,,,,,,,
1473074994513865,,4763681354511496001,4878392893627877153,15573022927344196655,4,,,,,,,
1473074994972290,,822748033486831878,11193285163854750780,9424809748706221667,4,,,,,,,
1473074995250338,,822748033486831878,11193285163854750770,7704786824220362297,4,,,,,,,
1473074995642498,,822748033486831878,11193285163854750776,8783068781425628900,4,,,,,,,
1473074995654830,,822748033486831878,11193285163854750756,11258693832838534255,4,,,,,,,
1473074995663101,,822748033486831878,13631072441691646733,16153398807836512180,4,,,,,,,
1473074995833795,,822748033486831878,11193285163854750759,1649104449920785485,4,,,,,,,
1473074996191523,,822748033486831878,11193285163854750782,5611478128162526316,4,,,,,,,
1473074996228327,,822748033486831878,11193285163854750781,4466402581461595083,4,,,,,,,
1473074996423435,,10871454834772557847,8326487666043590305,13244780307630691482,4,,,,,,,
1473074996506924,,822748033486831878,11193285163854750778,14146323848397550472,4,,,,,,,
1473074996005612,,10416582121765917392,1449560810184361933,,0,,,,,,,
1473074996806019,,10416582121765917392,1449560810184361933,PU #10,1,,,,,,,
1473074996005619,,10416582121765917392,1449560810184361912,,0,,,,,,,
1473074996806224,,10416582121765917392,1449560810184361912,PU #5,1,,,,,,,
1473074996005620,,10416582121765917392,1449560810184361913,,0,,,,,,,
1473074996806378,,10416582121765917392,1449560810184361913,PU #11,1,,,,,,,
1473074996005618,,10416582121765917392,1449560810184361914,,0,,,,,,,
1473074996806525,,10416582121765917392,1449560810184361914,PU #4,1,,,,,,,
1473074996005619,,10416582121765917392,1449560810184361915,,0,,,,,,,
1473074996806700,,10416582121765917392,1449560810184361915,PU #11,1,,,,,,,
1473074996005620,,10416582121765917392,1449560810184361918,,0,,,,,,,
1473074996806882,,10416582121765917392,1449560810184361918,PU #2,1,,,,,,,
1473074996005621,,10416582121765917392,1449560810184361919,,0,,,,,,,
1473074996808856,,10416582121765917392,1449560810184361919,PU #2,1,,,,,,,
1473074996005615,,10416582121765917392,1449560810184361920,,0,,,,,,,
1473074996809196,,10416582121765917392,1449560810184361920,PU #10,1,,,,,,,
1473074996005615,,10416582121765917392,1449560810184361921,,0,,,,,,,
1473074996809402,,10416582121765917392,1449560810184361921,PU #3,1,,,,,,,
1473074996005614,,10416582121765917392,1449560810184361922,,0,,,,,,,
1473074996809650,,10416582121765917392,1449560810184361922,PU #5,1,,,,,,,
1473074996005614,,10416582121765917392,1449560810184361923,,0,,,,,,,
1473074996809891,,10416582121765917392,1449560810184361923,PU #8,1,,,,,,,
1473074996005617,,10416582121765917392,1449560810184361924,,0,,,,,,,
1473074996810067,,10416582121765917392,1449560810184361924,PU #7,1,,,,,,,
1473074996005609,,10416582121765917392,938068151228990417,,0,,,,,,,
1473074996810312,,10416582121765917392,938068151228990417,PU #2,1,,,,,,,
1473074996005618,,10416582121765917392,1449560810184361925,,0,,,,,,,
1473074996810476,,10416582121765917392,1449560810184361925,PU #0,1,,,,,,,
1473074996005616,,10416582121765917392,1449560810184361926,,0,,,,,,,
1473074996810676,,10416582121765917392,1449560810184361926,PU #3,1,,,,,,,
1473074996005617,,10416582121765917392,1449560810184361927,,0,,,,,,,
1473074996810827,,10416582121765917392,1449560810184361927,PU #4,1,,,,,,,
1473074997465020,,822748033486831878,11193285163854750783,6420723921595725562,4,,,,,,,
1473074997591706,,822748033486831878,11193285163854750779,14624055332059453870,4,,,,,,,
1473074997721103,,822748033486831878,11193285163854750757,17586732473831351655,4,,,,,,,
1473074998245947,,10871454834772557847,11039327274699513796,4820898362058992477,4,,,,,,,
1473074998492597,,822748033486831878,11193285163854750752,18264514031758212833,4,,,,,,,
1473074998522639,,129719179166556010,13142504389050794959,3405283305900188873,4,,,,,,,
1473074998002742,,13574356131950276912,6855158542287003731,,0,,,,,,,
1473074998803145,,13574356131950276912,6855158542287003731,PU #3,1,,,,,,,
1473074998002736,,13574356131950276912,3402493468649950672,,0,,,,,,,
1473074998803330,,13574356131950276912,3402493468649950672,PU #8,1,,,,,,,
1473074999029725,,10871454834772557847,8326487666043590334,6124536821586789347,4,,,,,,,
1473074999060033,,10871454834772557847,8326487666043590307,813429657334564310,4,,,,,,,
1473074999240059,,10871454834772557847,8326487666043590306,1097693179345526455,4,,,,,,,
1473074999360031,,129719179166556010,6848664463873881981,13282109742601766758,4,,,,,,,
1473075000673898,,10871454834772557847,8326487666043590333,17711650908496763263,4,,,,,,,
1473075000004095,,4440030386384696547,4804829590341230121,,0,,,,,,,
1473075000804519,,4440030386384696547,4804829590341230121,PU #9,1,,,,,,,
1473075000004094,,4440030386384696547,4804829590341230122,,0,,,,,,,
1473075000806598,,4440030386384696547,4804829590341230122,PU #10,1,,,,,,,
1473075000004092,,4440030386384696547,4804829590341230123,,0,,,,,,,
1473075000807119,,4440030386384696547,4804829590341230123,PU #9,1,,,,,,,
1473075000004092,,4440030386384696547,4804829590341230124,,0,,,,,,,
1473075000807405,,4440030386384696547,4804829590341230124,PU #3,1,,,,,,,
1473075000004082,,4440030386384696547,15238230181313582546,,0,,,,,,,
1473075000807725,,4440030386384696547,15238230181313582546,PU #7,1,,,,,,,
1473075000004091,,4440030386384696547,4804829590341230125,,0,,,,,,,
1473075000807961,,4440030386384696547,4804829590341230125,PU #2,1,,,,,,,
1473075000004089,,4440030386384696547,4804829590341230126,,0,,,,,,,
1473075000808198,,4440030386384696547,4804829590341230126,PU #8,1,,,,,,,
1473075000004085,,4440030386384696547,4804829590341230127,,0,,,,,,,
1473075000808511,,4440030386384696547,4804829590341230127,PU #5,1,,,,,,,
1473075001404676,,822748033486831878,11193285163854750758,5810355193749600435,4,,,,,,,
1473075002127534,,10871454834772557847,8326487666043590304,1405206693959234716,4,,,,,,,
1473075003163883,,10416582121765917392,1449560810184361922,10565564586520261190,4,,,,,,,
1473075003454274,,10416582121765917392,1449560810184361933,4999932444799180998,4,,,,,,,
1473075003471454,,10416582121765917392,1449560810184361923,17724056286742060782,4,,,,,,,
1473075003781566,,10416582121765917392,1449560810184361926,601339416012259820,4,,,,,,,
1473075003969359,,10416582121765917392,1449560810184361925,7706670299496369406,4,,,,,,,
1473075004487731,,4440030386384696547,4804829590341230125,14146323848397550472,4,,,,,,,
1473075004570320,,10416582121765917392,1449560810184361918,3443811331229913715,4,,,,,,,
1473075004005720,,14066918301421334695,2521744366585763568,,0,,,,,,,
1473075004806140,,14066918301421334695,2521744366585763568,PU #5,1,,,,,,,
1473075004005719,,14066918301421334695,2521744366585763569,,0,,,,,,,
1473075004806271,,14066918301421334695,2521744366585763569,PU #8,1,,,,,,,
1473075004005722,,14066918301421334695,2521744366585763570,,0,,,,,,,
1473075004806418,,14066918301421334695,2521744366585763570,PU #8,1,,,,,,,
1473075004005721,,14066918301421334695,2521744366585763571,,0,,,,,,,
1473075004806570,,14066918301421334695,2521744366585763571,PU #8,1,,,,,,,
1473075004005723,,14066918301421334695,2521744366585763572,,0,,,,,,,
1473075004806738,,14066918301421334695,2521744366585763572,PU #5,1,,,,,,,
1473075004005723,,14066918301421334695,2521744366585763573,,0,,,,,,,
1473075004806899,,14066918301421334695,2521744366585763573,PU #3,1,,,,,,,
1473075004005724,,14066918301421334695,2521744366585763574,,0,,,,,,,
1473075004807216,,14066918301421334695,2521744366585763574,PU #7,1,,,,,,,
1473075004005724,,14066918301421334695,2521744366585763575,,0,,,,,,,
1473075004807358,,14066918301421334695,2521744366585763575,PU #2,1,,,,,,,
1473075004005719,,14066918301421334695,2521744366585763582,,0,,,,,,,
1473075004807511,,14066918301421334695,2521744366585763582,PU #1,1,,,,,,,
1473075004005725,,14066918301421334695,2521744366585763560,,0,,,,,,,
1473075004807692,,14066918301421334695,2521744366585763560,PU #1,1,,,,,,,
1473075004005725,,14066918301421334695,2521744366585763561,,0,,,,,,,
1473075004807842,,14066918301421334695,2521744366585763561,PU #4,1,,,,,,,
1473075004005727,,14066918301421334695,2521744366585763562,,0,,,,,,,
1473075004808008,,14066918301421334695,2521744366585763562,PU #8,1,,,,,,,
1473075004005726,,14066918301421334695,2521744366585763563,,0,,,,,,,
1473075004808197,,14066918301421334695,2521744366585763563,PU #1,1,,,,,,,
1473075004005728,,14066918301421334695,2521744366585763564,,0,,,,,,,
1473075004808340,,14066918301421334695,2521744366585763564,PU #10,1,,,,,,,
1473075004005727,,14066918301421334695,2521744366585763565,,0,,,,,,,
1473075004808509,,14066918301421334695,2521744366585763565,PU #11,1,,,,,,,
1473075004005716,,14066918301421334695,2264003087557435875,,0,,,,,,,
1473075004808778,,14066918301421334695,2264003087557435875,PU #10,1,,,,,,,
1473075004881981,,10416582121765917392,1449560810184361920,13371593039931570048,4,,,,,,,
1473075004993838,,10416582121765917392,1449560810184361915,8124402473565275432,4,,,,,,,
1473075005805972,,10416582121765917392,1449560810184361927,4359099637834760721,4,,,,,,,
1473075005938099,,10416582121765917392,938068151228990417,12315367188029495522,4,,,,,,,
1473075006656240,,13574356131950276912,6855158542287003731,10274508088266999414,4,,,,,,,
1473075006761149,,13574356131950276912,3402493468649950672,5953543772618772067,4,,,,,,,
1473075006002527,,14230873063020927092,13752185064994147886,,0,,,,,,,
1473075006802813,,14230873063020927092,13752185064994147886,PU #7,1,,,,,,,
1473075006002531,,14230873063020927092,9220749505650418094,,0,,,,,,,
1473075006803001,,14230873063020927092,9220749505650418094,PU #11,1,,,,,,,
1473075006803829,,10416582121765917392,1449560810184361912,9956498907507961362,4,,,,,,,
1473075006855272,,822748033486831878,11193285163854750771,9702785927260120510,4,,,,,,,
1473075007121462,,4440030386384696547,4804829590341230124,6650594162456571482,4,,,,,,,
1473075007167195,,822748033486831878,11193285163854750777,13725848448056813429,4,,,,,,,
1473075008612026,,10416582121765917392,1449560810184361913,8003244741896000127,4,,,,,,,
1473075008743825,,4440030386384696547,15238230181313582546,8780601210072238370,4,,,,,,,
1473075008003960,,3624228857789308425,13540703469899153361,,0,,,,,,,
1473075008804390,,3624228857789308425,13540703469899153361,PU #5,1,,,,,,,
1473075008003961,,3624228857789308425,13540703469899153362,,0,,,,,,,
1473075008804577,,3624228857789308425,13540703469899153362,PU #9,1,,,,,,,
1473075008003962,,3624228857789308425,13540703469899153363,,0,,,,,,,
1473075008804771,,3624228857789308425,13540703469899153363,PU #7,1,,,,,,,
1473075008003964,,3624228857789308425,13540703469899153364,,0,,,,,,,
1473075008804963,,3624228857789308425,13540703469899153364,PU #4,1,,,,,,,
1473075008003965,,3624228857789308425,13540703469899153365,,0,,,,,,,
1473075008805166,,3624228857789308425,13540703469899153365,PU #1,1,,,,,,,
1473075008003966,,3624228857789308425,13540703469899153366,,0,,,,,,,
1473075008805348,,3624228857789308425,13540703469899153366,PU #8,1,,,,,,,
1473075008003967,,3624228857789308425,13540703469899153367,,0,,,,,,,
1473075008805531,,3624228857789308425,13540703469899153367,PU #1,1,,,,,,,
1473075008003957,,3624228857789308425,13800272096493987201,,0,,,,,,,
1473075008805755,,3624228857789308425,13800272096493987201,PU #8,1,,,,,,,
1473075008960007,,4440030386384696547,4804829590341230123,16148670431741156506,4,,,,,,,
1473075009110188,,10416582121765917392,1449560810184361914,16235727350845828058,4,,,,,,,
1473075009418547,,4440030386384696547,4804829590341230121,18001381086961828367,4,,,,,,,
1473075009699548,,10416582121765917392,1449560810184361921,3907602656878139751,4,,,,,,,
1473075009847934,,10416582121765917392,1449560810184361924,3196466423151196112,4,,,,,,,
1473075010005291,,10871454834772557847,8326487666043590335,15602955387706651931,4,,,,,,,
1473075010833551,,4440030386384696547,4804829590341230122,4832496988651714486,4,,,,,,,
1473075010834045,,4440030386384696547,4804829590341230127,2997059870161885313,4,,,,,,,
1473075010834855,,4440030386384696547,4804829590341230126,10491747474756303979,4,,,,,,,
1473075011526698,,14066918301421334695,2521744366585763565,10852441287475671024,4,,,,,,,
1473075011636817,,14066918301421334695,2521744366585763569,4545189869383806093,4,,,,,,,
1473075011871252,,14066918301421334695,2521744366585763582,13333423372283111872,4,,,,,,,
1473075012005570,,14066918301421334695,2521744366585763573,16287133358222748034,4,,,,,,,
1473075012051138,,14066918301421334695,2521744366585763570,17684532169584682059,4,,,,,,,
1473075012170599,,14066918301421334695,2521744366585763562,3816781413896891505,4,,,,,,,
1473075012200875,,14066918301421334695,2521744366585763574,12050253518212834318,4,,,,,,,
1473075012571755,,14066918301421334695,2521744366585763564,2750438000156460888,4,,,,,,,
1473075012647689,,14066918301421334695,2521744366585763572,16839660374231400298,4,,,,,,,
1473075012648780,,14230873063020927092,9220749505650418094,14624978681244271309,4,,,,,,,
1473075012711623,,10416582121765917392,1449560810184361919,14995024852962574951,4,,,,,,,
1473075012005400,,633900559984185154,16030855591582812296,,0,,,,,,,
1473075012805708,,633900559984185154,16030855591582812296,PU #11,1,,,,,,,
1473075012005403,,633900559984185154,16030855591582812274,,0,,,,,,,
1473075012805842,,633900559984185154,16030855591582812274,PU #9,1,,,,,,,
1473075012005391,,633900559984185154,15214896880935843826,,0,,,,,,,
1473075012806009,,633900559984185154,15214896880935843826,PU #8,1,,,,,,,
1473075012005401,,633900559984185154,16030855591582812297,,0,,,,,,,
1473075012806155,,633900559984185154,16030855591582812297,PU #9,1,,,,,,,
1473075012005399,,633900559984185154,16030855591582812298,,0,,,,,,,
1473075012806271,,633900559984185154,16030855591582812298,PU #2,1,,,,,,,
1473075012005402,,633900559984185154,16030855591582812276,,0,,,,,,,
1473075012806388,,633900559984185154,16030855591582812276,PU #9,1,,,,,,,
1473075012005400,,633900559984185154,16030855591582812299,,0,,,,,,,
1473075012806510,,633900559984185154,16030855591582812299,PU #2,1,,,,,,,
1473075012005403,,633900559984185154,16030855591582812277,,0,,,,,,,
1473075012806660,,633900559984185154,16030855591582812277,PU #4,1,,,,,,,
1473075012005398,,633900559984185154,16030855591582812300,,0,,,,,,,
1473075012806849,,633900559984185154,16030855591582812300,PU #4,1,,,,,,,
1473075012005401,,633900559984185154,16030855591582812278,,0,,,,,,,
1473075012807092,,633900559984185154,16030855591582812278,PU #9,1,,,,,,,
1473075012005398,,633900559984185154,16030855591582812301,,0,,,,,,,
1473075012807231,,633900559984185154,16030855591582812301,PU #5,1,,,,,,,
1473075012005402,,633900559984185154,16030855591582812279,,0,,,,,,,
1473075012807360,,633900559984185154,16030855591582812279,PU #1,1,,,,,,,
1473075012005396,,633900559984185154,16030855591582812302,,0,,,,,,,
1473075012807495,,633900559984185154,16030855591582812302,PU #8,1,,,,,,,
1473075012005397,,633900559984185154,16030855591582812303,,0,,,,,,,
1473075012807649,,633900559984185154,16030855591582812303,PU #7,1,,,,,,,
1473075012005393,,633900559984185154,16030855591582812288,,0,,,,,,,
1473075012807897,,633900559984185154,16030855591582812288,PU #8,1,,,,,,,
1473075012005396,,633900559984185154,16030855591582812289,,0,,,,,,,
1473075012808073,,633900559984185154,16030855591582812289,PU #5,1,,,,,,,
1473075012963670,,14066918301421334695,2521744366585763560,11392059454777738861,4,,,,,,,
1473075013488855,,14066918301421334695,2521744366585763571,8524144643652524573,4,,,,,,,
1473075013550933,,14066918301421334695,2521744366585763568,6141208748793497031,4,,,,,,,
1473075013573475,,14066918301421334695,2521744366585763561,9935764497571253468,4,,,,,,,
1473075013774094,,14230873063020927092,13752185064994147886,17816259169061586227,4,,,,,,,
1473075013862663,,14066918301421334695,2521744366585763563,1317014969351242130,4,,,,,,,
1473075014717130,,3624228857789308425,13800272096493987201,16777902517947616556,4,,,,,,,
1473075014734422,,14066918301421334695,2264003087557435875,17500053773440512882,4,,,,,,,
1473075014002576,,2345326617203011787,4804976839359192629,,0,,,,,,,
1473075014802894,,2345326617203011787,4804976839359192629,PU #1,1,,,,,,,
1473075014002574,,2345326617203011787,2635426044032942888,,0,,,,,,,
1473075014803087,,2345326617203011787,2635426044032942888,PU #5,1,,,,,,,
1473075015014354,,3624228857789308425,13540703469899153364,10827923422662194887,4,,,,,,,
1473075015148514,,3624228857789308425,13540703469899153363,8082559973412905623,4,,,,,,,
1473075015162194,,14066918301421334695,2521744366585763575,12556461376693845228,4,,,,,,,
1473075015650926,,3624228857789308425,13540703469899153362,12646370762188465115,4,,,,,,,
1473075016584766,,3624228857789308425,13540703469899153366,8854555470976534812,4,,,,,,,
1473075016003742,,8032755987660931836,1034108812157484933,,0,,,,,,,
1473075016804006,,8032755987660931836,1034108812157484933,PU #8,1,,,,,,,
1473075016003741,,8032755987660931836,1034108812157484934,,0,,,,,,,
1473075016804141,,8032755987660931836,1034108812157484934,PU #7,1,,,,,,,
1473075016003741,,8032755987660931836,1034108812157484935,,0,,,,,,,
1473075016804302,,8032755987660931836,1034108812157484935,PU #11,1,,,,,,,
1473075016003740,,8032755987660931836,1034108812157484936,,0,,,,,,,
1473075016804443,,8032755987660931836,1034108812157484936,PU #10,1,,,,,,,
1473075016003740,,8032755987660931836,1034108812157484937,,0,,,,,,,
1473075016804569,,8032755987660931836,1034108812157484937,PU #7,1,,,,,,,
1473075016003739,,8032755987660931836,1034108812157484938,,0,,,,,,,
1473075016804719,,8032755987660931836,1034108812157484938,PU #2,1,,,,,,,
1473075016003738,,8032755987660931836,1034108812157484939,,0,,,,,,,
1473075016804851,,8032755987660931836,1034108812157484939,PU #5,1,,,,,,,
1473075016003736,,8032755987660931836,6594512025822296663,,0,,,,,,,
1473075016805023,,8032755987660931836,6594512025822296663,PU #4,1,,,,,,,
1473075016877363,,3624228857789308425,13540703469899153367,631485669166868797,4,,,,,,,
1473075016928175,,3624228857789308425,13540703469899153361,10116818325579485718,4,,,,,,,
1473075017466603,,3624228857789308425,13540703469899153365,18171599951422081771,4,,,,,,,
1473075018391230,,633900559984185154,15214896880935843826,12161662486147087237,4,,,,,,,
1473075019098570,,633900559984185154,16030855591582812301,10047689061321597703,4,,,,,,,
1473075019221303,,633900559984185154,16030855591582812277,8073097341783518947,4,,,,,,,
1473075019363545,,633900559984185154,16030855591582812288,17724056286742060782,4,,,,,,,
1473075019481085,,633900559984185154,16030855591582812300,3544643591758153699,4,,,,,,,
1473075019546022,,633900559984185154,16030855591582812289,16104433161137600677,4,,,,,,,
1473075019844786,,633900559984185154,16030855591582812297,13447469031811998792,4,,,,,,,
1473075019875020,,633900559984185154,16030855591582812299,14003013375612019889,4,,,,,,,
1473075019876921,,633900559984185154,16030855591582812278,68043570226691940,4,,,,,,,
1473075019884924,,633900559984185154,16030855591582812296,1671513869473439811,4,,,,,,,
1473075020543258,,8032755987660931836,1034108812157484937,4031225411275238912,4,,,,,,,
1473075020580909,,8032755987660931836,1034108812157484935,1423917282767833285,4,,,,,,,
1473075020005486,,17262970100416221701,1094954755331407286,,0,,,,,,,
1473075020805792,,17262970100416221701,1094954755331407286,PU #5,1,,,,,,,
1473075020005486,,17262970100416221701,1094954755331407287,,0,,,,,,,
1473075020805928,,17262970100416221701,1094954755331407287,PU #1,1,,,,,,,
1473075020005488,,17262970100416221701,1094954755331407242,,0,,,,,,,
1473075020806080,,17262970100416221701,1094954755331407242,PU #5,1,,,,,,,
1473075020005489,,17262970100416221701,1094954755331407243,,0,,,,,,,
1473075020806319,,17262970100416221701,1094954755331407243,PU #9,1,,,,,,,
1473075020005480,,17262970100416221701,1094954755331407289,,0,,,,,,,
1473075020806469,,17262970100416221701,1094954755331407289,PU #5,1,,,,,,,
1473075020005482,,17262970100416221701,1094954755331407292,,0,,,,,,,
1473075020806601,,17262970100416221701,1094954755331407292,PU #6,1,,,,,,,
1473075020005483,,17262970100416221701,1094954755331407293,,0,,,,,,,
1473075020806728,,17262970100416221701,1094954755331407293,PU #0,1,,,,,,,
1473075020005481,,17262970100416221701,1094954755331407294,,0,,,,,,,
1473075020806853,,17262970100416221701,1094954755331407294,PU #10,1,,,,,,,
1473075020005482,,17262970100416221701,1094954755331407295,,0,,,,,,,
1473075020806978,,17262970100416221701,1094954755331407295,PU #10,1,,,,,,,
1473075020005485,,17262970100416221701,1094954755331407280,,0,,,,,,,
1473075020807100,,17262970100416221701,1094954755331407280,PU #5,1,,,,,,,
1473075020005479,,17262970100416221701,354583056583709401,,0,,,,,,,
1473075020807266,,17262970100416221701,354583056583709401,PU #3,1,,,,,,,
1473075020005485,,17262970100416221701,1094954755331407281,,0,,,,,,,
1473075020807428,,17262970100416221701,1094954755331407281,PU #6,1,,,,,,,
1473075020005484,,17262970100416221701,1094954755331407282,,0,,,,,,,
1473075020807633,,17262970100416221701,1094954755331407282,PU #4,1,,,,,,,
1473075020005484,,17262970100416221701,1094954755331407283,,0,,,,,,,
1473075020807756,,17262970100416221701,1094954755331407283,PU #5,1,,,,,,,
1473075020005487,,17262970100416221701,1094954755331407284,,0,,,,,,,
1473075020807883,,17262970100416221701,1094954755331407284,PU #1,1,,,,,,,
1473075020005488,,17262970100416221701,1094954755331407285,,0,,,,,,,
1473075020808062,,17262970100416221701,1094954755331407285,PU #2,1,,,,,,,
1473075021053560,,2345326617203011787,4804976839359192629,15349490466521306202,4,,,,,,,
1473075021108574,,633900559984185154,16030855591582812276,13017734695317968986,4,,,,,,,
1473075021875895,,633900559984185154,16030855591582812302,3405283305900188873,4,,,,,,,
1473075022002519,,2071611153464778400,10877617333814787963,,0,,,,,,,
1473075022802782,,2071611153464778400,10877617333814787963,PU #1,1,,,,,,,
1473075022002516,,2071611153464778400,8979526089346932948,,0,,,,,,,
1473075022802951,,2071611153464778400,8979526089346932948,PU #3,1,,,,,,,
1473075022943255,,8032755987660931836,1034108812157484933,16777902517947616556,4,,,,,,,
1473075023101408,,8032755987660931836,1034108812157484934,13594143336871392179,4,,,,,,,
1473075023158704,,8032755987660931836,1034108812157484936,14302353196813480184,4,,,,,,,
1473075024270265,,8032755987660931836,6594512025822296663,15942517049696606813,4,,,,,,,
1473075024710376,,8032755987660931836,1034108812157484938,12315367188029495522,4,,,,,,,
1473075024003782,,3352795704595885799,13949894771310606585,,0,,,,,,,
1473075024804048,,3352795704595885799,13949894771310606585,PU #0,1,,,,,,,
1473075024003780,,3352795704595885799,13949894771310606588,,0,,,,,,,
1473075024804208,,3352795704595885799,13949894771310606588,PU #11,1,,,,,,,
1473075024003779,,3352795704595885799,13949894771310606589,,0,,,,,,,
1473075024804368,,3352795704595885799,13949894771310606589,PU #2,1,,,,,,,
1473075024003778,,3352795704595885799,13949894771310606578,,0,,,,,,,
1473075024804495,,3352795704595885799,13949894771310606578,PU #10,1,,,,,,,
1473075024003781,,3352795704595885799,13949894771310606590,,0,,,,,,,
1473075024804617,,3352795704595885799,13949894771310606590,PU #6,1,,,,,,,
1473075024003777,,3352795704595885799,13949894771310606579,,0,,,,,,,
1473075024804839,,3352795704595885799,13949894771310606579,PU #3,1,,,,,,,
1473075024003774,,3352795704595885799,4075541838023115854,,0,,,,,,,
1473075024804993,,3352795704595885799,4075541838023115854,PU #4,1,,,,,,,
1473075024003780,,3352795704595885799,13949894771310606591,,0,,,,,,,
1473075024805132,,3352795704595885799,13949894771310606591,PU #5,1,,,,,,,
1473075024976384,,2345326617203011787,2635426044032942888,4187083953675917516,4,,,,,,,
1473075026069050,,17262970100416221701,1094954755331407283,9956498907507961362,4,,,,,,,
1473075027098936,,17262970100416221701,1094954755331407286,10565564586520261190,4,,,,,,,
1473075027304039,,17262970100416221701,354583056583709401,15374814100806993780,4,,,,,,,
1473075027394500,,17262970100416221701,1094954755331407294,13985902860116431244,4,,,,,,,
1473075027575662,,17262970100416221701,1094954755331407285,10680987356916546591,4,,,,,,,
1473075028378744,,17262970100416221701,1094954755331407243,15135273686779990004,4,,,,,,,
1473075028538330,,2071611153464778400,8979526089346932948,16287133358222748034,4,,,,,,,
1473075028594359,,633900559984185154,16030855591582812303,7508694909308569378,4,,,,,,,
1473075028005395,,4768189377454577020,18048289495206031424,,0,,,,,,,
1473075028805669,,4768189377454577020,18048289495206031424,PU #1,1,,,,,,,
1473075028005389,,4768189377454577020,18048289495206031448,,0,,,,,,,
1473075028805822,,4768189377454577020,18048289495206031448,PU #10,1,,,,,,,
1473075028005396,,4768189377454577020,18048289495206031425,,0,,,,,,,
1473075028805961,,4768189377454577020,18048289495206031425,PU #4,1,,,,,,,
1473075028005391,,4768189377454577020,18048289495206031449,,0,,,,,,,
1473075028806083,,4768189377454577020,18048289495206031449,PU #8,1,,,,,,,
1473075028005394,,4768189377454577020,18048289495206031426,,0,,,,,,,
1473075028806230,,4768189377454577020,18048289495206031426,PU #7,1,,,,,,,
1473075028005395,,4768189377454577020,18048289495206031427,,0,,,,,,,
1473075028806353,,4768189377454577020,18048289495206031427,PU #0,1,,,,,,,
1473075028005393,,4768189377454577020,18048289495206031428,,0,,,,,,,
1473075028806498,,4768189377454577020,18048289495206031428,PU #11,1,,,,,,,
1473075028005394,,4768189377454577020,18048289495206031429,,0,,,,,,,
1473075028806644,,4768189377454577020,18048289495206031429,PU #4,1,,,,,,,
1473075028005384,,4768189377454577020,10674796169714153110,,0,,,,,,,
1473075028806804,,4768189377454577020,10674796169714153110,PU #0,1,,,,,,,
1473075028005391,,4768189377454577020,18048289495206031430,,0,,,,,,,
1473075028806929,,4768189377454577020,18048289495206031430,PU #0,1,,,,,,,
1473075028005392,,4768189377454577020,18048289495206031431,,0,,,,,,,
1473075028807050,,4768189377454577020,18048289495206031431,PU #8,1,,,,,,,
1473075028005399,,4768189377454577020,18048289495206031434,,0,,,,,,,
1473075028807170,,4768189377454577020,18048289495206031434,PU #1,1,,,,,,,
1473075028005397,,4768189377454577020,18048289495206031436,,0,,,,,,,
1473075028807321,,4768189377454577020,18048289495206031436,PU #4,1,,,,,,,
1473075028005398,,4768189377454577020,18048289495206031437,,0,,,,,,,
1473075028807471,,4768189377454577020,18048289495206031437,PU #1,1,,,,,,,
1473075028005396,,4768189377454577020,18048289495206031438,,0,,,,,,,
1473075028807620,,4768189377454577020,18048289495206031438,PU #6,1,,,,,,,
1473075028005397,,4768189377454577020,18048289495206031439,,0,,,,,,,
1473075028807764,,4768189377454577020,18048289495206031439,PU #3,1,,,,,,,
1473075028990452,,17262970100416221701,1094954755331407287,17369185670323018193,4,,,,,,,
1473075029158426,,17262970100416221701,1094954755331407281,7190939023591991659,4,,,,,,,
1473075029534439,,17262970100416221701,1094954755331407289,5394505087920769274,4,,,,,,,
1473075029539477,,17262970100416221701,1094954755331407242,10116818325579485718,4,,,,,,,
1473075029557387,,633900559984185154,16030855591582812298,7199876940601124209,4,,,,,,,
1473075030562618,,8032755987660931836,1034108812157484939,5695274506103495223,4,,,,,,,
1473075030580618,,2071611153464778400,10877617333814787963,12452940195817875520,4,,,,,,,
1473075030801304,,17262970100416221701,1094954755331407293,938258312952676486,4,,,,,,,
1473075031014528,,3352795704595885799,13949894771310606589,15196472547211035651,4,,,,,,,
1473075031374619,,17262970100416221701,1094954755331407282,7428914211573701811,4,,,,,,,
1473075031534288,,633900559984185154,16030855591582812274,3525625380688366768,4,,,,,,,
1473075031644081,,17262970100416221701,1094954755331407295,6408163282291632118,4,,,,,,,
1473075031652478,,3352795704595885799,13949894771310606591,2241597724501598327,4,,,,,,,
1473075032545972,,3352795704595885799,13949894771310606588,1423917282767833285,4,,,,,,,
1473075032834740,,3352795704595885799,4075541838023115854,949826589356521781,4,,,,,,,
1473075032980304,,3352795704595885799,13949894771310606590,15901503622933687166,4,,,,,,,
1473075033158527,,17262970100416221701,1094954755331407280,16104433161137600677,4,,,,,,,
1473075033304983,,4768189377454577020,10674796169714153110,4315674117226773001,4,,,,,,,
1473075033540294,,633900559984185154,16030855591582812279,15183146511988170459,4,,,,,,,
1473075033788355,,3352795704595885799,13949894771310606578,1094175440307761364,4,,,,,,,
1473075034123158,,17262970100416221701,1094954755331407284,16135808076298968628,4,,,,,,,
1473075034260952,,17262970100416221701,1094954755331407292,1649104449920785485,4,,,,,,,
1473075035054116,,3352795704595885799,13949894771310606585,2202284851991273404,4,,,,,,,
1473075035395366,,4768189377454577020,18048289495206031436,17711650908496763263,4,,,,,,,
1473075035440232,,4768189377454577020,18048289495206031425,16128664823816738966,4,,,,,,,
1473075035566704,,4768189377454577020,18048289495206031449,12041694781358132768,4,,,,,,,
1473075035651229,,4768189377454577020,18048289495206031427,11666615854676652007,4,,,,,,,
1473075035711833,,4768189377454577020,18048289495206031424,13333423372283111872,4,,,,,,,
1473075035959903,,4768189377454577020,18048289495206031439,14624055332059453870,4,,,,,,,
1473075036111354,,4768189377454577020,18048289495206031430,9620465029033425616,4,,,,,,,
1473075036254726,,4768189377454577020,18048289495206031431,16777902517947616556,4,,,,,,,
1473075036552412,,4768189377454577020,18048289495206031438,6104904623491109916,4,,,,,,,
1473075036584640,,4768189377454577020,18048289495206031428,15100237051223934800,4,,,,,,,
1473075036816566,,4768189377454577020,18048289495206031429,17707286483351613960,4,,,,,,,
1473075037168651,,3352795704595885799,13949894771310606579,10279751198766334013,4,,,,,,,
1473075037217067,,4768189377454577020,18048289495206031434,15247786840751950142,4,,,,,,,
1473075037221177,,4768189377454577020,18048289495206031437,6605728564118486852,4,,,,,,,
1473075037778354,,4768189377454577020,18048289495206031448,16783572837087526016,4,,,,,,,
1473075037791605,,4768189377454577020,18048289495206031426,1235217895200225471,4,,,,,,,
