1462836656310477,6534,2059,14820,0,0,0,2,2,40,1293,0,1742,3,4,2,1288,1,1,1,2,0,40,0,1287,2,1,2,408,0,0,0,0,0,0,0,0,0,4,0,0,0,0,3,0,0,0,0,0,0,0
1462836658313242,7499,6262,17048,0,0,0,10,8,0,9,0,25,29,16,8,0,0,1,0,8,0,0,0,0,8,1,8,0,0,0,0,0,0,0,0,0,0,16,0,0,0,0,15,0,2,0,12,0,0,0
1462836662314610,7321,6213,17021,0,0,0,24,18,0,17,2,49,87,32,16,0,0,1,0,16,0,0,0,0,16,1,16,0,0,2,0,0,0,0,0,0,0,32,0,0,0,0,31,0,8,0,48,0,0,0
1462836664314770,7405,3020,17709,0,0,0,35,17,0,15,4,43,153,28,14,0,0,1,0,14,0,0,0,0,14,1,14,0,1,3,0,0,0,0,0,0,0,28,0,0,0,0,27,0,18,0,108,0,0,0
1462836664330875,6671,0,14486,0,0,0,37,2,0,3,0,7,122,4,2,0,0,1,0,2,0,0,0,0,2,1,2,0,0,0,0,0,0,0,0,0,0,4,0,0,0,0,3,0,17,0,102,0,0,0
1462836666311139,6224,2162,15094,0,0,0,45,8,0,9,0,97,29,16,8,0,0,1,0,44,0,0,0,0,44,1,8,0,0,0,0,0,0,0,0,0,0,16,0,0,0,0,15,0,2,0,12,0,0,0
1462836667122173,5543,0,14380,0,0,0,42,3,0,0,3,0,41,0,0,0,0,0,0,0,0,0,0,0,0,0,0,0,0,3,0,0,0,0,0,0,0,0,0,0,0,0,0,0,3,0,38,0,0,0
1462836667275589,5399,561,14232,0,0,0,41,1,0,0,1,0,21,0,0,0,0,0,0,0,0,0,0,0,0,0,0,0,0,1,0,0,0,0,0,0,0,0,0,0,0,0,0,0,3,0,18,0,0,0
1462836667643180,5559,0,13460,0,0,0,40,1,0,0,1,0,7,0,0,0,0,0,0,0,0,0,0,0,0,0,0,0,0,1,0,0,0,0,0,0,0,0,0,0,0,0,0,0,1,0,6,0,0,0
1462836667778307,4971,0,12237,0,0,0,39,1,0,0,1,0,7,0,0,0,0,0,0,0,0,0,0,0,0,0,0,0,0,1,0,0,0,0,0,0,0,0,0,0,0,0,0,0,1,0,6,0,0,0
1462836668068616,5065,0,12457,0,0,0,37,2,0,0,2,0,7,0,0,0,0,0,0,0,0,0,0,0,0,0,0,0,0,2,0,0,0,0,0,0,0,0,0,0,0,0,0,0,1,0,6,0,0,0
1462836668125367,4857,0,12104,0,0,0,36,1,0,0,1,0,14,0,0,0,0,0,0,0,0,0,0,0,0,0,0,0,0,1,0,0,0,0,0,0,0,0,0,0,0,0,0,0,2,0,12,0,0,0
1462836668562437,4934,0,12437,0,0,0,34,2,0,0,2,0,7,0,0,0,0,0,0,0,0,0,0,0,0,0,0,0,0,2,0,0,0,0,0,0,0,0,0,0,0,0,0,0,1,0,6,0,0,0
1462836668646146,5125,520,12428,0,0,0,33,1,0,0,1,0,14,0,0,0,0,0,0,0,0,0,0,0,0,0,0,0,0,1,0,0,0,0,0,0,0,0,0,0,0,0,0,0,2,0,12,0,0,0
1462836669048095,4966,3875,12295,0,0,0,27,6,0,0,6,0,7,0,0,0,0,0,0,0,0,0,0,0,0,0,0,0,0,6,0,0,0,0,0,0,0,0,0,0,0,0,0,0,1,0,6,0,0,0
1462836669364003,5323,2070,12617,0,0,0,26,1,0,0,1,0,42,0,0,0,0,0,0,0,0,0,0,0,0,0,0,0,0,1,0,0,0,0,0,0,0,0,0,0,0,0,0,0,6,0,36,0,0,0
1462836670131210,4817,511,12470,0,0,0,20,6,0,0,6,0,7,0,0,0,0,0,0,0,0,0,0,0,0,0,0,0,0,6,0,0,0,0,0,0,0,0,0,0,0,0,0,0,1,0,6,0,0,0
1462836670314999,7234,2921,17390,0,0,0,36,16,0,17,0,49,73,32,16,0,0,1,0,16,0,0,0,0,16,1,16,0,0,0,0,0,0,0,0,0,0,32,0,0,0,0,31,0,6,0,36,0,0,0
1462836670435603,5183,540,13835,0,0,0,34,2,0,0,2,0,112,0,0,0,0,0,0,0,0,0,0,0,0,0,0,0,0,2,0,0,0,0,0,0,0,0,0,0,0,0,0,0,16,0,96,0,0,0
1462836672313621,7093,2993,16502,0,0,0,45,17,0,15,4,43,41,28,14,0,0,1,0,14,0,0,0,0,14,1,14,0,1,3,0,0,0,0,0,0,0,28,0,0,0,0,27,0,2,0,12,0,0,0
1462836672329231,6455,2240,14034,0,0,0,47,2,0,3,0,7,113,4,2,0,0,1,0,2,0,0,0,0,2,1,2,0,0,0,0,0,0,0,0,0,0,4,0,0,0,0,3,0,14,0,96,0,0,0
1462836674312466,6825,2155,16335,0,0,0,55,8,0,9,0,25,29,16,8,0,0,1,0,8,0,0,0,0,8,1,8,0,0,0,0,0,0,0,0,0,0,16,0,0,0,0,15,0,2,0,12,0,0,0
1462836675807737,7229,577,21302,0,0,0,47,8,0,0,8,30,29,0,0,0,0,0,0,15,0,0,0,0,15,0,0,0,0,8,0,0,0,0,0,0,0,0,0,0,0,0,0,0,1,0,28,0,0,0
1462836675872940,7264,4460,20515,0,0,0,45,2,0,0,2,0,53,0,0,0,0,0,0,0,0,0,0,0,0,0,0,0,0,2,0,0,0,0,0,0,0,0,0,0,0,0,0,0,7,0,46,0,0,0
1462836676650481,6036,0,21238,0,0,0,39,6,0,0,6,42,14,0,0,0,0,0,0,21,0,0,0,0,21,0,0,0,0,6,0,0,0,0,0,0,0,0,0,0,0,0,0,0,2,0,12,0,0,0
1462836676712976,6073,3965,19190,0,0,0,38,1,0,0,1,0,42,0,0,0,0,0,0,0,0,0,0,0,0,0,0,0,0,1,0,0,0,0,0,0,0,0,0,0,0,0,0,0,6,0,36,0,0,0
1462836676872408,5647,2007,16425,0,0,0,37,1,0,0,1,0,7,0,0,0,0,0,0,0,0,0,0,0,0,0,0,0,0,1,0,0,0,0,0,0,0,0,0,0,0,0,0,0,1,0,6,0,0,0
1462836677843115,5066,535,12899,0,0,0,30,7,0,0,7,0,7,0,0,0,0,0,0,0,0,0,0,0,0,0,0,0,0,7,0,0,0,0,0,0,0,0,0,0,0,0,0,0,1,0,6,0,0,0
1462836677953795,4931,0,12127,0,0,0,29,1,0,0,1,0,43,0,0,0,0,0,0,0,0,0,0,0,0,0,0,0,0,1,0,0,0,0,0,0,0,0,0,0,0,0,0,0,5,0,38,0,0,0
1462836678315601,7398,2776,18029,0,0,0,44,17,0,17,1,49,38,32,16,0,0,1,0,16,0,0,0,0,16,1,16,0,0,1,0,0,0,0,0,0,0,32,0,0,0,0,31,0,1,0,6,0,0,0
1462836678918963,5301,543,13557,0,0,0,40,4,0,0,4,0,119,0,0,0,0,0,0,0,0,0,0,0,0,0,0,0,0,4,0,0,0,0,0,0,0,0,0,0,0,0,0,0,17,0,102,0,0,0
1462836679336338,5037,527,12923,0,0,0,38,2,0,0,2,0,28,0,0,0,0,0,0,0,0,0,0,0,0,0,0,0,0,2,0,0,0,0,0,0,0,0,0,0,0,0,0,0,4,0,24,0,0,0
1462836679509473,5206,0,12744,0,0,0,36,2,0,0,3,0,14,0,0,0,0,0,0,0,0,0,0,0,0,0,0,0,1,2,0,0,0,0,0,0,0,0,0,0,0,0,0,0,2,0,12,0,0,0
1462836680314784,8985,7396,17659,0,0,0,50,14,0,15,0,43,41,28,14,0,0,1,0,14,0,0,0,0,14,1,14,0,0,0,0,0,0,0,0,0,0,28,0,0,0,0,27,0,2,0,12,0,0,0
1462836680329947,6202,1747,13712,0,0,0,52,2,0,3,0,7,92,4,2,0,0,1,0,2,0,0,0,0,2,1,2,0,0,0,0,0,0,0,0,0,0,4,0,0,0,0,3,0,11,0,78,0,0,0
1462836680593958,5007,569,12764,0,0,0,50,2,0,0,3,0,14,0,0,0,0,0,0,0,0,0,0,0,0,0,0,0,1,2,0,0,0,0,0,0,0,0,0,0,0,0,0,0,2,0,12,0,0,0
1462836682314579,8330,2402,18415,0,0,0,58,8,0,9,0,25,29,16,8,0,0,1,0,8,0,0,0,0,8,1,8,0,0,0,0,0,0,0,0,0,0,16,0,0,0,0,15,0,2,0,12,0,0,0
1462836682595207,4870,707,12942,0,0,0,57,1,0,0,1,0,38,0,0,0,0,0,0,0,0,0,0,0,0,0,0,0,0,1,0,0,0,0,0,0,0,0,0,0,0,0,0,0,2,0,36,0,0,0
1462836683858823,5247,556,13221,0,0,0,54,3,0,0,3,28,7,0,0,0,0,0,0,14,0,0,0,0,14,0,0,0,0,3,0,0,0,0,0,0,0,0,0,0,0,0,0,0,1,0,6,0,0,0
1462836683898059,5081,723,12450,0,0,0,53,1,0,0,1,0,21,0,0,0,0,0,0,0,0,0,0,0,0,0,0,0,0,1,0,0,0,0,0,0,0,0,0,0,0,0,0,0,3,0,18,0,0,0
1462836684310572,5125,0,12783,0,0,0,49,4,0,0,4,0,7,0,0,0,0,0,0,0,0,0,0,0,0,0,0,0,0,4,0,0,0,0,0,0,0,0,0,0,0,0,0,0,1,0,6,0,0,0
1462836685054126,5019,536,12600,0,0,0,45,4,0,0,4,0,28,0,0,0,0,0,0,0,0,0,0,0,0,0,0,0,0,4,0,0,0,0,0,0,0,0,0,0,0,0,0,0,4,0,24,0,0,0
1462836685067219,5248,541,12623,0,0,0,44,1,0,0,1,0,28,0,0,0,0,0,0,0,0,0,0,0,0,0,0,0,0,1,0,0,0,0,0,0,0,0,0,0,0,0,0,0,4,0,24,0,0,0
1462836685093785,4993,530,12397,0,0,0,43,1,0,0,1,0,7,0,0,0,0,0,0,0,0,0,0,0,0,0,0,0,0,1,0,0,0,0,0,0,0,0,0,0,0,0,0,0,1,0,6,0,0,0
1462836685221420,5050,0,12397,0,0,0,42,1,0,0,1,0,7,0,0,0,0,0,0,0,0,0,0,0,0,0,0,0,0,1,0,0,0,0,0,0,0,0,0,0,0,0,0,0,1,0,6,0,0,0
1462836685548880,5006,0,12366,0,0,0,36,6,0,0,6,0,7,0,0,0,0,0,0,0,0,0,0,0,0,0,0,0,0,6,0,0,0,0,0,0,0,0,0,0,0,0,0,0,1,0,6,0,0,0
1462836686158475,5041,0,12651,0,0,0,35,1,0,0,1,0,42,0,0,0,0,0,0,0,0,0,0,0,0,0,0,0,0,1,0,0,0,0,0,0,0,0,0,0,0,0,0,0,6,0,36,0,0,0
1462836686317176,7791,3082,19574,0,0,0,51,16,0,17,0,49,38,32,16,0,0,1,0,16,0,0,0,0,16,1,16,0,0,0,0,0,0,0,0,0,0,32,0,0,0,0,31,0,1,0,6,0,0,0
1462836686340081,5162,4040,13407,0,0,0,50,1,0,0,1,0,112,0,0,0,0,0,0,0,0,0,0,0,0,0,0,0,0,1,0,0,0,0,0,0,0,0,0,0,0,0,0,0,16,0,96,0,0,0
1462836686368968,5025,0,12422,0,0,0,49,1,0,0,1,0,7,0,0,0,0,0,0,0,0,0,0,0,0,0,0,0,0,1,0,0,0,0,0,0,0,0,0,0,0,0,0,0,1,0,6,0,0,0
1462836687065031,6026,552,14879,0,0,0,48,1,0,0,1,52,7,0,0,0,0,0,0,26,0,0,0,0,26,0,0,0,0,1,0,0,0,0,0,0,0,0,0,0,0,0,0,0,1,0,6,0,0,0
1462836688313608,7294,3018,16492,0,0,0,61,15,0,15,2,43,34,28,14,0,0,1,0,14,0,0,0,0,14,1,14,0,1,1,0,0,0,0,0,0,0,28,0,0,0,0,27,0,1,0,6,0,0,0
1462836688326990,5343,0,13233,0,0,0,60,1,0,0,1,0,81,0,0,0,0,0,0,0,0,0,0,0,0,0,0,0,0,1,0,0,0,0,0,0,0,0,0,0,0,0,0,0,7,0,74,0,0,0
1462836688341937,6758,0,14858,0,0,0,62,2,0,3,0,7,10,4,2,0,0,1,0,2,0,0,0,0,2,1,2,0,0,0,0,0,0,0,0,0,0,4,0,0,0,0,3,0,1,0,6,0,0,0
1462836690312863,7465,2403,16826,0,0,0,70,8,0,9,0,25,29,16,8,0,0,1,0,8,0,0,0,0,8,1,8,0,0,0,0,0,0,0,0,0,0,16,0,0,0,0,15,0,2,0,12,0,0,0
1462836692282010,6152,612,16788,0,0,0,63,7,0,0,7,0,56,0,0,0,0,0,0,0,0,0,0,0,0,0,0,0,0,7,0,0,0,0,0,0,0,0,0,0,0,0,0,0,8,0,48,0,0,0
1462836692628626,6389,573,14555,0,0,0,59,4,0,0,4,0,49,0,0,0,0,0,0,0,0,0,0,0,0,0,0,0,0,4,0,0,0,0,0,0,0,0,0,0,0,0,0,0,7,0,42,0,0,0
1462836693099199,4972,554,13111,0,0,0,58,1,0,0,1,0,28,0,0,0,0,0,0,0,0,0,0,0,0,0,0,0,0,1,0,0,0,0,0,0,0,0,0,0,0,0,0,0,4,0,24,0,0,0
1462836693223465,5297,573,12738,0,0,0,56,2,0,0,2,0,7,0,0,0,0,0,0,0,0,0,0,0,0,0,0,0,0,2,0,0,0,0,0,0,0,0,0,0,0,0,0,0,1,0,6,0,0,0
1462836693665564,5181,0,12699,0,0,0,53,3,0,0,3,0,14,0,0,0,0,0,0,0,0,0,0,0,0,0,0,0,0,3,0,0,0,0,0,0,0,0,0,0,0,0,0,0,2,0,12,0,0,0
1462836693798908,5579,0,12993,0,0,0,51,2,0,0,2,0,21,0,0,0,0,0,0,0,0,0,0,0,0,0,0,0,0,2,0,0,0,0,0,0,0,0,0,0,0,0,0,0,3,0,18,0,0,0
1462836693824619,5189,0,12664,0,0,0,50,1,0,0,1,0,14,0,0,0,0,0,0,0,0,0,0,0,0,0,0,0,0,1,0,0,0,0,0,0,0,0,0,0,0,0,0,0,2,0,12,0,0,0
1462836694001429,5012,0,12482,0,0,0,49,1,0,0,1,0,7,0,0,0,0,0,0,0,0,0,0,0,0,0,0,0,0,1,0,0,0,0,0,0,0,0,0,0,0,0,0,0,1,0,6,0,0,0
1462836694193044,5442,0,12868,0,0,0,48,1,0,0,1,0,7,0,0,0,0,0,0,0,0,0,0,0,0,0,0,0,0,1,0,0,0,0,0,0,0,0,0,0,0,0,0,0,1,0,6,0,0,0
1462836694315333,7208,2665,17801,0,0,0,64,16,0,17,0,49,38,32,16,0,0,1,0,16,0,0,0,0,16,1,16,0,0,0,0,0,0,0,0,0,0,32,0,0,0,0,31,0,1,0,6,0,0,0
1462836694787714,5173,549,13810,0,0,0,63,1,0,0,1,0,94,0,0,0,0,0,0,0,0,0,0,0,0,0,0,0,0,1,0,0,0,0,0,0,0,0,0,0,0,0,0,0,10,0,84,0,0,0
1462836695032256,5149,4022,13231,0,0,0,61,2,0,0,2,0,7,0,0,0,0,0,0,0,0,0,0,0,0,0,0,0,0,2,0,0,0,0,0,0,0,0,0,0,0,0,0,0,1,0,6,0,0,0
1462836696313341,7262,2744,16211,0,0,0,72,17,0,15,3,43,41,28,14,0,0,1,0,14,0,0,0,0,14,1,14,0,0,3,0,0,0,0,0,0,0,28,0,0,0,0,27,0,2,0,12,0,0,0
1462836696330019,7557,2440,15162,0,0,0,74,2,0,3,0,7,104,4,2,0,0,1,0,2,0,0,0,0,2,1,2,0,0,0,0,0,0,0,0,0,0,4,0,0,0,0,3,0,11,0,90,0,0,0
1462836696944876,5897,4145,17723,0,0,0,70,4,0,0,4,0,14,0,0,0,0,0,0,0,0,0,0,0,0,0,0,0,0,4,0,0,0,0,0,0,0,0,0,0,0,0,0,0,2,0,12,0,0,0
1462836697825603,7874,0,16949,0,0,0,66,4,0,0,4,80,28,0,0,0,0,0,0,40,0,0,0,0,40,0,0,0,0,4,0,0,0,0,0,0,0,0,0,0,0,0,0,0,4,0,24,0,0,0
1462836698311856,6643,0,15808,0,0,0,73,9,0,9,1,25,43,16,8,0,0,1,0,8,0,0,0,0,8,1,8,0,0,1,0,0,0,0,0,0,0,16,0,0,0,0,15,0,4,0,24,0,0,0
1462836699833354,5129,573,13422,0,0,0,64,9,0,0,9,0,45,0,0,0,0,0,0,0,0,0,0,0,0,0,0,0,0,9,0,0,0,0,0,0,0,0,0,0,0,0,0,0,3,0,42,0,0,0
1462836700508466,5012,0,13204,0,0,0,61,3,0,0,3,0,60,0,0,0,0,0,0,0,0,0,0,0,0,0,0,0,0,3,0,0,0,0,0,0,0,0,0,0,0,0,0,0,8,0,52,0,0,0
1462836700921086,5238,0,13576,0,0,0,59,2,0,0,2,0,21,0,0,0,0,0,0,0,0,0,0,0,0,0,0,0,0,2,0,0,0,0,0,0,0,0,0,0,0,0,0,0,3,0,18,0,0,0
1462836701466173,5117,0,13406,0,0,0,57,2,0,0,2,0,14,0,0,0,0,0,0,0,0,0,0,0,0,0,0,0,0,2,0,0,0,0,0,0,0,0,0,0,0,0,0,0,2,0,12,0,0,0
1462836701978145,5177,0,13469,0,0,0,56,1,0,0,1,0,14,0,0,0,0,0,0,0,0,0,0,0,0,0,0,0,0,1,0,0,0,0,0,0,0,0,0,0,0,0,0,0,2,0,12,0,0,0
1462836702322237,8000,3478,23278,0,0,0,72,16,0,17,0,49,38,32,16,0,0,1,0,16,0,0,0,0,16,1,16,0,0,0,0,0,0,0,0,0,0,32,0,0,0,0,31,0,1,0,6,0,0,0
1462836702634216,5776,673,15205,0,0,0,69,3,0,0,4,0,85,0,0,0,0,0,0,0,0,0,0,0,0,0,0,0,1,3,0,0,0,0,0,0,0,0,0,0,0,0,0,0,7,0,78,0,0,0
1462836702711939,9796,322,18914,0,0,0,67,2,0,0,2,0,21,0,0,0,0,0,0,0,0,0,0,0,0,0,0,0,0,2,0,0,0,0,0,0,0,0,0,0,0,0,0,0,3,0,18,0,0,0
1462836702980406,5948,779,16392,0,0,0,65,2,0,0,3,0,14,0,0,0,0,0,0,0,0,0,0,0,0,0,0,0,1,2,0,0,0,0,0,0,0,0,0,0,0,0,0,0,2,0,12,0,0,0
1462836703076616,6000,2359,15177,0,0,0,64,1,0,0,1,0,14,0,0,0,0,0,0,0,0,0,0,0,0,0,0,0,0,1,0,0,0,0,0,0,0,0,0,0,0,0,0,0,2,0,12,0,0,0
1462836703094175,7746,338,16485,0,0,0,63,1,0,0,1,0,7,0,0,0,0,0,0,0,0,0,0,0,0,0,0,0,0,1,0,0,0,0,0,0,0,0,0,0,0,0,0,0,1,0,6,0,0,0
1462836703113324,8399,0,17222,0,0,0,62,1,0,0,1,0,7,0,0,0,0,0,0,0,0,0,0,0,0,0,0,0,0,1,0,0,0,0,0,0,0,0,0,0,0,0,0,0,1,0,6,0,0,0
1462836703148593,8037,3106,17051,0,0,0,61,1,0,0,1,0,7,0,0,0,0,0,0,0,0,0,0,0,0,0,0,0,0,1,0,0,0,0,0,0,0,0,0,0,0,0,0,0,1,0,6,0,0,0
1462836703216535,8151,3170,17321,0,0,0,60,1,0,0,1,0,7,0,0,0,0,0,0,0,0,0,0,0,0,0,0,0,0,1,0,0,0,0,0,0,0,0,0,0,0,0,0,0,1,0,6,0,0,0
1462836703795345,5818,0,14751,0,0,0,57,3,0,0,3,0,7,0,0,0,0,0,0,0,0,0,0,0,0,0,0,0,0,3,0,0,0,0,0,0,0,0,0,0,0,0,0,0,1,0,6,0,0,0
1462836704320066,8750,1432,19531,0,0,0,67,18,0,15,4,43,48,28,14,0,0,1,0,14,0,0,0,0,14,1,14,0,0,4,0,0,0,0,0,0,0,28,0,0,0,0,27,0,3,0,18,0,0,0
1462836704339274,7315,0,16684,0,0,0,69,2,0,3,0,7,105,4,2,0,0,1,0,2,0,0,0,0,2,1,2,0,0,0,0,0,0,0,0,0,0,4,0,0,0,0,3,0,10,0,92,0,0,0
1462836704540687,7830,5728,17113,0,0,0,68,1,0,0,1,0,14,0,0,0,0,0,0,0,0,0,0,0,0,0,0,0,0,1,0,0,0,0,0,0,0,0,0,0,0,0,0,0,2,0,12,0,0,0
1462836704641086,7173,611,16296,0,0,0,67,1,0,0,1,0,7,0,0,0,0,0,0,0,0,0,0,0,0,0,0,0,0,1,0,0,0,0,0,0,0,0,0,0,0,0,0,0,1,0,6,0,0,0
1462836705296963,6404,301,15383,0,0,0,65,2,0,0,3,0,7,0,0,0,0,0,0,0,0,0,0,0,0,0,0,0,1,2,0,0,0,0,0,0,0,0,0,0,0,0,0,0,1,0,6,0,0,0
1462836706315160,8355,2469,18592,0,0,0,72,9,0,9,1,25,29,16,8,0,0,1,0,8,0,0,0,0,8,1,8,0,0,1,0,0,0,0,0,0,0,16,0,0,0,0,15,0,2,0,12,0,0,0
1462836708618832,6684,941,16590,0,0,0,59,13,0,0,14,72,45,0,0,0,0,0,0,36,0,0,0,0,36,0,0,0,1,13,0,0,0,0,0,0,0,0,0,0,0,0,0,0,3,0,42,0,0,0
1462836709313525,8053,0,17153,0,0,0,57,2,0,0,2,0,79,0,0,0,0,0,0,0,0,0,0,0,0,0,0,0,0,2,0,0,0,0,0,0,0,0,0,0,0,0,0,0,9,0,70,0,0,0
1462836710318240,9065,3438,19672,0,0,0,69,20,0,17,4,49,45,32,16,0,0,1,0,16,0,0,0,0,16,1,16,0,0,4,0,0,0,0,0,0,0,32,0,0,0,0,31,0,2,0,12,0,0,0
1462836710732014,7968,0,16996,0,0,0,67,2,0,0,3,0,110,0,0,0,0,0,0,0,0,0,0,0,0,0,0,0,1,2,0,0,0,0,0,0,0,0,0,0,0,0,0,0,10,0,100,0,0,0
1462836711527559,5518,688,14430,0,0,0,64,3,0,0,4,0,14,0,0,0,0,0,0,0,0,0,0,0,0,0,0,0,1,3,0,0,0,0,0,0,0,0,0,0,0,0,0,0,2,0,12,0,0,0
1462836711732983,6718,0,15142,0,0,0,62,2,0,0,2,0,21,0,0,0,0,0,0,0,0,0,0,0,0,0,0,0,0,2,0,0,0,0,0,0,0,0,0,0,0,0,0,0,3,0,18,0,0,0
1462836711773305,5400,0,13719,0,0,0,61,1,0,0,1,0,14,0,0,0,0,0,0,0,0,0,0,0,0,0,0,0,0,1,0,0,0,0,0,0,0,0,0,0,0,0,0,0,2,0,12,0,0,0
1462836711787753,5448,658,13673,0,0,0,60,1,0,0,1,0,7,0,0,0,0,0,0,0,0,0,0,0,0,0,0,0,0,1,0,0,0,0,0,0,0,0,0,0,0,0,0,0,1,0,6,0,0,0
1462836712323514,9440,3007,25113,0,0,0,74,14,0,15,0,43,34,28,14,0,0,1,0,14,0,0,0,0,14,1,14,0,0,0,0,0,0,0,0,0,0,28,0,0,0,0,27,0,1,0,6,0,0,0
1462836712343384,9364,2975,18145,0,0,0,76,2,0,3,0,7,77,4,2,0,0,1,0,2,0,0,0,0,2,1,2,0,0,0,0,0,0,0,0,0,0,4,0,0,0,0,3,0,6,0,68,0,0,0
1462836712661894,7265,358,19157,0,0,0,74,2,0,0,2,0,14,0,0,0,0,0,0,0,0,0,0,0,0,0,0,0,0,2,0,0,0,0,0,0,0,0,0,0,0,0,0,0,2,0,12,0,0,0
1462836713251344,6407,612,15508,0,0,0,72,2,0,0,2,0,14,0,0,0,0,0,0,0,0,0,0,0,0,0,0,0,0,2,0,0,0,0,0,0,0,0,0,0,0,0,0,0,2,0,12,0,0,0
1462836714085793,5607,0,14558,0,0,0,69,3,0,0,3,0,14,0,0,0,0,0,0,0,0,0,0,0,0,0,0,0,0,3,0,0,0,0,0,0,0,0,0,0,0,0,0,0,2,0,12,0,0,0
1462836714189717,5666,712,14134,0,0,0,68,1,0,0,1,0,21,0,0,0,0,0,0,0,0,0,0,0,0,0,0,0,0,1,0,0,0,0,0,0,0,0,0,0,0,0,0,0,3,0,18,0,0,0
1462836714313533,8364,2540,17359,0,0,0,76,8,0,9,0,25,22,16,8,0,0,1,0,8,0,0,0,0,8,1,8,0,0,0,0,0,0,0,0,0,0,16,0,0,0,0,15,0,1,0,6,0,0,0
1462836714932550,5502,4252,14450,0,0,0,74,2,0,0,2,0,29,0,0,0,0,0,0,0,0,0,0,0,0,0,0,0,0,2,0,0,0,0,0,0,0,0,0,0,0,0,0,0,1,0,28,0,0,0
1462836715016536,6782,5061,15411,0,0,0,73,1,0,0,1,0,14,0,0,0,0,0,0,0,0,0,0,0,0,0,0,0,0,1,0,0,0,0,0,0,0,0,0,0,0,0,0,0,2,0,12,0,0,0
1462836715080342,5416,2106,13889,0,0,0,72,1,0,0,1,0,7,0,0,0,0,0,0,0,0,0,0,0,0,0,0,0,0,1,0,0,0,0,0,0,0,0,0,0,0,0,0,0,1,0,6,0,0,0
1462836717261868,5264,870,14113,0,0,0,60,12,0,0,12,0,7,0,0,0,0,0,0,0,0,0,0,0,0,0,0,0,0,12,0,0,0,0,0,0,0,0,0,0,0,0,0,0,1,0,6,0,0,0
1462836718317703,7602,6280,17535,0,0,0,70,22,0,17,6,49,106,32,16,0,0,1,0,16,0,0,0,0,16,1,16,0,0,6,0,0,0,0,0,0,0,32,0,0,0,0,31,0,9,0,66,0,0,0
1462836720100595,5430,4228,15204,0,0,0,60,10,0,0,11,74,115,0,0,0,0,0,0,37,0,0,0,0,37,0,0,0,1,10,0,0,0,0,0,0,0,0,0,0,0,0,0,0,9,0,106,0,0,0
1462836720316501,9367,2930,19122,0,0,0,73,15,0,15,1,43,94,28,14,0,0,1,0,14,0,0,0,0,14,1,14,0,0,1,0,0,0,0,0,0,0,28,0,0,0,0,27,0,9,0,58,0,0,0
1462836720334246,7486,2141,16204,0,0,0,75,2,0,3,0,7,90,4,2,0,0,1,0,2,0,0,0,0,2,1,2,0,0,0,0,0,0,0,0,0,0,4,0,0,0,0,3,0,9,0,78,0,0,0
1462836722271881,6991,0,16134,0,0,0,69,6,0,0,7,0,11,0,0,0,0,0,0,0,0,0,0,0,0,0,0,0,1,6,0,0,0,0,0,0,0,0,0,0,0,0,0,0,1,0,10,0,0,0
1462836722314740,9215,7397,18577,0,0,0,77,8,0,9,0,25,51,16,8,0,0,1,0,8,0,0,0,0,8,1,8,0,0,0,0,0,0,0,0,0,0,16,0,0,0,0,15,0,4,0,32,0,0,0
1462836726318399,8230,3111,20519,0,0,0,75,34,0,17,20,49,72,32,16,0,0,1,0,16,0,0,0,0,16,1,16,0,2,18,0,0,0,0,0,0,0,32,0,0,0,0,31,0,3,0,38,0,0,0
1462836728319200,8960,2987,21186,0,0,0,85,18,0,15,5,43,238,28,14,0,0,1,0,14,0,0,0,0,14,1,14,0,1,4,0,0,0,0,0,0,0,28,0,0,0,0,27,0,25,0,186,0,0,0
1462836728338174,8002,2891,17023,0,0,0,87,2,0,3,0,7,108,4,2,0,0,1,0,2,0,0,0,0,2,1,2,0,0,0,0,0,0,0,0,0,0,4,0,0,0,0,3,0,11,0,94,0,0,0
1462836730312569,6664,2510,17628,0,0,0,83,4,0,0,5,78,11,0,0,0,0,0,0,39,0,0,0,0,39,0,0,0,1,4,0,0,0,0,0,0,0,0,0,0,0,0,0,0,1,0,10,0,0,0
1462836730331888,8817,3568,19226,0,0,0,91,8,0,9,0,25,43,16,8,0,0,1,0,8,0,0,0,0,8,1,8,0,0,0,0,0,0,0,0,0,0,16,0,0,0,0,15,0,4,0,24,0,0,0
1462836731696209,7605,0,17853,0,0,0,84,7,0,0,8,0,38,0,0,0,0,0,0,0,0,0,0,0,0,0,0,0,1,7,0,0,0,0,0,0,0,0,0,0,0,0,0,0,2,0,36,0,0,0
1462836733596188,6903,683,16108,0,0,0,66,18,0,0,19,0,49,0,0,0,0,0,0,0,0,0,0,0,0,0,0,0,1,18,0,0,0,0,0,0,0,0,0,0,0,0,0,0,7,0,42,0,0,0
1462836733611235,5983,0,14233,0,0,0,65,1,0,0,1,0,117,0,0,0,0,0,0,0,0,0,0,0,0,0,0,0,0,1,0,0,0,0,0,0,0,0,0,0,0,0,0,0,15,0,102,0,0,0
1462836734316553,8750,1613,18662,0,0,0,79,18,0,17,2,49,38,32,16,0,0,1,0,16,0,0,0,0,16,1,16,0,0,2,0,0,0,0,0,0,0,32,0,0,0,0,31,0,1,0,6,0,0,0
1462836734773344,7026,0,16096,0,0,0,75,4,0,0,5,0,102,0,0,0,0,0,0,0,0,0,0,0,0,0,0,0,1,4,0,0,0,0,0,0,0,0,0,0,0,0,0,0,10,0,92,0,0,0
1462836735329542,7439,622,16350,0,0,0,70,5,0,0,7,0,28,0,0,0,0,0,0,0,0,0,0,0,0,0,0,0,2,5,0,0,0,0,0,0,0,0,0,0,0,0,0,0,4,0,24,0,0,0
1462836735467994,8245,3059,16725,0,0,0,69,1,0,0,1,0,35,0,0,0,0,0,0,0,0,0,0,0,0,0,0,0,0,1,0,0,0,0,0,0,0,0,0,0,0,0,0,0,5,0,30,0,0,0
1462836736315300,7846,3259,17800,0,0,0,78,19,0,15,6,43,34,28,14,0,0,1,0,14,0,0,0,0,14,1,14,0,1,5,0,0,0,0,0,0,0,28,0,0,0,0,27,0,1,0,6,0,0,0
1462836736333815,7640,6312,16715,0,0,0,80,2,0,3,0,7,100,4,2,0,0,1,0,2,0,0,0,0,2,1,2,0,0,0,0,0,0,0,0,0,0,4,0,0,0,0,3,0,7,0,90,0,0,0
1462836737040393,6318,622,15386,0,0,0,74,6,0,0,7,0,14,0,0,0,0,0,0,0,0,0,0,0,0,0,0,0,1,6,0,0,0,0,0,0,0,0,0,0,0,0,0,0,2,0,12,0,0,0
1462836737760539,6775,2615,15912,0,0,0,72,2,0,0,2,0,39,0,0,0,0,0,0,0,0,0,0,0,0,0,0,0,0,2,0,0,0,0,0,0,0,0,0,0,0,0,0,0,5,0,34,0,0,0
1462836738316244,10663,2274,20049,0,0,0,76,12,0,9,5,25,29,16,8,0,0,1,0,8,0,0,0,0,8,1,8,0,1,4,0,0,0,0,0,0,0,16,0,0,0,0,15,0,2,0,12,0,0,0
1462836738905462,6046,598,14954,0,0,0,73,3,0,0,4,0,66,0,0,0,0,0,0,0,0,0,0,0,0,0,0,0,1,3,0,0,0,0,0,0,0,0,0,0,0,0,0,0,6,0,60,0,0,0
1462836739516893,8030,617,16928,0,0,0,71,2,0,0,2,0,21,0,0,0,0,0,0,0,0,0,0,0,0,0,0,0,0,2,0,0,0,0,0,0,0,0,0,0,0,0,0,0,3,0,18,0,0,0
1462836740449182,5749,0,22495,0,0,0,65,6,0,0,6,84,14,0,0,0,0,0,0,42,0,0,0,0,42,0,0,0,0,6,0,0,0,0,0,0,0,0,0,0,0,0,0,0,2,0,12,0,0,0
1462836740465366,5538,815,14138,0,0,0,64,1,0,0,1,0,39,0,0,0,0,0,0,0,0,0,0,0,0,0,0,0,0,1,0,0,0,0,0,0,0,0,0,0,0,0,0,0,5,0,34,0,0,0
1462836741931732,6321,625,15225,0,0,0,57,7,0,0,7,0,7,0,0,0,0,0,0,0,0,0,0,0,0,0,0,0,0,7,0,0,0,0,0,0,0,0,0,0,0,0,0,0,1,0,6,0,0,0
1462836742317272,9687,3950,19419,0,0,0,69,20,0,17,4,49,80,32,16,0,0,1,0,16,0,0,0,0,16,1,16,0,0,4,0,0,0,0,0,0,0,32,0,0,0,0,31,0,7,0,42,0,0,0
1462836742355732,9537,314,17604,0,0,0,68,1,0,0,1,0,0,0,0,0,0,0,0,0,0,0,0,0,0,0,0,0,0,1,0,0,0,0,0,0,0,0,0,0,0,0,0,0,0,0,0,0,0,0
1462836743435520,5621,0,14400,0,0,0,59,9,0,0,10,0,105,0,0,0,0,0,0,0,0,0,0,0,0,0,0,0,1,9,0,0,0,0,0,0,0,0,0,0,0,0,0,0,7,0,98,0,0,0
1462836744318644,8162,3422,20853,0,0,0,70,17,0,15,3,43,90,28,14,0,0,1,0,14,0,0,0,0,14,1,14,0,0,3,0,0,0,0,0,0,0,28,0,0,0,0,27,0,9,0,54,0,0,0
1462836744336599,7803,3213,16327,0,0,0,72,2,0,3,0,7,98,4,2,0,0,1,0,2,0,0,0,0,2,1,2,0,0,0,0,0,0,0,0,0,0,4,0,0,0,0,3,0,9,0,86,0,0,0
1462836746317499,7630,3187,20824,0,0,0,71,17,0,9,10,25,29,16,8,0,0,1,0,8,0,0,0,0,8,1,8,0,1,9,0,0,0,0,0,0,0,16,0,0,0,0,15,0,2,0,12,0,0,0
1462836750316098,8005,2563,18182,0,0,0,64,39,0,17,25,49,135,32,16,0,0,1,0,16,0,0,0,0,16,1,16,0,2,23,0,0,0,0,0,0,0,32,0,0,0,0,31,0,12,0,92,0,0,0
1462836751959244,5785,0,15660,0,0,0,56,8,0,0,9,70,216,0,0,0,0,0,0,35,0,0,0,0,35,0,0,0,1,8,0,0,0,0,0,0,0,0,0,0,0,0,0,0,20,0,196,0,0,0
1462836752749928,5538,0,14329,0,0,0,55,1,0,0,1,0,50,0,0,0,0,0,0,0,0,0,0,0,0,0,0,0,0,1,0,0,0,0,0,0,0,0,0,0,0,0,0,0,6,0,44,0,0,0
1462836752768328,5649,2186,15737,0,0,0,54,1,0,0,1,0,7,0,0,0,0,0,0,0,0,0,0,0,0,0,0,0,0,1,0,0,0,0,0,0,0,0,0,0,0,0,0,0,1,0,6,0,0,0
1462836753064171,5516,2151,13856,0,0,0,53,1,0,0,1,0,7,0,0,0,0,0,0,0,0,0,0,0,0,0,0,0,0,1,0,0,0,0,0,0,0,0,0,0,0,0,0,0,1,0,6,0,0,0
1462836753365789,5746,0,13987,0,0,0,52,1,0,0,1,0,7,0,0,0,0,0,0,0,0,0,0,0,0,0,0,0,0,1,0,0,0,0,0,0,0,0,0,0,0,0,0,0,1,0,6,0,0,0
1462836753929529,5432,0,14240,0,0,0,51,1,0,0,1,0,7,0,0,0,0,0,0,0,0,0,0,0,0,0,0,0,0,1,0,0,0,0,0,0,0,0,0,0,0,0,0,0,1,0,6,0,0,0
1462836754965517,5564,0,14241,0,0,0,48,3,0,0,3,0,7,0,0,0,0,0,0,0,0,0,0,0,0,0,0,0,0,3,0,0,0,0,0,0,0,0,0,0,0,0,0,0,1,0,6,0,0,0
1462836755499180,5531,0,14105,0,0,0,46,2,0,0,3,0,18,0,0,0,0,0,0,0,0,0,0,0,0,0,0,0,1,2,0,0,0,0,0,0,0,0,0,0,0,0,0,0,2,0,16,0,0,0
1462836761584291,5297,4111,13981,0,0,0,26,20,0,0,24,0,14,0,0,0,0,0,0,0,0,0,0,0,0,0,0,0,4,20,0,0,0,0,0,0,0,0,0,0,0,0,0,0,2,0,12,0,0,0
1462836778382078,5073,565,14044,0,0,0,7,19,0,0,24,0,125,0,0,0,0,0,0,0,0,0,0,0,0,0,0,0,5,19,0,0,0,0,0,0,0,0,0,0,0,0,0,0,15,0,110,0,0,0
