1462852789521866,,14386431417722246744,5198628003788652644,,0,,,,,,,
1462852789522233,,14386431417722246744,5198628003788652644,caelum-211,1,,,,,,,
1462852789521868,,14386431417722246744,7675612576036545068,,0,,,,,,,
1462852789522363,,14386431417722246744,7675612576036545068,caelum-313,1,,,,,,,
1462852793022238,,346982760366826790,2779933283319291902,,0,,,,,,,
1462852793022588,,346982760366826790,2779933283319291902,caelum-408,1,,,,,,,
1462852793022239,,346982760366826790,11076474489401133649,,0,,,,,,,
1462852793022729,,346982760366826790,11076474489401133649,caelum-409,1,,,,,,,
1462852793022242,,346982760366826790,11076474489401133674,,0,,,,,,,
1462852793022856,,346982760366826790,11076474489401133674,caelum-404,1,,,,,,,
1462852793022241,,346982760366826790,11076474489401133652,,0,,,,,,,
1462852793022981,,346982760366826790,11076474489401133652,caelum-210,1,,,,,,,
1462852793022243,,346982760366826790,11076474489401133675,,0,,,,,,,
1462852793023125,,346982760366826790,11076474489401133675,caelum-306,1,,,,,,,
1462852793022242,,346982760366826790,11076474489401133653,,0,,,,,,,
1462852793023248,,346982760366826790,11076474489401133653,caelum-408,1,,,,,,,
1462852793022240,,346982760366826790,11076474489401133654,,0,,,,,,,
1462852793023386,,346982760366826790,11076474489401133654,caelum-401,1,,,,,,,
1462852793022241,,346982760366826790,11076474489401133655,,0,,,,,,,
1462852793023525,,346982760366826790,11076474489401133655,caelum-108,1,,,,,,,
1462852794094182,,14386431417722246744,7675612576036545068,12894803352922165274,4,,,,,,,
1462852795048718,,14386431417722246744,5198628003788652644,6894807113933599801,4,,,,,,,
1462852796523914,,9912488039512931924,12118275631278919632,,0,,,,,,,
1462852796524203,,9912488039512931924,12118275631278919632,caelum-302,1,,,,,,,
1462852796523910,,9912488039512931924,12118275631278919655,,0,,,,,,,
1462852796524349,,9912488039512931924,12118275631278919655,caelum-304,1,,,,,,,
1462852796523914,,9912488039512931924,12118275631278919633,,0,,,,,,,
1462852796524494,,9912488039512931924,12118275631278919633,caelum-305,1,,,,,,,
1462852796523910,,9912488039512931924,12118275631278919656,,0,,,,,,,
1462852796524621,,9912488039512931924,12118275631278919656,caelum-406,1,,,,,,,
1462852796523915,,9912488039512931924,12118275631278919634,,0,,,,,,,
1462852796524741,,9912488039512931924,12118275631278919634,caelum-409,1,,,,,,,
1462852796523911,,9912488039512931924,12118275631278919657,,0,,,,,,,
1462852796524876,,9912488039512931924,12118275631278919657,caelum-404,1,,,,,,,
1462852796523915,,9912488039512931924,12118275631278919635,,0,,,,,,,
1462852796525005,,9912488039512931924,12118275631278919635,caelum-412,1,,,,,,,
1462852796523911,,9912488039512931924,12118275631278919658,,0,,,,,,,
1462852796525145,,9912488039512931924,12118275631278919658,caelum-304,1,,,,,,,
1462852796523912,,9912488039512931924,12118275631278919659,,0,,,,,,,
1462852796525263,,9912488039512931924,12118275631278919659,caelum-305,1,,,,,,,
1462852796523912,,9912488039512931924,12118275631278919660,,0,,,,,,,
1462852796525387,,9912488039512931924,12118275631278919660,caelum-405,1,,,,,,,
1462852796523913,,9912488039512931924,12118275631278919661,,0,,,,,,,
1462852796525556,,9912488039512931924,12118275631278919661,caelum-314,1,,,,,,,
1462852796523913,,9912488039512931924,12118275631278919662,,0,,,,,,,
1462852796525701,,9912488039512931924,12118275631278919662,caelum-208,1,,,,,,,
1462852796523913,,9912488039512931924,12118275631278919663,,0,,,,,,,
1462852796525835,,9912488039512931924,12118275631278919663,caelum-206,1,,,,,,,
1462852796523907,,9912488039512931924,8261504185873394204,,0,,,,,,,
1462852796525989,,9912488039512931924,8261504185873394204,caelum-414,1,,,,,,,
1462852796523909,,9912488039512931924,12118275631278919653,,0,,,,,,,
1462852796526134,,9912488039512931924,12118275631278919653,caelum-410,1,,,,,,,
1462852796523909,,9912488039512931924,12118275631278919654,,0,,,,,,,
1462852796526294,,9912488039512931924,12118275631278919654,caelum-414,1,,,,,,,
1462852798292226,,346982760366826790,11076474489401133649,14706926863855190454,4,,,,,,,
1462852798781667,,346982760366826790,11076474489401133675,15942517049696606813,4,,,,,,,
1462852799255827,,346982760366826790,11076474489401133652,4960089884328797259,4,,,,,,,
1462852799951651,,346982760366826790,11076474489401133674,16287133358222748034,4,,,,,,,
1462852800023317,,17333173104548036402,16161875279536240768,,0,,,,,,,
1462852800023575,,17333173104548036402,16161875279536240768,caelum-413,1,,,,,,,
1462852800023316,,17333173104548036402,16161875279536240769,,0,,,,,,,
1462852800023715,,17333173104548036402,16161875279536240769,caelum-402,1,,,,,,,
1462852800023318,,17333173104548036402,16161875279536240770,,0,,,,,,,
1462852800023837,,17333173104548036402,16161875279536240770,caelum-208,1,,,,,,,
1462852800023317,,17333173104548036402,16161875279536240771,,0,,,,,,,
1462852800023958,,17333173104548036402,16161875279536240771,caelum-310,1,,,,,,,
1462852800023315,,17333173104548036402,16161875279536240772,,0,,,,,,,
1462852800024078,,17333173104548036402,16161875279536240772,caelum-306,1,,,,,,,
1462852800023314,,17333173104548036402,16161875279536240773,,0,,,,,,,
1462852800024216,,17333173104548036402,16161875279536240773,caelum-312,1,,,,,,,
1462852800023318,,17333173104548036402,16161875279536240797,,0,,,,,,,
1462852800024389,,17333173104548036402,16161875279536240797,caelum-309,1,,,,,,,
1462852800023316,,17333173104548036402,16161875279536240774,,0,,,,,,,
1462852800024510,,17333173104548036402,16161875279536240774,caelum-404,1,,,,,,,
1462852800023315,,17333173104548036402,16161875279536240775,,0,,,,,,,
1462852800024654,,17333173104548036402,16161875279536240775,caelum-206,1,,,,,,,
1462852800023313,,17333173104548036402,16161875279536240776,,0,,,,,,,
1462852800024780,,17333173104548036402,16161875279536240776,caelum-402,1,,,,,,,
1462852800023312,,17333173104548036402,16161875279536240777,,0,,,,,,,
1462852800024912,,17333173104548036402,16161875279536240777,caelum-305,1,,,,,,,
1462852800023314,,17333173104548036402,16161875279536240778,,0,,,,,,,
1462852800025042,,17333173104548036402,16161875279536240778,caelum-406,1,,,,,,,
1462852800023310,,17333173104548036402,15340779024540566169,,0,,,,,,,
1462852800025190,,17333173104548036402,15340779024540566169,caelum-308,1,,,,,,,
1462852800023313,,17333173104548036402,16161875279536240779,,0,,,,,,,
1462852800025341,,17333173104548036402,16161875279536240779,caelum-407,1,,,,,,,
1462852800157660,,346982760366826790,11076474489401133653,8124757549184404909,4,,,,,,,
1462852801123268,,346982760366826790,11076474489401133654,10400827500498334528,4,,,,,,,
1462852801386641,,346982760366826790,11076474489401133655,1330683319236596594,4,,,,,,,
1462852801978973,,346982760366826790,2779933283319291902,13697784430342219370,4,,,,,,,
1462852802207042,,17333173104548036402,16161875279536240772,2436622550764643331,4,,,,,,,
1462852802524032,,17333173104548036402,16161875279536240779,11032170776854082651,4,,,,,,,
1462852802721373,,9912488039512931924,12118275631278919660,9774505730620387701,4,,,,,,,
1462852802919326,,9912488039512931924,12118275631278919634,5516936992123921626,4,,,,,,,
1462852803008110,,9912488039512931924,12118275631278919657,16565394274075892782,4,,,,,,,
1462852803025671,,17333173104548036402,16161875279536240773,1649104449920785485,4,,,,,,,
1462852803095307,,17333173104548036402,16161875279536240768,9324168985851003647,4,,,,,,,
1462852803129719,,17333173104548036402,15340779024540566169,18139937873059470368,4,,,,,,,
1462852803394234,,17333173104548036402,16161875279536240797,17586732473831351655,4,,,,,,,
1462852803520457,,17333173104548036402,16161875279536240778,18300367818565109113,4,,,,,,,
1462852803521063,,12480268914829791858,8677913115049782730,,0,,,,,,,
1462852803521330,,12480268914829791858,8677913115049782730,caelum-403,1,,,,,,,
1462852803521065,,12480268914829791858,5663780739977923338,,0,,,,,,,
1462852803521486,,12480268914829791858,5663780739977923338,caelum-209,1,,,,,,,
1462852803673155,,17333173104548036402,16161875279536240776,14898056167053154783,4,,,,,,,
1462852804245520,,17333173104548036402,16161875279536240771,2979955948507252744,4,,,,,,,
1462852804348807,,9912488039512931924,12118275631278919655,2781100962266056432,4,,,,,,,
1462852804437275,,9912488039512931924,12118275631278919653,1095890505887186611,4,,,,,,,
1462852804453728,,17333173104548036402,16161875279536240769,10969028466315656022,4,,,,,,,
1462852804454084,,9912488039512931924,12118275631278919662,6317997230571526151,4,,,,,,,
1462852804688973,,9912488039512931924,12118275631278919632,13244780307630691482,4,,,,,,,
1462852804885468,,17333173104548036402,16161875279536240774,2816985659408379001,4,,,,,,,
1462852804895172,,9912488039512931924,12118275631278919656,10565564586520261190,4,,,,,,,
1462852805016237,,17333173104548036402,16161875279536240770,1514863780550564736,4,,,,,,,
1462852805402527,,9912488039512931924,12118275631278919635,12624326921316228599,4,,,,,,,
1462852805946507,,9912488039512931924,12118275631278919659,15150419199718058823,4,,,,,,,
1462852806077328,,9912488039512931924,12118275631278919658,5695274506103495223,4,,,,,,,
1462852807022188,,1798460787162388767,6276604072005432257,,0,,,,,,,
1462852807022453,,1798460787162388767,6276604072005432257,caelum-212,1,,,,,,,
1462852807022188,,1798460787162388767,6276604072005432258,,0,,,,,,,
1462852807022603,,1798460787162388767,6276604072005432258,caelum-405,1,,,,,,,
1462852807022187,,1798460787162388767,6276604072005432259,,0,,,,,,,
1462852807022726,,1798460787162388767,6276604072005432259,caelum-403,1,,,,,,,
1462852807022187,,1798460787162388767,6276604072005432260,,0,,,,,,,
1462852807022847,,1798460787162388767,6276604072005432260,caelum-309,1,,,,,,,
1462852807022186,,1798460787162388767,6276604072005432261,,0,,,,,,,
1462852807022978,,1798460787162388767,6276604072005432261,caelum-310,1,,,,,,,
1462852807022185,,1798460787162388767,6276604072005432262,,0,,,,,,,
1462852807023097,,1798460787162388767,6276604072005432262,caelum-402,1,,,,,,,
1462852807022183,,1798460787162388767,2347590439429618799,,0,,,,,,,
1462852807023261,,1798460787162388767,2347590439429618799,caelum-401,1,,,,,,,
1462852807022184,,1798460787162388767,6276604072005432263,,0,,,,,,,
1462852807023392,,1798460787162388767,6276604072005432263,caelum-409,1,,,,,,,
1462852808051171,,12480268914829791858,8677913115049782730,7752864421705534428,4,,,,,,,
1462852809173868,,9912488039512931924,12118275631278919654,2336196215452621013,4,,,,,,,
1462852809581942,,12480268914829791858,5663780739977923338,11002865075290528818,4,,,,,,,
1462852809852273,,17333173104548036402,16161875279536240775,5122500501949550069,4,,,,,,,
1462852810392736,,17333173104548036402,16161875279536240777,14624978681244271309,4,,,,,,,
1462852810523706,,231666610302394535,12272217460657938752,,0,,,,,,,
1462852810523967,,231666610302394535,12272217460657938752,caelum-410,1,,,,,,,
1462852810523705,,231666610302394535,12272217460657938753,,0,,,,,,,
1462852810524107,,231666610302394535,12272217460657938753,caelum-407,1,,,,,,,
1462852810523697,,231666610302394535,11283817084468317854,,0,,,,,,,
1462852810524269,,231666610302394535,11283817084468317854,caelum-404,1,,,,,,,
1462852810523702,,231666610302394535,12272217460657938760,,0,,,,,,,
1462852810524395,,231666610302394535,12272217460657938760,caelum-414,1,,,,,,,
1462852810523701,,231666610302394535,12272217460657938761,,0,,,,,,,
1462852810524529,,231666610302394535,12272217460657938761,caelum-309,1,,,,,,,
1462852810523698,,231666610302394535,12272217460657938738,,0,,,,,,,
1462852810524652,,231666610302394535,12272217460657938738,caelum-309,1,,,,,,,
1462852810523703,,231666610302394535,12272217460657938762,,0,,,,,,,
1462852810524767,,231666610302394535,12272217460657938762,caelum-212,1,,,,,,,
1462852810523702,,231666610302394535,12272217460657938763,,0,,,,,,,
1462852810524897,,231666610302394535,12272217460657938763,caelum-402,1,,,,,,,
1462852810523700,,231666610302394535,12272217460657938740,,0,,,,,,,
1462852810525028,,231666610302394535,12272217460657938740,caelum-314,1,,,,,,,
1462852810523704,,231666610302394535,12272217460657938764,,0,,,,,,,
1462852810525154,,231666610302394535,12272217460657938764,caelum-411,1,,,,,,,
1462852810523699,,231666610302394535,12272217460657938741,,0,,,,,,,
1462852810525304,,231666610302394535,12272217460657938741,caelum-403,1,,,,,,,
1462852810523704,,231666610302394535,12272217460657938765,,0,,,,,,,
1462852810525443,,231666610302394535,12272217460657938765,caelum-305,1,,,,,,,
1462852810523701,,231666610302394535,12272217460657938742,,0,,,,,,,
1462852810525562,,231666610302394535,12272217460657938742,caelum-109,1,,,,,,,
1462852810523705,,231666610302394535,12272217460657938766,,0,,,,,,,
1462852810525686,,231666610302394535,12272217460657938766,caelum-313,1,,,,,,,
1462852810523700,,231666610302394535,12272217460657938743,,0,,,,,,,
1462852810525822,,231666610302394535,12272217460657938743,caelum-409,1,,,,,,,
1462852810523704,,231666610302394535,12272217460657938767,,0,,,,,,,
1462852810525962,,231666610302394535,12272217460657938767,caelum-414,1,,,,,,,
1462852810720314,,9912488039512931924,8261504185873394204,12089487372414072579,4,,,,,,,
1462852810881415,,1798460787162388767,6276604072005432262,1792497519065774499,4,,,,,,,
1462852812151881,,1798460787162388767,6276604072005432260,9049740698325146129,4,,,,,,,
1462852812465801,,1798460787162388767,6276604072005432263,8003244741896000127,4,,,,,,,
1462852813569775,,1798460787162388767,6276604072005432258,9774505730620387701,4,,,,,,,
1462852814023297,,2758533310272396702,4074130555750996972,,0,,,,,,,
1462852814023585,,2758533310272396702,4074130555750996972,caelum-411,1,,,,,,,
1462852814023298,,2758533310272396702,4074130555750996973,,0,,,,,,,
1462852814023713,,2758533310272396702,4074130555750996973,caelum-405,1,,,,,,,
1462852814023296,,2758533310272396702,4074130555750996974,,0,,,,,,,
1462852814023859,,2758533310272396702,4074130555750996974,caelum-408,1,,,,,,,
1462852814023297,,2758533310272396702,4074130555750996975,,0,,,,,,,
1462852814023981,,2758533310272396702,4074130555750996975,caelum-412,1,,,,,,,
1462852814023294,,2758533310272396702,9115043405074991043,,0,,,,,,,
1462852814024142,,2758533310272396702,9115043405074991043,caelum-308,1,,,,,,,
1462852814023299,,2758533310272396702,4074130555750996960,,0,,,,,,,
1462852814024283,,2758533310272396702,4074130555750996960,caelum-411,1,,,,,,,
1462852814023300,,2758533310272396702,4074130555750996961,,0,,,,,,,
1462852814024410,,2758533310272396702,4074130555750996961,caelum-307,1,,,,,,,
1462852814023298,,2758533310272396702,4074130555750996962,,0,,,,,,,
1462852814024530,,2758533310272396702,4074130555750996962,caelum-410,1,,,,,,,
1462852814023299,,2758533310272396702,4074130555750996963,,0,,,,,,,
1462852814024678,,2758533310272396702,4074130555750996963,caelum-406,1,,,,,,,
1462852814023301,,2758533310272396702,4074130555750996964,,0,,,,,,,
1462852814024802,,2758533310272396702,4074130555750996964,caelum-304,1,,,,,,,
1462852814023302,,2758533310272396702,4074130555750996965,,0,,,,,,,
1462852814024940,,2758533310272396702,4074130555750996965,caelum-403,1,,,,,,,
1462852814023300,,2758533310272396702,4074130555750996966,,0,,,,,,,
1462852814025070,,2758533310272396702,4074130555750996966,caelum-310,1,,,,,,,
1462852814023301,,2758533310272396702,4074130555750996967,,0,,,,,,,
1462852814025187,,2758533310272396702,4074130555750996967,caelum-401,1,,,,,,,
1462852814023296,,2758533310272396702,4074130555750996969,,0,,,,,,,
1462852814025324,,2758533310272396702,4074130555750996969,caelum-413,1,,,,,,,
1462852814364245,,1798460787162388767,6276604072005432259,12837175779377048704,4,,,,,,,
1462852814839559,,231666610302394535,12272217460657938764,5703023292155827773,4,,,,,,,
1462852815665848,,231666610302394535,11283817084468317854,6067198176019562895,4,,,,,,,
1462852816050422,,1798460787162388767,6276604072005432257,579758872671168809,4,,,,,,,
1462852816102572,,9912488039512931924,12118275631278919633,10615991138680815920,4,,,,,,,
1462852816450044,,2758533310272396702,4074130555750996966,7553729303218201120,4,,,,,,,
1462852816756113,,2758533310272396702,4074130555750996969,17447880445980281304,4,,,,,,,
1462852816785936,,231666610302394535,12272217460657938753,11032170776854082651,4,,,,,,,
1462852816894781,,2758533310272396702,9115043405074991043,4026302462585338931,4,,,,,,,
1462852817051559,,2758533310272396702,4074130555750996964,16783572837087526016,4,,,,,,,
1462852817122839,,231666610302394535,12272217460657938763,703319561096623764,4,,,,,,,
1462852817129930,,2758533310272396702,4074130555750996973,10491747474756303979,4,,,,,,,
1462852817334227,,2758533310272396702,4074130555750996963,5578538654463802037,4,,,,,,,
1462852817383370,,2758533310272396702,4074130555750996961,8429845321832454827,4,,,,,,,
1462852817519193,,2758533310272396702,4074130555750996975,5568701348671103665,4,,,,,,,
1462852817521085,,9735007786270454728,7367760777641031572,,0,,,,,,,
1462852817523117,,9735007786270454728,7367760777641031572,caelum-301,1,,,,,,,
1462852817521087,,9735007786270454728,1635270734197562170,,0,,,,,,,
1462852817523468,,9735007786270454728,1635270734197562170,caelum-405,1,,,,,,,
1462852817580648,,231666610302394535,12272217460657938766,13594143336871392179,4,,,,,,,
1462852817837256,,2758533310272396702,4074130555750996965,17500053773440512882,4,,,,,,,
1462852817868033,,2758533310272396702,4074130555750996972,6929460803413072434,4,,,,,,,
1462852817952604,,231666610302394535,12272217460657938743,546457904509994483,4,,,,,,,
1462852817979459,,231666610302394535,12272217460657938761,17473320452386173786,4,,,,,,,
1462852818167572,,2758533310272396702,4074130555750996962,1405206693959234716,4,,,,,,,
1462852818535877,,231666610302394535,12272217460657938752,1095890505887186611,4,,,,,,,
1462852818589435,,2758533310272396702,4074130555750996960,11258693832838534255,4,,,,,,,
1462852818637500,,231666610302394535,12272217460657938741,9954893650092456724,4,,,,,,,
1462852818774132,,231666610302394535,12272217460657938760,2202284851991273404,4,,,,,,,
1462852818955584,,1798460787162388767,6276604072005432261,5394505087920769274,4,,,,,,,
1462852819163648,,231666610302394535,12272217460657938767,8709557632043634474,4,,,,,,,
1462852819835243,,9912488039512931924,12118275631278919661,16104433161137600677,4,,,,,,,
1462852819992092,,231666610302394535,12272217460657938742,631485669166868797,4,,,,,,,
1462852820819725,,9735007786270454728,7367760777641031572,980052016105123682,4,,,,,,,
1462852820995308,,231666610302394535,12272217460657938738,16258599820211531736,4,,,,,,,
1462852821022341,,659716427278432809,9473780336137912234,,0,,,,,,,
1462852821022665,,659716427278432809,9473780336137912234,caelum-409,1,,,,,,,
1462852821022343,,659716427278432809,9473780336137912246,,0,,,,,,,
1462852821022849,,659716427278432809,9473780336137912246,caelum-309,1,,,,,,,
1462852821022342,,659716427278432809,9473780336137912235,,0,,,,,,,
1462852821023039,,659716427278432809,9473780336137912235,caelum-306,1,,,,,,,
1462852821022337,,659716427278432809,15649867132787681520,,0,,,,,,,
1462852821023197,,659716427278432809,15649867132787681520,caelum-108,1,,,,,,,
1462852821022340,,659716427278432809,9473780336137912236,,0,,,,,,,
1462852821023348,,659716427278432809,9473780336137912236,caelum-312,1,,,,,,,
1462852821022341,,659716427278432809,9473780336137912237,,0,,,,,,,
1462852821023502,,659716427278432809,9473780336137912237,caelum-312,1,,,,,,,
1462852821022342,,659716427278432809,9473780336137912232,,0,,,,,,,
1462852821026247,,659716427278432809,9473780336137912232,caelum-301,1,,,,,,,
1462852821022343,,659716427278432809,9473780336137912233,,0,,,,,,,
1462852821026659,,659716427278432809,9473780336137912233,caelum-106,1,,,,,,,
1462852821348604,,2758533310272396702,4074130555750996967,10400827500498334528,4,,,,,,,
1462852822229250,,231666610302394535,12272217460657938765,2215446605971935481,4,,,,,,,
1462852822315546,,9735007786270454728,1635270734197562170,10190019964829034468,4,,,,,,,
1462852824523800,,13817878308933591980,9786492139562198882,,0,,,,,,,
1462852824524110,,13817878308933591980,9786492139562198882,caelum-402,1,,,,,,,
1462852824523800,,13817878308933591980,9786492139562198883,,0,,,,,,,
1462852824524252,,13817878308933591980,9786492139562198883,caelum-401,1,,,,,,,
1462852824523792,,13817878308933591980,6126094069946533241,,0,,,,,,,
1462852824524422,,13817878308933591980,6126094069946533241,caelum-314,1,,,,,,,
1462852824523801,,13817878308933591980,9786492139562198884,,0,,,,,,,
1462852824524598,,13817878308933591980,9786492139562198884,caelum-405,1,,,,,,,
1462852824523801,,13817878308933591980,9786492139562198885,,0,,,,,,,
1462852824524721,,13817878308933591980,9786492139562198885,caelum-405,1,,,,,,,
1462852824523795,,13817878308933591980,9786492139562198888,,0,,,,,,,
1462852824524874,,13817878308933591980,9786492139562198888,caelum-209,1,,,,,,,
1462852824523795,,13817878308933591980,9786492139562198889,,0,,,,,,,
1462852824525008,,13817878308933591980,9786492139562198889,caelum-303,1,,,,,,,
1462852824523797,,13817878308933591980,9786492139562198890,,0,,,,,,,
1462852824525163,,13817878308933591980,9786492139562198890,caelum-414,1,,,,,,,
1462852824523796,,13817878308933591980,9786492139562198891,,0,,,,,,,
1462852824525309,,13817878308933591980,9786492139562198891,caelum-312,1,,,,,,,
1462852824523798,,13817878308933591980,9786492139562198892,,0,,,,,,,
1462852824525461,,13817878308933591980,9786492139562198892,caelum-304,1,,,,,,,
1462852824523797,,13817878308933591980,9786492139562198893,,0,,,,,,,
1462852824525606,,13817878308933591980,9786492139562198893,caelum-109,1,,,,,,,
1462852824523798,,13817878308933591980,9786492139562198894,,0,,,,,,,
1462852824525741,,13817878308933591980,9786492139562198894,caelum-309,1,,,,,,,
1462852824523798,,13817878308933591980,9786492139562198895,,0,,,,,,,
1462852824525887,,13817878308933591980,9786492139562198895,caelum-306,1,,,,,,,
1462852824523794,,13817878308933591980,9786492139562198902,,0,,,,,,,
1462852824526060,,13817878308933591980,9786492139562198902,caelum-308,1,,,,,,,
1462852824523799,,13817878308933591980,9786492139562198880,,0,,,,,,,
1462852824526221,,13817878308933591980,9786492139562198880,caelum-403,1,,,,,,,
1462852824523799,,13817878308933591980,9786492139562198881,,0,,,,,,,
1462852824526357,,13817878308933591980,9786492139562198881,caelum-108,1,,,,,,,
1462852825128888,,2758533310272396702,4074130555750996974,4576144087033202768,4,,,,,,,
1462852825991036,,231666610302394535,12272217460657938740,17011189496625395045,4,,,,,,,
1462852826992880,,659716427278432809,9473780336137912246,17473320452386173786,4,,,,,,,
1462852827070149,,659716427278432809,9473780336137912234,16235727350845828058,4,,,,,,,
1462852827515129,,659716427278432809,9473780336137912235,10751007387648689429,4,,,,,,,
1462852828023316,,11388030933054891981,4237167208286827219,,0,,,,,,,
1462852828023615,,11388030933054891981,4237167208286827219,caelum-314,1,,,,,,,
1462852828023321,,11388030933054891981,4237167208286827220,,0,,,,,,,
1462852828023758,,11388030933054891981,4237167208286827220,caelum-410,1,,,,,,,
1462852828023320,,11388030933054891981,4237167208286827221,,0,,,,,,,
1462852828023907,,11388030933054891981,4237167208286827221,caelum-313,1,,,,,,,
1462852828023320,,11388030933054891981,4237167208286827222,,0,,,,,,,
1462852828024068,,11388030933054891981,4237167208286827222,caelum-413,1,,,,,,,
1462852828023319,,11388030933054891981,4237167208286827223,,0,,,,,,,
1462852828024231,,11388030933054891981,4237167208286827223,caelum-206,1,,,,,,,
1462852828023315,,11388030933054891981,4237167208286827228,,0,,,,,,,
1462852828024374,,11388030933054891981,4237167208286827228,caelum-414,1,,,,,,,
1462852828023323,,11388030933054891981,4237167208286827208,,0,,,,,,,
1462852828024517,,11388030933054891981,4237167208286827208,caelum-207,1,,,,,,,
1462852828023322,,11388030933054891981,4237167208286827209,,0,,,,,,,
1462852828024663,,11388030933054891981,4237167208286827209,caelum-105,1,,,,,,,
1462852828023322,,11388030933054891981,4237167208286827210,,0,,,,,,,
1462852828024812,,11388030933054891981,4237167208286827210,caelum-311,1,,,,,,,
1462852828023313,,11388030933054891981,8023583402667504744,,0,,,,,,,
1462852828024994,,11388030933054891981,8023583402667504744,caelum-405,1,,,,,,,
1462852828023321,,11388030933054891981,4237167208286827211,,0,,,,,,,
1462852828025131,,11388030933054891981,4237167208286827211,caelum-304,1,,,,,,,
1462852828023319,,11388030933054891981,4237167208286827216,,0,,,,,,,
1462852828025273,,11388030933054891981,4237167208286827216,caelum-314,1,,,,,,,
1462852828023318,,11388030933054891981,4237167208286827217,,0,,,,,,,
1462852828025416,,11388030933054891981,4237167208286827217,caelum-309,1,,,,,,,
1462852828023317,,11388030933054891981,4237167208286827218,,0,,,,,,,
1462852828025547,,11388030933054891981,4237167208286827218,caelum-305,1,,,,,,,
1462852828600950,,231666610302394535,12272217460657938762,15247786840751950142,4,,,,,,,
1462852830212915,,11388030933054891981,4237167208286827210,16777902517947616556,4,,,,,,,
1462852830262539,,13817878308933591980,9786492139562198892,7508694909308569378,4,,,,,,,
1462852830265420,,659716427278432809,9473780336137912233,9956498907507961362,4,,,,,,,
1462852830782570,,11388030933054891981,4237167208286827228,13919973464436229250,4,,,,,,,
1462852830949580,,11388030933054891981,4237167208286827221,10852441287475671024,4,,,,,,,
1462852830998200,,659716427278432809,9473780336137912237,16520250975403001349,4,,,,,,,
1462852831052276,,11388030933054891981,4237167208286827222,1603601116043418118,4,,,,,,,
1462852831054617,,13817878308933591980,9786492139562198893,631485669166868797,4,,,,,,,
1462852831343939,,11388030933054891981,4237167208286827217,12728293783028477144,4,,,,,,,
1462852831465343,,11388030933054891981,4237167208286827208,2943684095604820322,4,,,,,,,
1462852831512743,,11388030933054891981,8023583402667504744,8780601210072238370,4,,,,,,,
1462852831521099,,10951115865808557410,8619722903195103025,,0,,,,,,,
1462852831521350,,10951115865808557410,8619722903195103025,caelum-302,1,,,,,,,
1462852831521098,,10951115865808557410,2797072566826914385,,0,,,,,,,
1462852831521500,,10951115865808557410,2797072566826914385,caelum-212,1,,,,,,,
1462852831869371,,659716427278432809,15649867132787681520,13426245571832694658,4,,,,,,,
1462852832231054,,11388030933054891981,4237167208286827209,1756796827128310050,4,,,,,,,
1462852832353478,,13817878308933591980,9786492139562198890,17369185670323018193,4,,,,,,,
1462852832399813,,659716427278432809,9473780336137912236,2140571017597925379,4,,,,,,,
1462852832629764,,13817878308933591980,9786492139562198882,7358453616137503730,4,,,,,,,
1462852832659106,,11388030933054891981,4237167208286827211,16783572837087526016,4,,,,,,,
1462852832699923,,11388030933054891981,4237167208286827216,16104433161137600677,4,,,,,,,
1462852832708812,,1798460787162388767,2347590439429618799,10047689061321597703,4,,,,,,,
1462852832784387,,11388030933054891981,4237167208286827218,2215446605971935481,4,,,,,,,
1462852833529484,,13817878308933591980,9786492139562198885,10190019964829034468,4,,,,,,,
1462852833572843,,13817878308933591980,9786492139562198889,13332782237581996620,4,,,,,,,
1462852833823240,,13817878308933591980,9786492139562198888,11002865075290528818,4,,,,,,,
1462852834091784,,13817878308933591980,9786492139562198881,10084930765281562037,4,,,,,,,
1462852835022216,,617429060709026125,7179622601553890136,,0,,,,,,,
1462852835022542,,617429060709026125,7179622601553890136,caelum-406,1,,,,,,,
1462852835022217,,617429060709026125,7179622601553890137,,0,,,,,,,
1462852835022730,,617429060709026125,7179622601553890137,caelum-310,1,,,,,,,
1462852835022215,,617429060709026125,7179622601553890139,,0,,,,,,,
1462852835022854,,617429060709026125,7179622601553890139,caelum-414,1,,,,,,,
1462852835022218,,617429060709026125,7179622601553890140,,0,,,,,,,
1462852835022979,,617429060709026125,7179622601553890140,caelum-412,1,,,,,,,
1462852835022219,,617429060709026125,7179622601553890141,,0,,,,,,,
1462852835023102,,617429060709026125,7179622601553890141,caelum-311,1,,,,,,,
1462852835022217,,617429060709026125,7179622601553890142,,0,,,,,,,
1462852835023220,,617429060709026125,7179622601553890142,caelum-303,1,,,,,,,
1462852835022218,,617429060709026125,7179622601553890143,,0,,,,,,,
1462852835023364,,617429060709026125,7179622601553890143,caelum-207,1,,,,,,,
1462852835022213,,617429060709026125,17009098893879472135,,0,,,,,,,
1462852835023527,,617429060709026125,17009098893879472135,caelum-206,1,,,,,,,
1462852835086474,,13817878308933591980,9786492139562198884,15024271784691473482,4,,,,,,,
1462852836170759,,10951115865808557410,8619722903195103025,14240424929944570918,4,,,,,,,
1462852837621763,,10951115865808557410,2797072566826914385,2709143838374946510,4,,,,,,,
1462852838523747,,17605775774893706784,16997224806366895552,,0,,,,,,,
1462852838524038,,17605775774893706784,16997224806366895552,caelum-105,1,,,,,,,
1462852838523752,,17605775774893706784,16997224806366895576,,0,,,,,,,
1462852838524168,,17605775774893706784,16997224806366895576,caelum-106,1,,,,,,,
1462852838523749,,17605775774893706784,16997224806366895553,,0,,,,,,,
1462852838524307,,17605775774893706784,16997224806366895553,caelum-109,1,,,,,,,
1462852838523753,,17605775774893706784,16997224806366895577,,0,,,,,,,
1462852838524436,,17605775774893706784,16997224806366895577,caelum-408,1,,,,,,,
1462852838523750,,17605775774893706784,16997224806366895554,,0,,,,,,,
1462852838524571,,17605775774893706784,16997224806366895554,caelum-313,1,,,,,,,
1462852838523753,,17605775774893706784,16997224806366895578,,0,,,,,,,
1462852838524690,,17605775774893706784,16997224806366895578,caelum-309,1,,,,,,,
1462852838523750,,17605775774893706784,16997224806366895555,,0,,,,,,,
1462852838524809,,17605775774893706784,16997224806366895555,caelum-401,1,,,,,,,
1462852838523754,,17605775774893706784,16997224806366895579,,0,,,,,,,
1462852838524927,,17605775774893706784,16997224806366895579,caelum-413,1,,,,,,,
1462852838523751,,17605775774893706784,16997224806366895580,,0,,,,,,,
1462852838525052,,17605775774893706784,16997224806366895580,caelum-306,1,,,,,,,
1462852838523751,,17605775774893706784,16997224806366895581,,0,,,,,,,
1462852838525175,,17605775774893706784,16997224806366895581,caelum-404,1,,,,,,,
1462852838523752,,17605775774893706784,16997224806366895582,,0,,,,,,,
1462852838525300,,17605775774893706784,16997224806366895582,caelum-402,1,,,,,,,
1462852838523752,,17605775774893706784,16997224806366895583,,0,,,,,,,
1462852838525418,,17605775774893706784,16997224806366895583,caelum-402,1,,,,,,,
1462852838523746,,17605775774893706784,14558143699260970955,,0,,,,,,,
1462852838525581,,17605775774893706784,14558143699260970955,caelum-411,1,,,,,,,
1462852838523754,,17605775774893706784,16997224806366895572,,0,,,,,,,
1462852838525732,,17605775774893706784,16997224806366895572,caelum-403,1,,,,,,,
1462852838523755,,17605775774893706784,16997224806366895573,,0,,,,,,,
1462852838525859,,17605775774893706784,16997224806366895573,caelum-405,1,,,,,,,
1462852838523755,,17605775774893706784,16997224806366895574,,0,,,,,,,
1462852838526017,,17605775774893706784,16997224806366895574,caelum-307,1,,,,,,,
1462852838766220,,617429060709026125,17009098893879472135,13004736297334086310,4,,,,,,,
1462852838927316,,13817878308933591980,9786492139562198883,13669819167971558302,4,,,,,,,
1462852839773061,,659716427278432809,9473780336137912232,1478944897403855445,4,,,,,,,
1462852840182388,,617429060709026125,7179622601553890142,12035102918045360124,4,,,,,,,
1462852840631023,,617429060709026125,7179622601553890139,8709557632043634474,4,,,,,,,
1462852841215548,,617429060709026125,7179622601553890141,3955860872359718204,4,,,,,,,
1462852841661549,,617429060709026125,7179622601553890136,1935496937716850182,4,,,,,,,
1462852841918046,,617429060709026125,7179622601553890140,14205052038935408211,4,,,,,,,
1462852842023301,,2055163231142841897,15395868702262267119,,0,,,,,,,
1462852842023586,,2055163231142841897,15395868702262267119,caelum-305,1,,,,,,,
1462852842023304,,2055163231142841897,15395868702262267120,,0,,,,,,,
1462852842023715,,2055163231142841897,15395868702262267120,caelum-302,1,,,,,,,
1462852842023304,,2055163231142841897,15395868702262267121,,0,,,,,,,
1462852842023861,,2055163231142841897,15395868702262267121,caelum-310,1,,,,,,,
1462852842023303,,2055163231142841897,15395868702262267122,,0,,,,,,,
1462852842024018,,2055163231142841897,15395868702262267122,caelum-310,1,,,,,,,
1462852842023303,,2055163231142841897,15395868702262267123,,0,,,,,,,
1462852842024156,,2055163231142841897,15395868702262267123,caelum-307,1,,,,,,,
1462852842023305,,2055163231142841897,15395868702262267126,,0,,,,,,,
1462852842024285,,2055163231142841897,15395868702262267126,caelum-210,1,,,,,,,
1462852842023305,,2055163231142841897,15395868702262267127,,0,,,,,,,
1462852842024422,,2055163231142841897,15395868702262267127,caelum-308,1,,,,,,,
1462852842023297,,2055163231142841897,15216866461578779115,,0,,,,,,,
1462852842024573,,2055163231142841897,15216866461578779115,caelum-305,1,,,,,,,
1462852842023300,,2055163231142841897,15395868702262267112,,0,,,,,,,
1462852842024763,,2055163231142841897,15395868702262267112,caelum-211,1,,,,,,,
1462852842023299,,2055163231142841897,15395868702262267113,,0,,,,,,,
1462852842024889,,2055163231142841897,15395868702262267113,caelum-312,1,,,,,,,
1462852842023299,,2055163231142841897,15395868702262267114,,0,,,,,,,
1462852842025014,,2055163231142841897,15395868702262267114,caelum-401,1,,,,,,,
1462852842023302,,2055163231142841897,15395868702262267116,,0,,,,,,,
1462852842025127,,2055163231142841897,15395868702262267116,caelum-401,1,,,,,,,
1462852842023302,,2055163231142841897,15395868702262267117,,0,,,,,,,
1462852842025264,,2055163231142841897,15395868702262267117,caelum-408,1,,,,,,,
1462852842023301,,2055163231142841897,15395868702262267118,,0,,,,,,,
1462852842025383,,2055163231142841897,15395868702262267118,caelum-405,1,,,,,,,
1462852842944960,,617429060709026125,7179622601553890143,10221724907133791485,4,,,,,,,
1462852844354346,,17605775774893706784,14558143699260970955,17092502711925552762,4,,,,,,,
1462852844376257,,2055163231142841897,15395868702262267121,2979955948507252744,4,,,,,,,
1462852844535728,,17605775774893706784,16997224806366895579,1603601116043418118,4,,,,,,,
1462852844623375,,11388030933054891981,4237167208286827223,7084550483604592578,4,,,,,,,
1462852844867412,,2055163231142841897,15395868702262267127,14302353196813480184,4,,,,,,,
1462852845403332,,2055163231142841897,15395868702262267117,2082520723073042301,4,,,,,,,
1462852845476555,,17605775774893706784,16997224806366895574,17816259169061586227,4,,,,,,,
1462852845521071,,7425824084028709553,6848664463873881981,,0,,,,,,,
1462852845521324,,7425824084028709553,6848664463873881981,caelum-405,1,,,,,,,
1462852845521073,,7425824084028709553,13142504389050794959,,0,,,,,,,
1462852845521465,,7425824084028709553,13142504389050794959,caelum-302,1,,,,,,,
1462852845834676,,17605775774893706784,16997224806366895578,8302627968101153554,4,,,,,,,
1462852845885977,,17605775774893706784,16997224806366895581,12077187904412646427,4,,,,,,,
1462852845928533,,17605775774893706784,16997224806366895576,15016062328757266316,4,,,,,,,
1462852846085789,,17605775774893706784,16997224806366895580,1097693179345526455,4,,,,,,,
1462852846113221,,2055163231142841897,15395868702262267126,4960089884328797259,4,,,,,,,
1462852846195848,,17605775774893706784,16997224806366895553,13640725597942336741,4,,,,,,,
1462852846318549,,2055163231142841897,15395868702262267118,10190019964829034468,4,,,,,,,
1462852846359544,,2055163231142841897,15395868702262267112,6894807113933599801,4,,,,,,,
1462852846371365,,2055163231142841897,15395868702262267123,14195863767149723993,4,,,,,,,
1462852846605966,,17605775774893706784,16997224806366895572,9788609934535380383,4,,,,,,,
1462852846698534,,17605775774893706784,16997224806366895573,18264514031758212833,4,,,,,,,
1462852846784845,,13817878308933591980,9786492139562198880,16148670431741156506,4,,,,,,,
1462852846850464,,13817878308933591980,9786492139562198894,15100237051223934800,4,,,,,,,
1462852846922373,,17605775774893706784,16997224806366895582,12736264107496397396,4,,,,,,,
1462852847005742,,2055163231142841897,15395868702262267120,4424664211040055073,4,,,,,,,
1462852847966349,,13817878308933591980,9786492139562198895,15942517049696606813,4,,,,,,,
1462852848050960,,11388030933054891981,4237167208286827220,12261097792318641939,4,,,,,,,
1462852848258662,,17605775774893706784,16997224806366895583,6687346615178622198,4,,,,,,,
1462852848339880,,17605775774893706784,16997224806366895552,13409892783592632401,4,,,,,,,
1462852848735448,,2055163231142841897,15395868702262267119,2537293293005110808,4,,,,,,,
1462852848808606,,13817878308933591980,9786492139562198902,1317014969351242130,4,,,,,,,
1462852849022865,,5072970924111398252,6541991942859345808,,0,,,,,,,
1462852849023138,,5072970924111398252,6541991942859345808,caelum-409,1,,,,,,,
1462852849022865,,5072970924111398252,6541991942859345809,,0,,,,,,,
1462852849023265,,5072970924111398252,6541991942859345809,caelum-212,1,,,,,,,
1462852849022864,,5072970924111398252,6541991942859345810,,0,,,,,,,
1462852849023402,,5072970924111398252,6541991942859345810,caelum-404,1,,,,,,,
1462852849022866,,5072970924111398252,6541991942859345822,,0,,,,,,,
1462852849023552,,5072970924111398252,6541991942859345822,caelum-109,1,,,,,,,
1462852849022864,,5072970924111398252,6541991942859345811,,0,,,,,,,
1462852849023673,,5072970924111398252,6541991942859345811,caelum-311,1,,,,,,,
1462852849022862,,5072970924111398252,6541991942859345812,,0,,,,,,,
1462852849023795,,5072970924111398252,6541991942859345812,caelum-310,1,,,,,,,
1462852849022863,,5072970924111398252,6541991942859345813,,0,,,,,,,
1462852849023927,,5072970924111398252,6541991942859345813,caelum-306,1,,,,,,,
1462852849022860,,5072970924111398252,4999948017228427996,,0,,,,,,,
1462852849024078,,5072970924111398252,4999948017228427996,caelum-406,1,,,,,,,
1462852849604593,,2055163231142841897,15216866461578779115,8073097341783518947,4,,,,,,,
1462852849918539,,13817878308933591980,9786492139562198891,7428914211573701811,4,,,,,,,
1462852851142673,,2055163231142841897,15395868702262267116,13053039282336638059,4,,,,,,,
1462852851239112,,7425824084028709553,6848664463873881981,13447469031811998792,4,,,,,,,
1462852851239693,,2055163231142841897,15395868702262267114,6104904623491109916,4,,,,,,,
1462852851316104,,2055163231142841897,15395868702262267122,12757353612365724006,4,,,,,,,
1462852851496561,,7425824084028709553,13142504389050794959,9562532040604333167,4,,,,,,,
1462852851827568,,17605775774893706784,16997224806366895555,10047689061321597703,4,,,,,,,
1462852852523771,,13450834573033304726,3090890697729420439,,0,,,,,,,
1462852852524048,,13450834573033304726,3090890697729420439,caelum-107,1,,,,,,,
1462852852523777,,13450834573033304726,3090890697729420424,,0,,,,,,,
1462852852524190,,13450834573033304726,3090890697729420424,caelum-106,1,,,,,,,
1462852852523776,,13450834573033304726,3090890697729420425,,0,,,,,,,
1462852852524370,,13450834573033304726,3090890697729420425,caelum-314,1,,,,,,,
1462852852523777,,13450834573033304726,3090890697729420427,,0,,,,,,,
1462852852524495,,13450834573033304726,3090890697729420427,caelum-310,1,,,,,,,
1462852852523775,,13450834573033304726,3090890697729420428,,0,,,,,,,
1462852852524614,,13450834573033304726,3090890697729420428,caelum-307,1,,,,,,,
1462852852523774,,13450834573033304726,3090890697729420429,,0,,,,,,,
1462852852524743,,13450834573033304726,3090890697729420429,caelum-212,1,,,,,,,
1462852852523776,,13450834573033304726,3090890697729420430,,0,,,,,,,
1462852852524885,,13450834573033304726,3090890697729420430,caelum-403,1,,,,,,,
1462852852523775,,13450834573033304726,3090890697729420431,,0,,,,,,,
1462852852525015,,13450834573033304726,3090890697729420431,caelum-314,1,,,,,,,
1462852852523773,,13450834573033304726,3090890697729420432,,0,,,,,,,
1462852852525133,,13450834573033304726,3090890697729420432,caelum-308,1,,,,,,,
1462852852523772,,13450834573033304726,3090890697729420433,,0,,,,,,,
1462852852525268,,13450834573033304726,3090890697729420433,caelum-108,1,,,,,,,
1462852852523768,,13450834573033304726,9537680186811624447,,0,,,,,,,
1462852852525434,,13450834573033304726,9537680186811624447,caelum-302,1,,,,,,,
1462852852523774,,13450834573033304726,3090890697729420434,,0,,,,,,,
1462852852525580,,13450834573033304726,3090890697729420434,caelum-410,1,,,,,,,
1462852852523773,,13450834573033304726,3090890697729420435,,0,,,,,,,
1462852852525703,,13450834573033304726,3090890697729420435,caelum-407,1,,,,,,,
1462852852523771,,13450834573033304726,3090890697729420436,,0,,,,,,,
1462852852525832,,13450834573033304726,3090890697729420436,caelum-314,1,,,,,,,
1462852852523770,,13450834573033304726,3090890697729420437,,0,,,,,,,
1462852852525957,,13450834573033304726,3090890697729420437,caelum-409,1,,,,,,,
1462852852523772,,13450834573033304726,3090890697729420438,,0,,,,,,,
1462852852526078,,13450834573033304726,3090890697729420438,caelum-409,1,,,,,,,
1462852853839487,,5072970924111398252,6541991942859345809,1433790454915598971,4,,,,,,,
1462852854180827,,5072970924111398252,4999948017228427996,1935496937716850182,4,,,,,,,
1462852854638408,,5072970924111398252,6541991942859345813,7379342491797750406,4,,,,,,,
1462852854698382,,5072970924111398252,6541991942859345822,631485669166868797,4,,,,,,,
1462852854989322,,5072970924111398252,6541991942859345808,18355522308053309118,4,,,,,,,
1462852855497273,,5072970924111398252,6541991942859345811,15001999937617992972,4,,,,,,,
1462852856023296,,1738734302112915363,15218713392346839790,,0,,,,,,,
1462852856023563,,1738734302112915363,15218713392346839790,caelum-309,1,,,,,,,
1462852856023297,,1738734302112915363,15218713392346839791,,0,,,,,,,
1462852856023706,,1738734302112915363,15218713392346839791,caelum-408,1,,,,,,,
1462852856023295,,1738734302112915363,15218713392346839792,,0,,,,,,,
1462852856023839,,1738734302112915363,15218713392346839792,caelum-412,1,,,,,,,
1462852856023296,,1738734302112915363,15218713392346839793,,0,,,,,,,
1462852856023976,,1738734302112915363,15218713392346839793,caelum-405,1,,,,,,,
1462852856023294,,1738734302112915363,15218713392346839794,,0,,,,,,,
1462852856024094,,1738734302112915363,15218713392346839794,caelum-311,1,,,,,,,
1462852856023295,,1738734302112915363,15218713392346839795,,0,,,,,,,
1462852856024213,,1738734302112915363,15218713392346839795,caelum-212,1,,,,,,,
1462852856023293,,1738734302112915363,15218713392346839796,,0,,,,,,,
1462852856024331,,1738734302112915363,15218713392346839796,caelum-410,1,,,,,,,
1462852856023294,,1738734302112915363,15218713392346839797,,0,,,,,,,
1462852856024463,,1738734302112915363,15218713392346839797,caelum-410,1,,,,,,,
1462852856023291,,1738734302112915363,15218713392346839798,,0,,,,,,,
1462852856024627,,1738734302112915363,15218713392346839798,caelum-411,1,,,,,,,
1462852856023289,,1738734302112915363,8974844619141128280,,0,,,,,,,
1462852856024787,,1738734302112915363,8974844619141128280,caelum-403,1,,,,,,,
1462852856023292,,1738734302112915363,15218713392346839799,,0,,,,,,,
1462852856024929,,1738734302112915363,15218713392346839799,caelum-413,1,,,,,,,
1462852856023298,,1738734302112915363,15218713392346839786,,0,,,,,,,
1462852856025050,,1738734302112915363,15218713392346839786,caelum-311,1,,,,,,,
1462852856023297,,1738734302112915363,15218713392346839788,,0,,,,,,,
1462852856025180,,1738734302112915363,15218713392346839788,caelum-313,1,,,,,,,
1462852856023298,,1738734302112915363,15218713392346839789,,0,,,,,,,
1462852856025319,,1738734302112915363,15218713392346839789,caelum-412,1,,,,,,,
1462852856581309,,13450834573033304726,3090890697729420435,1743817022042848721,4,,,,,,,
1462852858194625,,1738734302112915363,15218713392346839790,17586732473831351655,4,,,,,,,
1462852858613746,,13450834573033304726,3090890697729420428,296587527155123205,4,,,,,,,
1462852858615923,,1738734302112915363,15218713392346839798,4545189869383806093,4,,,,,,,
1462852858699954,,13450834573033304726,3090890697729420433,1343007025599555599,4,,,,,,,
1462852859001941,,1738734302112915363,15218713392346839799,14166014483846167229,4,,,,,,,
1462852859062205,,13450834573033304726,3090890697729420424,15016062328757266316,4,,,,,,,
1462852859107753,,13450834573033304726,3090890697729420431,13399909031582883125,4,,,,,,,
1462852859206608,,1738734302112915363,8974844619141128280,9954893650092456724,4,,,,,,,
1462852859219068,,1738734302112915363,15218713392346839793,3443811331229913715,4,,,,,,,
1462852859294574,,13450834573033304726,3090890697729420432,1317014969351242130,4,,,,,,,
1462852859369482,,1738734302112915363,15218713392346839786,11003231472336175934,4,,,,,,,
1462852859467253,,1738734302112915363,15218713392346839791,12852228531220481488,4,,,,,,,
1462852859521048,,16597280634331228696,11353774981996185326,,0,,,,,,,
1462852859521285,,16597280634331228696,11353774981996185326,caelum-414,1,,,,,,,
1462852859521046,,16597280634331228696,10438183171731574902,,0,,,,,,,
1462852859521428,,16597280634331228696,10438183171731574902,caelum-409,1,,,,,,,
1462852859647632,,1738734302112915363,15218713392346839788,13594143336871392179,4,,,,,,,
1462852859713416,,1738734302112915363,15218713392346839792,5953543772618772067,4,,,,,,,
1462852859896117,,1738734302112915363,15218713392346839794,5687306131573677789,4,,,,,,,
1462852860043280,,1738734302112915363,15218713392346839789,6813758942147195797,4,,,,,,,
1462852860380758,,1738734302112915363,15218713392346839795,1433790454915598971,4,,,,,,,
1462852860687155,,11388030933054891981,4237167208286827219,2158098549847998475,4,,,,,,,
1462852860883385,,1738734302112915363,15218713392346839797,17581224379964171287,4,,,,,,,
1462852861076247,,1738734302112915363,15218713392346839796,106955831579403614,4,,,,,,,
1462852861220241,,13450834573033304726,3090890697729420439,1102526922123032575,4,,,,,,,
1462852861702167,,13450834573033304726,3090890697729420434,1095890505887186611,4,,,,,,,
1462852863022199,,302425622649487878,1912305336058923597,,0,,,,,,,
1462852863022535,,302425622649487878,1912305336058923597,caelum-108,1,,,,,,,
1462852863022205,,302425622649487878,1218882777520783994,,0,,,,,,,
1462852863022694,,302425622649487878,1218882777520783994,caelum-313,1,,,,,,,
1462852863022204,,302425622649487878,1218882777520783972,,0,,,,,,,
1462852863022841,,302425622649487878,1218882777520783972,caelum-212,1,,,,,,,
1462852863022204,,302425622649487878,1218882777520783995,,0,,,,,,,
1462852863022976,,302425622649487878,1218882777520783995,caelum-308,1,,,,,,,
1462852863022203,,302425622649487878,1218882777520783973,,0,,,,,,,
1462852863023111,,302425622649487878,1218882777520783973,caelum-407,1,,,,,,,
1462852863022202,,302425622649487878,1218882777520783974,,0,,,,,,,
1462852863023245,,302425622649487878,1218882777520783974,caelum-106,1,,,,,,,
1462852863022202,,302425622649487878,1218882777520783975,,0,,,,,,,
1462852863023389,,302425622649487878,1218882777520783975,caelum-302,1,,,,,,,
1462852863022201,,302425622649487878,1218882777520783968,,0,,,,,,,
1462852863023522,,302425622649487878,1218882777520783968,caelum-407,1,,,,,,,
1462852863639807,,13450834573033304726,3090890697729420436,16104433161137600677,4,,,,,,,
1462852864267493,,5072970924111398252,6541991942859345812,5259244566621687088,4,,,,,,,
1462852864282558,,16597280634331228696,11353774981996185326,3709103589954386985,4,,,,,,,
1462852864567598,,13817878308933591980,6126094069946533241,11128697711582792508,4,,,,,,,
1462852864765778,,2055163231142841897,15395868702262267113,15777792779537549541,4,,,,,,,
1462852864789642,,16597280634331228696,10438183171731574902,37428115284624567,4,,,,,,,
1462852866523766,,4058641780014785049,6344925905603588634,,0,,,,,,,
1462852866524103,,4058641780014785049,6344925905603588634,caelum-212,1,,,,,,,
1462852866523765,,4058641780014785049,6344925905603588635,,0,,,,,,,
1462852866524495,,4058641780014785049,6344925905603588635,caelum-309,1,,,,,,,
1462852866523767,,4058641780014785049,6344925905603588636,,0,,,,,,,
1462852866524617,,4058641780014785049,6344925905603588636,caelum-304,1,,,,,,,
1462852866523766,,4058641780014785049,6344925905603588637,,0,,,,,,,
1462852866524759,,4058641780014785049,6344925905603588637,caelum-406,1,,,,,,,
1462852866523768,,4058641780014785049,6344925905603588638,,0,,,,,,,
1462852866524928,,4058641780014785049,6344925905603588638,caelum-107,1,,,,,,,
1462852866523767,,4058641780014785049,6344925905603588639,,0,,,,,,,
1462852866525055,,4058641780014785049,6344925905603588639,caelum-312,1,,,,,,,
1462852866523769,,4058641780014785049,6344925905603588640,,0,,,,,,,
1462852866525168,,4058641780014785049,6344925905603588640,caelum-304,1,,,,,,,
1462852866523768,,4058641780014785049,6344925905603588641,,0,,,,,,,
1462852866525284,,4058641780014785049,6344925905603588641,caelum-303,1,,,,,,,
1462852866523770,,4058641780014785049,6344925905603588642,,0,,,,,,,
1462852866525410,,4058641780014785049,6344925905603588642,caelum-406,1,,,,,,,
1462852866523769,,4058641780014785049,6344925905603588643,,0,,,,,,,
1462852866525538,,4058641780014785049,6344925905603588643,caelum-414,1,,,,,,,
1462852866523771,,4058641780014785049,6344925905603588644,,0,,,,,,,
1462852866525668,,4058641780014785049,6344925905603588644,caelum-402,1,,,,,,,
1462852866523770,,4058641780014785049,6344925905603588645,,0,,,,,,,
1462852866525792,,4058641780014785049,6344925905603588645,caelum-308,1,,,,,,,
1462852866523771,,4058641780014785049,6344925905603588646,,0,,,,,,,
1462852866525917,,4058641780014785049,6344925905603588646,caelum-407,1,,,,,,,
1462852866523771,,4058641780014785049,6344925905603588647,,0,,,,,,,
1462852866526023,,4058641780014785049,6344925905603588647,caelum-407,1,,,,,,,
1462852866523762,,4058641780014785049,5088315592781896633,,0,,,,,,,
1462852866526183,,4058641780014785049,5088315592781896633,caelum-310,1,,,,,,,
1462852866523764,,4058641780014785049,6344925905603588632,,0,,,,,,,
1462852866526319,,4058641780014785049,6344925905603588632,caelum-405,1,,,,,,,
1462852866712188,,13450834573033304726,3090890697729420427,12388204378211537643,4,,,,,,,
1462852866804681,,17605775774893706784,16997224806366895577,3544643591758153699,4,,,,,,,
1462852867220656,,13450834573033304726,3090890697729420425,938258312952676486,4,,,,,,,
1462852869100533,,302425622649487878,1912305336058923597,10084930765281562037,4,,,,,,,
1462852869517909,,302425622649487878,1218882777520783995,4359099637834760721,4,,,,,,,
1462852869610601,,302425622649487878,1218882777520783974,12315367188029495522,4,,,,,,,
1462852869931068,,302425622649487878,1218882777520783994,12833720103675768416,4,,,,,,,
1462852870023348,,8487605183642902826,17621458129913369064,,0,,,,,,,
1462852870023654,,8487605183642902826,17621458129913369064,caelum-308,1,,,,,,,
1462852870023347,,8487605183642902826,17621458129913369065,,0,,,,,,,
1462852870023814,,8487605183642902826,17621458129913369065,caelum-403,1,,,,,,,
1462852870023347,,8487605183642902826,17621458129913369066,,0,,,,,,,
1462852870023948,,8487605183642902826,17621458129913369066,caelum-407,1,,,,,,,
1462852870023346,,8487605183642902826,17621458129913369067,,0,,,,,,,
1462852870024069,,8487605183642902826,17621458129913369067,caelum-406,1,,,,,,,
1462852870023345,,8487605183642902826,17621458129913369068,,0,,,,,,,
1462852870024196,,8487605183642902826,17621458129913369068,caelum-401,1,,,,,,,
1462852870023344,,8487605183642902826,17621458129913369069,,0,,,,,,,
1462852870026158,,8487605183642902826,17621458129913369069,caelum-301,1,,,,,,,
1462852870023351,,8487605183642902826,17621458129913369073,,0,,,,,,,
1462852870026394,,8487605183642902826,17621458129913369073,caelum-303,1,,,,,,,
1462852870023342,,8487605183642902826,1730543424120240063,,0,,,,,,,
1462852870026684,,8487605183642902826,1730543424120240063,caelum-406,1,,,,,,,
1462852870023351,,8487605183642902826,17621458129913369074,,0,,,,,,,
1462852870026855,,8487605183642902826,17621458129913369074,caelum-313,1,,,,,,,
1462852870023350,,8487605183642902826,17621458129913369075,,0,,,,,,,
1462852870027022,,8487605183642902826,17621458129913369075,caelum-209,1,,,,,,,
1462852870023350,,8487605183642902826,17621458129913369076,,0,,,,,,,
1462852870027185,,8487605183642902826,17621458129913369076,caelum-404,1,,,,,,,
1462852870023349,,8487605183642902826,17621458129913369077,,0,,,,,,,
1462852870027339,,8487605183642902826,17621458129913369077,caelum-413,1,,,,,,,
1462852870023349,,8487605183642902826,17621458129913369078,,0,,,,,,,
1462852870027509,,8487605183642902826,17621458129913369078,caelum-108,1,,,,,,,
1462852870023348,,8487605183642902826,17621458129913369079,,0,,,,,,,
1462852870027639,,8487605183642902826,17621458129913369079,caelum-413,1,,,,,,,
1462852872153975,,8487605183642902826,17621458129913369069,14995024852962574951,4,,,,,,,
1462852872433303,,302425622649487878,1218882777520783975,906025556471407988,4,,,,,,,
1462852872664114,,17605775774893706784,16997224806366895554,6454717725655763029,4,,,,,,,
1462852872762663,,4058641780014785049,6344925905603588639,7428914211573701811,4,,,,,,,
1462852872858039,,4058641780014785049,6344925905603588636,16783572837087526016,4,,,,,,,
1462852872921800,,8487605183642902826,17621458129913369074,10852441287475671024,4,,,,,,,
1462852872934886,,8487605183642902826,17621458129913369073,16496069401970343120,4,,,,,,,
1462852872950813,,8487605183642902826,17621458129913369078,13426245571832694658,4,,,,,,,
1462852873182601,,8487605183642902826,17621458129913369065,16148670431741156506,4,,,,,,,
1462852873236262,,8487605183642902826,17621458129913369064,4359099637834760721,4,,,,,,,
1462852873301826,,8487605183642902826,17621458129913369079,15135273686779990004,4,,,,,,,
1462852873461270,,4058641780014785049,6344925905603588638,15555879016008479500,4,,,,,,,
1462852873494541,,8487605183642902826,17621458129913369075,1030441944195946081,4,,,,,,,
1462852873521114,,140640474138507985,1199714581556069253,,0,,,,,,,
1462852873521377,,140640474138507985,1199714581556069253,caelum-105,1,,,,,,,
1462852873521116,,140640474138507985,768850524025493949,,0,,,,,,,
1462852873521530,,140640474138507985,768850524025493949,caelum-407,1,,,,,,,
1462852873551566,,8487605183642902826,17621458129913369076,8854555470976534812,4,,,,,,,
1462852873843196,,4058641780014785049,6344925905603588634,2709143838374946510,4,,,,,,,
1462852873952883,,4058641780014785049,6344925905603588644,7834296379474709125,4,,,,,,,
1462852874119702,,4058641780014785049,6344925905603588635,17473320452386173786,4,,,,,,,
1462852874367675,,4058641780014785049,6344925905603588645,14302353196813480184,4,,,,,,,
1462852874529318,,8487605183642902826,17621458129913369067,9424809748706221667,4,,,,,,,
1462852874539163,,8487605183642902826,1730543424120240063,17914410777549336792,4,,,,,,,
1462852875114688,,9912488039512931924,12118275631278919663,12052715730182136518,4,,,,,,,
1462852875172686,,8487605183642902826,17621458129913369068,12460379842114343060,4,,,,,,,
1462852875762715,,8487605183642902826,17621458129913369066,13934316257598409265,4,,,,,,,
1462852876388275,,302425622649487878,1218882777520783973,17707286483351613960,4,,,,,,,
1462852877022238,,5010157768341041345,7824107877323897280,,0,,,,,,,
1462852877022533,,5010157768341041345,7824107877323897280,caelum-314,1,,,,,,,
1462852877022239,,5010157768341041345,7824107877323897281,,0,,,,,,,
1462852877022703,,5010157768341041345,7824107877323897281,caelum-411,1,,,,,,,
1462852877022239,,5010157768341041345,7824107877323897282,,0,,,,,,,
1462852877022829,,5010157768341041345,7824107877323897282,caelum-307,1,,,,,,,
1462852877022240,,5010157768341041345,7824107877323897283,,0,,,,,,,
1462852877022939,,5010157768341041345,7824107877323897283,caelum-411,1,,,,,,,
1462852877022240,,5010157768341041345,7824107877323897284,,0,,,,,,,
1462852877023061,,5010157768341041345,7824107877323897284,caelum-408,1,,,,,,,
1462852877022237,,5010157768341041345,7824107877323897295,,0,,,,,,,
1462852877023209,,5010157768341041345,7824107877323897295,caelum-413,1,,,,,,,
1462852877022241,,5010157768341041345,7824107877323897285,,0,,,,,,,
1462852877023345,,5010157768341041345,7824107877323897285,caelum-207,1,,,,,,,
1462852877022235,,5010157768341041345,8585863564265926660,,0,,,,,,,
1462852877023577,,5010157768341041345,8585863564265926660,caelum-207,1,,,,,,,
1462852877720243,,4058641780014785049,5088315592781896633,7190939023591991659,4,,,,,,,
1462852877911216,,5072970924111398252,6541991942859345810,16287133358222748034,4,,,,,,,
1462852879258950,,140640474138507985,1199714581556069253,4187083953675917516,4,,,,,,,
1462852880219081,,4058641780014785049,6344925905603588647,13638569270200598093,4,,,,,,,
1462852880523759,,10830047630498431744,9197207696401510048,,0,,,,,,,
1462852880524060,,10830047630498431744,9197207696401510048,caelum-403,1,,,,,,,
1462852880523759,,10830047630498431744,9197207696401510049,,0,,,,,,,
1462852880524191,,10830047630498431744,9197207696401510049,caelum-106,1,,,,,,,
1462852880523760,,10830047630498431744,9197207696401510050,,0,,,,,,,
1462852880524342,,10830047630498431744,9197207696401510050,caelum-305,1,,,,,,,
1462852880523760,,10830047630498431744,9197207696401510051,,0,,,,,,,
1462852880524477,,10830047630498431744,9197207696401510051,caelum-313,1,,,,,,,
1462852880523757,,10830047630498431744,9197207696401510052,,0,,,,,,,
1462852880524629,,10830047630498431744,9197207696401510052,caelum-410,1,,,,,,,
1462852880523761,,10830047630498431744,9197207696401510076,,0,,,,,,,
1462852880524849,,10830047630498431744,9197207696401510076,caelum-414,1,,,,,,,
1462852880523757,,10830047630498431744,9197207696401510053,,0,,,,,,,
1462852880524982,,10830047630498431744,9197207696401510053,caelum-206,1,,,,,,,
1462852880523761,,10830047630498431744,9197207696401510077,,0,,,,,,,
1462852880525103,,10830047630498431744,9197207696401510077,caelum-210,1,,,,,,,
1462852880523758,,10830047630498431744,9197207696401510054,,0,,,,,,,
1462852880525246,,10830047630498431744,9197207696401510054,caelum-311,1,,,,,,,
1462852880523762,,10830047630498431744,9197207696401510078,,0,,,,,,,
1462852880525389,,10830047630498431744,9197207696401510078,caelum-409,1,,,,,,,
1462852880523758,,10830047630498431744,9197207696401510055,,0,,,,,,,
1462852880525522,,10830047630498431744,9197207696401510055,caelum-401,1,,,,,,,
1462852880523753,,10830047630498431744,9197207696401510056,,0,,,,,,,
1462852880525642,,10830047630498431744,9197207696401510056,caelum-208,1,,,,,,,
1462852880523754,,10830047630498431744,9197207696401510057,,0,,,,,,,
1462852880525773,,10830047630498431744,9197207696401510057,caelum-308,1,,,,,,,
1462852880523755,,10830047630498431744,9197207696401510058,,0,,,,,,,
1462852880525893,,10830047630498431744,9197207696401510058,caelum-312,1,,,,,,,
1462852880523755,,10830047630498431744,9197207696401510059,,0,,,,,,,
1462852880526017,,10830047630498431744,9197207696401510059,caelum-107,1,,,,,,,
1462852880523739,,10830047630498431744,15684759067055216534,,0,,,,,,,
1462852880526171,,10830047630498431744,15684759067055216534,caelum-306,1,,,,,,,
1462852880883986,,13450834573033304726,3090890697729420437,16591327083407795243,4,,,,,,,
1462852881340769,,13450834573033304726,3090890697729420438,16028208318471770020,4,,,,,,,
1462852881471311,,4058641780014785049,6344925905603588646,13438039158294865620,4,,,,,,,
1462852882223816,,302425622649487878,1218882777520783968,6632285673723748094,4,,,,,,,
1462852882835297,,5010157768341041345,7824107877323897295,12100425555961282419,4,,,,,,,
1462852882880209,,5010157768341041345,7824107877323897284,2082520723073042301,4,,,,,,,
1462852883009903,,140640474138507985,768850524025493949,11032170776854082651,4,,,,,,,
1462852883785724,,5010157768341041345,7824107877323897280,3302885879877539793,4,,,,,,,
1462852884024031,,1980605545438580194,9494796976393420991,,0,,,,,,,
1462852884024333,,1980605545438580194,9494796976393420991,caelum-105,1,,,,,,,
1462852884024033,,1980605545438580194,9494796976393420976,,0,,,,,,,
1462852884024483,,1980605545438580194,9494796976393420976,caelum-109,1,,,,,,,
1462852884024032,,1980605545438580194,9494796976393420977,,0,,,,,,,
1462852884024614,,1980605545438580194,9494796976393420977,caelum-107,1,,,,,,,
1462852884024034,,1980605545438580194,9494796976393420978,,0,,,,,,,
1462852884024732,,1980605545438580194,9494796976393420978,caelum-303,1,,,,,,,
1462852884024033,,1980605545438580194,9494796976393420979,,0,,,,,,,
1462852884024872,,1980605545438580194,9494796976393420979,caelum-211,1,,,,,,,
1462852884024015,,1980605545438580194,9494796976393420934,,0,,,,,,,
1462852884025024,,1980605545438580194,9494796976393420934,caelum-311,1,,,,,,,
1462852884024013,,1980605545438580194,18147589986499817606,,0,,,,,,,
1462852884025196,,1980605545438580194,18147589986499817606,caelum-207,1,,,,,,,
1462852884024018,,1980605545438580194,9494796976393420984,,0,,,,,,,
1462852884025358,,1980605545438580194,9494796976393420984,caelum-402,1,,,,,,,
1462852884024017,,1980605545438580194,9494796976393420985,,0,,,,,,,
1462852884025510,,1980605545438580194,9494796976393420985,caelum-410,1,,,,,,,
1462852884024019,,1980605545438580194,9494796976393420986,,0,,,,,,,
1462852884025641,,1980605545438580194,9494796976393420986,caelum-308,1,,,,,,,
1462852884024018,,1980605545438580194,9494796976393420987,,0,,,,,,,
1462852884025772,,1980605545438580194,9494796976393420987,caelum-409,1,,,,,,,
1462852884024020,,1980605545438580194,9494796976393420988,,0,,,,,,,
1462852884025899,,1980605545438580194,9494796976393420988,caelum-409,1,,,,,,,
1462852884024019,,1980605545438580194,9494796976393420989,,0,,,,,,,
1462852884026039,,1980605545438580194,9494796976393420989,caelum-408,1,,,,,,,
1462852884024032,,1980605545438580194,9494796976393420990,,0,,,,,,,
1462852884027942,,1980605545438580194,9494796976393420990,caelum-301,1,,,,,,,
1462852884079325,,13450834573033304726,3090890697729420430,10978064067314904595,4,,,,,,,
1462852884190183,,5010157768341041345,7824107877323897282,5611478128162526316,4,,,,,,,
1462852886026602,,10830047630498431744,15684759067055216534,2436622550764643331,4,,,,,,,
1462852886480499,,5010157768341041345,7824107877323897285,4673655612842787988,4,,,,,,,
1462852886562467,,1980605545438580194,9494796976393420984,8082559973412905623,4,,,,,,,
1462852886709591,,1980605545438580194,9494796976393420990,1091106185567335342,4,,,,,,,
1462852886760032,,5010157768341041345,7824107877323897281,11258693832838534255,4,,,,,,,
1462852887111194,,1980605545438580194,9494796976393420979,4532088033206191439,4,,,,,,,
1462852887416954,,1980605545438580194,9494796976393420989,12852228531220481488,4,,,,,,,
1462852887477547,,1980605545438580194,9494796976393420934,3955860872359718204,4,,,,,,,
1462852887521202,,12079027894808172309,3346044579872461790,,0,,,,,,,
1462852887523172,,12079027894808172309,3346044579872461790,caelum-301,1,,,,,,,
1462852887521205,,12079027894808172309,4328431461830457019,,0,,,,,,,
1462852887523491,,12079027894808172309,4328431461830457019,caelum-404,1,,,,,,,
1462852887905327,,10830047630498431744,9197207696401510059,15555879016008479500,4,,,,,,,
1462852888080687,,1980605545438580194,9494796976393420985,3405283305900188873,4,,,,,,,
1462852888129588,,1980605545438580194,9494796976393420991,4187083953675917516,4,,,,,,,
1462852888294555,,5010157768341041345,8585863564265926660,12371082708064738520,4,,,,,,,
1462852888359972,,10830047630498431744,9197207696401510054,3165167876158196256,4,,,,,,,
1462852888373476,,10830047630498431744,9197207696401510077,11392059454777738861,4,,,,,,,
1462852888384300,,1980605545438580194,18147589986499817606,2943684095604820322,4,,,,,,,
1462852888646272,,1980605545438580194,9494796976393420986,10171589508132731559,4,,,,,,,
1462852888679109,,1980605545438580194,9494796976393420978,16127767760006103413,4,,,,,,,
1462852888883144,,10830047630498431744,9197207696401510057,7277157775948672467,4,,,,,,,
1462852889162351,,10830047630498431744,9197207696401510078,5516936992123921626,4,,,,,,,
1462852889431591,,1980605545438580194,9494796976393420976,11573286920514468152,4,,,,,,,
1462852889671040,,1980605545438580194,9494796976393420988,16591327083407795243,4,,,,,,,
1462852889686317,,1980605545438580194,9494796976393420987,37428115284624567,4,,,,,,,
1462852889719240,,10830047630498431744,9197207696401510049,9935764497571253468,4,,,,,,,
1462852890347236,,10830047630498431744,9197207696401510048,17500053773440512882,4,,,,,,,
1462852890562175,,1980605545438580194,9494796976393420977,10827923422662194887,4,,,,,,,
1462852890591545,,13450834573033304726,9537680186811624447,385669334771756718,4,,,,,,,
1462852890712147,,10830047630498431744,9197207696401510052,1405206693959234716,4,,,,,,,
1462852890742871,,12079027894808172309,3346044579872461790,1091106185567335342,4,,,,,,,
1462852890999461,,13450834573033304726,3090890697729420429,11345873810609397285,4,,,,,,,
1462852891022338,,11558714737800471902,10884081064160104562,,0,,,,,,,
1462852891022679,,11558714737800471902,10884081064160104562,caelum-406,1,,,,,,,
1462852891022345,,11558714737800471902,2815410330820848832,,0,,,,,,,
1462852891022815,,11558714737800471902,2815410330820848832,caelum-406,1,,,,,,,
1462852891022344,,11558714737800471902,2815410330820848833,,0,,,,,,,
1462852891022945,,11558714737800471902,2815410330820848833,caelum-108,1,,,,,,,
1462852891022344,,11558714737800471902,2815410330820848834,,0,,,,,,,
1462852891023071,,11558714737800471902,2815410330820848834,caelum-408,1,,,,,,,
1462852891022343,,11558714737800471902,2815410330820848835,,0,,,,,,,
1462852891023195,,11558714737800471902,2815410330820848835,caelum-109,1,,,,,,,
1462852891022346,,11558714737800471902,2815410330820848847,,0,,,,,,,
1462852891023319,,11558714737800471902,2815410330820848847,caelum-109,1,,,,,,,
1462852891022343,,11558714737800471902,2815410330820848836,,0,,,,,,,
1462852891023446,,11558714737800471902,2815410330820848836,caelum-206,1,,,,,,,
1462852891022341,,11558714737800471902,2815410330820848837,,0,,,,,,,
1462852891023574,,11558714737800471902,2815410330820848837,caelum-412,1,,,,,,,
1462852891950822,,8487605183642902826,17621458129913369077,16418008010490895386,4,,,,,,,
1462852892567446,,12079027894808172309,4328431461830457019,4031225411275238912,4,,,,,,,
1462852894523890,,5827566000254644655,14136264439161472960,,0,,,,,,,
1462852894524229,,5827566000254644655,14136264439161472960,caelum-413,1,,,,,,,
1462852894523890,,5827566000254644655,14136264439161472961,,0,,,,,,,
1462852894524633,,5827566000254644655,14136264439161472961,caelum-305,1,,,,,,,
1462852894523888,,5827566000254644655,14136264439161472962,,0,,,,,,,
1462852894524778,,5827566000254644655,14136264439161472962,caelum-404,1,,,,,,,
1462852894523889,,5827566000254644655,14136264439161472963,,0,,,,,,,
1462852894524901,,5827566000254644655,14136264439161472963,caelum-305,1,,,,,,,
1462852894523887,,5827566000254644655,14136264439161472964,,0,,,,,,,
1462852894525056,,5827566000254644655,14136264439161472964,caelum-302,1,,,,,,,
1462852894523891,,5827566000254644655,14136264439161472988,,0,,,,,,,
1462852894525185,,5827566000254644655,14136264439161472988,caelum-303,1,,,,,,,
1462852894523888,,5827566000254644655,14136264439161472965,,0,,,,,,,
1462852894525312,,5827566000254644655,14136264439161472965,caelum-306,1,,,,,,,
1462852894523886,,5827566000254644655,14136264439161472966,,0,,,,,,,
1462852894525431,,5827566000254644655,14136264439161472966,caelum-207,1,,,,,,,
1462852894523891,,5827566000254644655,14136264439161472990,,0,,,,,,,
1462852894525556,,5827566000254644655,14136264439161472990,caelum-410,1,,,,,,,
1462852894523887,,5827566000254644655,14136264439161472967,,0,,,,,,,
1462852894525686,,5827566000254644655,14136264439161472967,caelum-206,1,,,,,,,
1462852894523891,,5827566000254644655,14136264439161472991,,0,,,,,,,
1462852894525797,,5827566000254644655,14136264439161472991,caelum-207,1,,,,,,,
1462852894523885,,5827566000254644655,14136264439161472968,,0,,,,,,,
1462852894525924,,5827566000254644655,14136264439161472968,caelum-312,1,,,,,,,
1462852894523886,,5827566000254644655,14136264439161472969,,0,,,,,,,
1462852894526051,,5827566000254644655,14136264439161472969,caelum-403,1,,,,,,,
1462852894523883,,5827566000254644655,14136264439161472970,,0,,,,,,,
1462852894526175,,5827566000254644655,14136264439161472970,caelum-314,1,,,,,,,
1462852894523881,,5827566000254644655,17539601848021322909,,0,,,,,,,
1462852894526359,,5827566000254644655,17539601848021322909,caelum-401,1,,,,,,,
1462852894523884,,5827566000254644655,14136264439161472971,,0,,,,,,,
1462852894526481,,5827566000254644655,14136264439161472971,caelum-409,1,,,,,,,
1462852894579483,,10830047630498431744,9197207696401510050,12041694781358132768,4,,,,,,,
1462852895158982,,11558714737800471902,2815410330820848832,17914410777549336792,4,,,,,,,
1462852895978702,,4058641780014785049,6344925905603588642,18300367818565109113,4,,,,,,,
1462852896064752,,4058641780014785049,6344925905603588632,8375227504753369829,4,,,,,,,
1462852897178935,,11558714737800471902,10884081064160104562,7387934833749858991,4,,,,,,,
1462852897192877,,11558714737800471902,2815410330820848834,3544643591758153699,4,,,,,,,
1462852897981648,,4058641780014785049,6344925905603588637,10565564586520261190,4,,,,,,,
1462852898023585,,1396240070191507878,10928853938527202195,,0,,,,,,,
1462852898023890,,1396240070191507878,10928853938527202195,caelum-302,1,,,,,,,
1462852898023584,,1396240070191507878,10928853938527202196,,0,,,,,,,
1462852898024058,,1396240070191507878,10928853938527202196,caelum-412,1,,,,,,,
1462852898023584,,1396240070191507878,10928853938527202197,,0,,,,,,,
1462852898024210,,1396240070191507878,10928853938527202197,caelum-402,1,,,,,,,
1462852898023578,,1396240070191507878,6572440304383359109,,0,,,,,,,
1462852898024386,,1396240070191507878,6572440304383359109,caelum-412,1,,,,,,,
1462852898023583,,1396240070191507878,10928853938527202198,,0,,,,,,,
1462852898024575,,1396240070191507878,10928853938527202198,caelum-404,1,,,,,,,
1462852898023583,,1396240070191507878,10928853938527202199,,0,,,,,,,
1462852898024705,,1396240070191507878,10928853938527202199,caelum-302,1,,,,,,,
1462852898023582,,1396240070191507878,10928853938527202200,,0,,,,,,,
1462852898024847,,1396240070191507878,10928853938527202200,caelum-210,1,,,,,,,
1462852898023581,,1396240070191507878,10928853938527202201,,0,,,,,,,
1462852898024989,,1396240070191507878,10928853938527202201,caelum-406,1,,,,,,,
1462852898023581,,1396240070191507878,10928853938527202202,,0,,,,,,,
1462852898025167,,1396240070191507878,10928853938527202202,caelum-407,1,,,,,,,
1462852898023580,,1396240070191507878,10928853938527202203,,0,,,,,,,
1462852898025289,,1396240070191507878,10928853938527202203,caelum-401,1,,,,,,,
1462852898023586,,1396240070191507878,10928853938527202159,,0,,,,,,,
1462852898025441,,1396240070191507878,10928853938527202159,caelum-307,1,,,,,,,
1462852898023586,,1396240070191507878,10928853938527202192,,0,,,,,,,
1462852898025594,,1396240070191507878,10928853938527202192,caelum-306,1,,,,,,,
1462852898023586,,1396240070191507878,10928853938527202193,,0,,,,,,,
1462852898025734,,1396240070191507878,10928853938527202193,caelum-405,1,,,,,,,
1462852898023585,,1396240070191507878,10928853938527202194,,0,,,,,,,
1462852898025875,,1396240070191507878,10928853938527202194,caelum-401,1,,,,,,,
1462852898414405,,11558714737800471902,2815410330820848837,7970000041601888935,4,,,,,,,
1462852898605085,,10830047630498431744,9197207696401510076,17630636331982742001,4,,,,,,,
1462852898933742,,11558714737800471902,2815410330820848847,13640725597942336741,4,,,,,,,
1462852899194890,,11558714737800471902,2815410330820848835,631485669166868797,4,,,,,,,
1462852899239059,,11558714737800471902,2815410330820848833,12699185514858882841,4,,,,,,,
1462852900267568,,5827566000254644655,14136264439161472962,14367799139054039917,4,,,,,,,
1462852900487231,,5827566000254644655,14136264439161472971,12161662486147087237,4,,,,,,,
1462852900551091,,5827566000254644655,14136264439161472964,1423917282767833285,4,,,,,,,
1462852900971994,,302425622649487878,1218882777520783972,579758872671168809,4,,,,,,,
1462852901148023,,1396240070191507878,10928853938527202202,18357027331939276717,4,,,,,,,
1462852901170821,,1396240070191507878,10928853938527202197,9840361996135650556,4,,,,,,,
1462852901316181,,1396240070191507878,10928853938527202159,12919694424697511495,4,,,,,,,
1462852901456020,,5827566000254644655,14136264439161472969,8524144643652524573,4,,,,,,,
1462852901521132,,14801540767852389865,3947353580877529221,,0,,,,,,,
1462852901521376,,14801540767852389865,3947353580877529221,caelum-312,1,,,,,,,
1462852901521130,,14801540767852389865,8158435381049659997,,0,,,,,,,
1462852901521562,,14801540767852389865,8158435381049659997,caelum-402,1,,,,,,,
1462852901576708,,1396240070191507878,10928853938527202201,13794560484214501959,4,,,,,,,
1462852901705857,,1396240070191507878,6572440304383359109,5953543772618772067,4,,,,,,,
1462852901832349,,1396240070191507878,10928853938527202193,10491747474756303979,4,,,,,,,
1462852902044157,,5827566000254644655,14136264439161472965,1097693179345526455,4,,,,,,,
1462852902186419,,5827566000254644655,14136264439161472968,10186407093138846630,4,,,,,,,
1462852902343195,,4058641780014785049,6344925905603588643,17369185670323018193,4,,,,,,,
1462852902485324,,1396240070191507878,10928853938527202196,12688132031401237076,4,,,,,,,
1462852902568745,,1396240070191507878,10928853938527202198,14146323848397550472,4,,,,,,,
1462852902643484,,4058641780014785049,6344925905603588641,5271879208164413088,4,,,,,,,
1462852902689530,,1396240070191507878,10928853938527202200,4315674117226773001,4,,,,,,,
1462852903055654,,5827566000254644655,14136264439161472966,2943684095604820322,4,,,,,,,
1462852903088904,,1396240070191507878,10928853938527202192,9053312491887284931,4,,,,,,,
1462852904100895,,5010157768341041345,7824107877323897283,8682439329445740681,4,,,,,,,
1462852904453011,,5827566000254644655,14136264439161472991,12371082708064738520,4,,,,,,,
1462852904727629,,5827566000254644655,14136264439161472990,4289373668753520678,4,,,,,,,
1462852905022341,,9588447887317436738,434413882767513188,,0,,,,,,,
1462852905022608,,9588447887317436738,434413882767513188,caelum-404,1,,,,,,,
1462852905022340,,9588447887317436738,434413882767513210,,0,,,,,,,
1462852905022741,,9588447887317436738,434413882767513210,caelum-308,1,,,,,,,
1462852905022341,,9588447887317436738,434413882767513189,,0,,,,,,,
1462852905022867,,9588447887317436738,434413882767513189,caelum-411,1,,,,,,,
1462852905022338,,9588447887317436738,434413882767513211,,0,,,,,,,
1462852905022987,,9588447887317436738,434413882767513211,caelum-303,1,,,,,,,
1462852905022342,,9588447887317436738,434413882767513190,,0,,,,,,,
1462852905023120,,9588447887317436738,434413882767513190,caelum-305,1,,,,,,,
1462852905022342,,9588447887317436738,434413882767513191,,0,,,,,,,
1462852905023263,,9588447887317436738,434413882767513191,caelum-409,1,,,,,,,
1462852905022343,,9588447887317436738,434413882767513185,,0,,,,,,,
1462852905023387,,9588447887317436738,434413882767513185,caelum-410,1,,,,,,,
1462852905022336,,9588447887317436738,10601632999861536225,,0,,,,,,,
1462852905023550,,9588447887317436738,10601632999861536225,caelum-312,1,,,,,,,
1462852905098689,,5827566000254644655,14136264439161472988,16173726974436801248,4,,,,,,,
1462852905292693,,1396240070191507878,10928853938527202194,10047689061321597703,4,,,,,,,
1462852906646880,,1396240070191507878,10928853938527202203,10400827500498334528,4,,,,,,,
1462852906915451,,14801540767852389865,8158435381049659997,9840361996135650556,4,,,,,,,
1462852908214150,,10830047630498431744,9197207696401510051,11726201298440472361,4,,,,,,,
1462852908234074,,5827566000254644655,14136264439161472961,5106560822054560262,4,,,,,,,
1462852908245342,,14801540767852389865,3947353580877529221,7186126359195663679,4,,,,,,,
1462852908523752,,11809263393562530585,8327489990331389141,,0,,,,,,,
1462852908524034,,11809263393562530585,8327489990331389141,caelum-412,1,,,,,,,
1462852908523766,,11809263393562530585,8327489990331389142,,0,,,,,,,
1462852908524182,,11809263393562530585,8327489990331389142,caelum-308,1,,,,,,,
1462852908523766,,11809263393562530585,8327489990331389143,,0,,,,,,,
1462852908524460,,11809263393562530585,8327489990331389143,caelum-303,1,,,,,,,
1462852908523769,,11809263393562530585,8327489990331389149,,0,,,,,,,
1462852908524582,,11809263393562530585,8327489990331389149,caelum-210,1,,,,,,,
1462852908523751,,11809263393562530585,8327489990331389128,,0,,,,,,,
1462852908524702,,11809263393562530585,8327489990331389128,caelum-314,1,,,,,,,
1462852908523750,,11809263393562530585,8327489990331389129,,0,,,,,,,
1462852908524828,,11809263393562530585,8327489990331389129,caelum-206,1,,,,,,,
1462852908523747,,11809263393562530585,7630091284069411088,,0,,,,,,,
1462852908524975,,11809263393562530585,7630091284069411088,caelum-209,1,,,,,,,
1462852908523752,,11809263393562530585,8327489990331389130,,0,,,,,,,
1462852908525095,,11809263393562530585,8327489990331389130,caelum-314,1,,,,,,,
1462852908523752,,11809263393562530585,8327489990331389131,,0,,,,,,,
1462852908526993,,11809263393562530585,8327489990331389131,caelum-301,1,,,,,,,
1462852908523750,,11809263393562530585,8327489990331389134,,0,,,,,,,
1462852908527317,,11809263393562530585,8327489990331389134,caelum-409,1,,,,,,,
1462852908523749,,11809263393562530585,8327489990331389135,,0,,,,,,,
1462852908527482,,11809263393562530585,8327489990331389135,caelum-107,1,,,,,,,
1462852908523767,,11809263393562530585,8327489990331389136,,0,,,,,,,
1462852908527635,,11809263393562530585,8327489990331389136,caelum-305,1,,,,,,,
1462852908523767,,11809263393562530585,8327489990331389137,,0,,,,,,,
1462852908527777,,11809263393562530585,8327489990331389137,caelum-406,1,,,,,,,
1462852908523768,,11809263393562530585,8327489990331389138,,0,,,,,,,
1462852908527902,,11809263393562530585,8327489990331389138,caelum-208,1,,,,,,,
1462852908523768,,11809263393562530585,8327489990331389139,,0,,,,,,,
1462852908528030,,11809263393562530585,8327489990331389139,caelum-211,1,,,,,,,
1462852908523753,,11809263393562530585,8327489990331389140,,0,,,,,,,
1462852908528159,,11809263393562530585,8327489990331389140,caelum-407,1,,,,,,,
1462852908906470,,9588447887317436738,434413882767513188,16565394274075892782,4,,,,,,,
1462852909484026,,5827566000254644655,17539601848021322909,10692232023399241591,4,,,,,,,
1462852910692251,,10830047630498431744,9197207696401510058,17548281846970543355,4,,,,,,,
1462852911230885,,9588447887317436738,434413882767513191,546457904509994483,4,,,,,,,
1462852911485706,,4058641780014785049,6344925905603588640,5695274506103495223,4,,,,,,,
1462852912023778,,382678857763357743,16157124100643689076,,0,,,,,,,
1462852912024168,,382678857763357743,16157124100643689076,caelum-410,1,,,,,,,
1462852912023777,,382678857763357743,16157124100643689077,,0,,,,,,,
1462852912024383,,382678857763357743,16157124100643689077,caelum-309,1,,,,,,,
1462852912023777,,382678857763357743,16157124100643689078,,0,,,,,,,
1462852912024609,,382678857763357743,16157124100643689078,caelum-305,1,,,,,,,
1462852912023776,,382678857763357743,16157124100643689079,,0,,,,,,,
1462852912024836,,382678857763357743,16157124100643689079,caelum-304,1,,,,,,,
1462852912023766,,382678857763357743,14705953215629696595,,0,,,,,,,
1462852912025083,,382678857763357743,14705953215629696595,caelum-106,1,,,,,,,
1462852912023770,,382678857763357743,16157124100643689084,,0,,,,,,,
1462852912025289,,382678857763357743,16157124100643689084,caelum-412,1,,,,,,,
1462852912023781,,382678857763357743,16157124100643689064,,0,,,,,,,
1462852912025482,,382678857763357743,16157124100643689064,caelum-109,1,,,,,,,
1462852912023780,,382678857763357743,16157124100643689065,,0,,,,,,,
1462852912025660,,382678857763357743,16157124100643689065,caelum-313,1,,,,,,,
1462852912023779,,382678857763357743,16157124100643689066,,0,,,,,,,
1462852912025839,,382678857763357743,16157124100643689066,caelum-312,1,,,,,,,
1462852912023779,,382678857763357743,16157124100643689067,,0,,,,,,,
1462852912026015,,382678857763357743,16157124100643689067,caelum-403,1,,,,,,,
1462852912023775,,382678857763357743,16157124100643689072,,0,,,,,,,
1462852912026231,,382678857763357743,16157124100643689072,caelum-409,1,,,,,,,
1462852912023774,,382678857763357743,16157124100643689073,,0,,,,,,,
1462852912026408,,382678857763357743,16157124100643689073,caelum-407,1,,,,,,,
1462852912023773,,382678857763357743,16157124100643689074,,0,,,,,,,
1462852912026611,,382678857763357743,16157124100643689074,caelum-308,1,,,,,,,
1462852912023772,,382678857763357743,16157124100643689075,,0,,,,,,,
1462852912026870,,382678857763357743,16157124100643689075,caelum-211,1,,,,,,,
1462852912156762,,9588447887317436738,10601632999861536225,1649104449920785485,4,,,,,,,
1462852912209273,,9588447887317436738,434413882767513189,4545189869383806093,4,,,,,,,
1462852912441438,,10830047630498431744,9197207696401510053,10557805940616075185,4,,,,,,,
1462852912615005,,9588447887317436738,434413882767513211,17684532169584682059,4,,,,,,,
1462852912664914,,9588447887317436738,434413882767513210,14302353196813480184,4,,,,,,,
1462852913440589,,9588447887317436738,434413882767513185,12261097792318641939,4,,,,,,,
1462852914568785,,382678857763357743,16157124100643689079,15183146511988170459,4,,,,,,,
1462852914961655,,617429060709026125,7179622601553890137,4820898362058992477,4,,,,,,,
1462852914993989,,11809263393562530585,8327489990331389149,15767596035489170638,4,,,,,,,
1462852915038676,,382678857763357743,16157124100643689066,5108068219828989055,4,,,,,,,
1462852915074137,,382678857763357743,16157124100643689077,8783068781425628900,4,,,,,,,
1462852915092027,,11809263393562530585,8327489990331389137,11701230885693006666,4,,,,,,,
1462852915488532,,11809263393562530585,8327489990331389131,10523453925400090122,4,,,,,,,
1462852915521120,,15967646819739787099,10623887895126497596,,0,,,,,,,
1462852915521380,,15967646819739787099,10623887895126497596,caelum-401,1,,,,,,,
1462852915521118,,15967646819739787099,14252309439681711850,,0,,,,,,,
1462852915521524,,15967646819739787099,14252309439681711850,caelum-211,1,,,,,,,
1462852915690807,,11809263393562530585,8327489990331389139,4532088033206191439,4,,,,,,,
1462852915739356,,382678857763357743,14705953215629696595,12315367188029495522,4,,,,,,,
1462852915761643,,382678857763357743,16157124100643689072,8003244741896000127,4,,,,,,,
1462852915814653,,382678857763357743,16157124100643689065,12894803352922165274,4,,,,,,,
1462852915840286,,382678857763357743,16157124100643689067,12837175779377048704,4,,,,,,,
1462852915977099,,382678857763357743,16157124100643689084,5953543772618772067,4,,,,,,,
1462852916031844,,11809263393562530585,8327489990331389143,1484233998206370020,4,,,,,,,
1462852916234125,,382678857763357743,16157124100643689076,3689988229022514264,4,,,,,,,
1462852916325054,,382678857763357743,16157124100643689064,631485669166868797,4,,,,,,,
1462852916402176,,382678857763357743,16157124100643689075,14815203989375020064,4,,,,,,,
1462852916724173,,11809263393562530585,8327489990331389142,7277157775948672467,4,,,,,,,
1462852916758348,,382678857763357743,16157124100643689074,8124402473565275432,4,,,,,,,
1462852916800314,,382678857763357743,16157124100643689073,11032170776854082651,4,,,,,,,
1462852917377261,,11809263393562530585,8327489990331389141,4219938617272773989,4,,,,,,,
1462852917437757,,11809263393562530585,8327489990331389138,13282109742601766758,4,,,,,,,
1462852917457936,,11809263393562530585,8327489990331389128,16104433161137600677,4,,,,,,,
1462852917678559,,11809263393562530585,8327489990331389135,10827923422662194887,4,,,,,,,
1462852917733460,,11809263393562530585,8327489990331389134,18397038114275363129,4,,,,,,,
1462852919022201,,6677627780304032669,194211838590864567,,0,,,,,,,
1462852919022456,,6677627780304032669,194211838590864567,caelum-407,1,,,,,,,
1462852919022201,,6677627780304032669,194211838590864568,,0,,,,,,,
1462852919022610,,6677627780304032669,194211838590864568,caelum-313,1,,,,,,,
1462852919022202,,6677627780304032669,194211838590864569,,0,,,,,,,
1462852919022744,,6677627780304032669,194211838590864569,caelum-206,1,,,,,,,
1462852919022202,,6677627780304032669,194211838590864570,,0,,,,,,,
1462852919024524,,6677627780304032669,194211838590864570,caelum-301,1,,,,,,,
1462852919022197,,6677627780304032669,7779220478450338503,,0,,,,,,,
1462852919024988,,6677627780304032669,7779220478450338503,caelum-109,1,,,,,,,
1462852919022203,,6677627780304032669,194211838590864571,,0,,,,,,,
1462852919026400,,6677627780304032669,194211838590864571,caelum-301,1,,,,,,,
1462852919022199,,6677627780304032669,194211838590864565,,0,,,,,,,
1462852919026718,,6677627780304032669,194211838590864565,caelum-107,1,,,,,,,
1462852919022200,,6677627780304032669,194211838590864566,,0,,,,,,,
1462852919026900,,6677627780304032669,194211838590864566,caelum-409,1,,,,,,,
1462852919208428,,11809263393562530585,8327489990331389130,2158098549847998475,4,,,,,,,
1462852919864654,,15967646819739787099,14252309439681711850,16820058896078234534,4,,,,,,,
1462852920886950,,11809263393562530585,8327489990331389136,8073097341783518947,4,,,,,,,
1462852920931504,,10830047630498431744,9197207696401510056,6317997230571526151,4,,,,,,,
1462852922524589,,9356517969041348795,5798857417527613000,,0,,,,,,,
1462852922525037,,9356517969041348795,5798857417527613000,caelum-312,1,,,,,,,
1462852922524580,,9356517969041348795,5798857417527612977,,0,,,,,,,
1462852922525258,,9356517969041348795,5798857417527612977,caelum-207,1,,,,,,,
1462852922524575,,9356517969041348795,14090579450949105362,,0,,,,,,,
1462852922525547,,9356517969041348795,14090579450949105362,caelum-402,1,,,,,,,
1462852922524591,,9356517969041348795,5798857417527613001,,0,,,,,,,
1462852922525754,,9356517969041348795,5798857417527613001,caelum-402,1,,,,,,,
1462852922524587,,9356517969041348795,5798857417527613002,,0,,,,,,,
1462852922525959,,9356517969041348795,5798857417527613002,caelum-409,1,,,,,,,
1462852922524588,,9356517969041348795,5798857417527613003,,0,,,,,,,
1462852922526178,,9356517969041348795,5798857417527613003,caelum-304,1,,,,,,,
1462852922524585,,9356517969041348795,5798857417527612980,,0,,,,,,,
1462852922526426,,9356517969041348795,5798857417527612980,caelum-413,1,,,,,,,
1462852922524593,,9356517969041348795,5798857417527613004,,0,,,,,,,
1462852922526658,,9356517969041348795,5798857417527613004,caelum-307,1,,,,,,,
1462852922524586,,9356517969041348795,5798857417527612981,,0,,,,,,,
1462852922526854,,9356517969041348795,5798857417527612981,caelum-212,1,,,,,,,
1462852922524594,,9356517969041348795,5798857417527613005,,0,,,,,,,
1462852922527040,,9356517969041348795,5798857417527613005,caelum-108,1,,,,,,,
1462852922524583,,9356517969041348795,5798857417527612982,,0,,,,,,,
1462852922527229,,9356517969041348795,5798857417527612982,caelum-208,1,,,,,,,
1462852922524591,,9356517969041348795,5798857417527613006,,0,,,,,,,
1462852922527401,,9356517969041348795,5798857417527613006,caelum-304,1,,,,,,,
1462852922524584,,9356517969041348795,5798857417527612983,,0,,,,,,,
1462852922527602,,9356517969041348795,5798857417527612983,caelum-109,1,,,,,,,
1462852922524592,,9356517969041348795,5798857417527613007,,0,,,,,,,
1462852922527791,,9356517969041348795,5798857417527613007,caelum-313,1,,,,,,,
1462852922524595,,9356517969041348795,5798857417527612994,,0,,,,,,,
1462852922527984,,9356517969041348795,5798857417527612994,caelum-414,1,,,,,,,
1462852922524596,,9356517969041348795,5798857417527612995,,0,,,,,,,
1462852922528172,,9356517969041348795,5798857417527612995,caelum-314,1,,,,,,,
1462852924018769,,5827566000254644655,14136264439161472960,15920658921306322045,4,,,,,,,
1462852924276369,,9588447887317436738,434413882767513190,8784819192379802324,4,,,,,,,
1462852924381021,,6677627780304032669,194211838590864565,14624055332059453870,4,,,,,,,
1462852924634016,,5827566000254644655,14136264439161472963,14624978681244271309,4,,,,,,,
1462852925042955,,382678857763357743,16157124100643689078,7423168268239676338,4,,,,,,,
1462852925249004,,6677627780304032669,194211838590864566,14706926863855190454,4,,,,,,,
1462852925278822,,6677627780304032669,7779220478450338503,631485669166868797,4,,,,,,,
1462852925774056,,6677627780304032669,194211838590864568,6669203512138478588,4,,,,,,,
1462852926024339,,3182410823810146806,8876259973609343093,,0,,,,,,,
1462852926024749,,3182410823810146806,8876259973609343093,caelum-405,1,,,,,,,
1462852926024342,,3182410823810146806,8876259973609343094,,0,,,,,,,
1462852926025210,,3182410823810146806,8876259973609343094,caelum-312,1,,,,,,,
1462852926024343,,3182410823810146806,8876259973609343095,,0,,,,,,,
1462852926025383,,3182410823810146806,8876259973609343095,caelum-411,1,,,,,,,
1462852926024333,,3182410823810146806,8876259973609343103,,0,,,,,,,
1462852926025519,,3182410823810146806,8876259973609343103,caelum-407,1,,,,,,,
1462852926024343,,3182410823810146806,8876259973609343080,,0,,,,,,,
1462852926025669,,3182410823810146806,8876259973609343080,caelum-304,1,,,,,,,
1462852926024344,,3182410823810146806,8876259973609343081,,0,,,,,,,
1462852926025801,,3182410823810146806,8876259973609343081,caelum-310,1,,,,,,,
1462852926024345,,3182410823810146806,8876259973609343082,,0,,,,,,,
1462852926025932,,3182410823810146806,8876259973609343082,caelum-210,1,,,,,,,
1462852926024346,,3182410823810146806,8876259973609343083,,0,,,,,,,
1462852926026068,,3182410823810146806,8876259973609343083,caelum-311,1,,,,,,,
1462852926024329,,3182410823810146806,7188344183628283399,,0,,,,,,,
1462852926026237,,3182410823810146806,7188344183628283399,caelum-208,1,,,,,,,
1462852926024334,,3182410823810146806,8876259973609343088,,0,,,,,,,
1462852926026375,,3182410823810146806,8876259973609343088,caelum-212,1,,,,,,,
1462852926024335,,3182410823810146806,8876259973609343089,,0,,,,,,,
1462852926026534,,3182410823810146806,8876259973609343089,caelum-307,1,,,,,,,
1462852926024336,,3182410823810146806,8876259973609343090,,0,,,,,,,
1462852926026667,,3182410823810146806,8876259973609343090,caelum-303,1,,,,,,,
1462852926024337,,3182410823810146806,8876259973609343091,,0,,,,,,,
1462852926026808,,3182410823810146806,8876259973609343091,caelum-312,1,,,,,,,
1462852926024338,,3182410823810146806,8876259973609343092,,0,,,,,,,
1462852926026950,,3182410823810146806,8876259973609343092,caelum-210,1,,,,,,,
1462852926303371,,9356517969041348795,5798857417527612994,17630636331982742001,4,,,,,,,
1462852926504067,,15967646819739787099,10623887895126497596,12460379842114343060,4,,,,,,,
1462852926924484,,1396240070191507878,10928853938527202195,906025556471407988,4,,,,,,,
1462852927037303,,6677627780304032669,194211838590864570,4832496988651714486,4,,,,,,,
1462852927861015,,6677627780304032669,194211838590864571,980052016105123682,4,,,,,,,
1462852928807946,,3182410823810146806,8876259973609343090,16173726974436801248,4,,,,,,,
1462852928813234,,9356517969041348795,5798857417527613004,17720546561729005427,4,,,,,,,
1462852928889770,,3182410823810146806,8876259973609343083,9289075733572733394,4,,,,,,,
1462852928939962,,5827566000254644655,14136264439161472970,16135808076298968628,4,,,,,,,
1462852928961479,,3182410823810146806,8876259973609343094,7428914211573701811,4,,,,,,,
1462852929179308,,3182410823810146806,8876259973609343103,6632285673723748094,4,,,,,,,
1462852929187722,,3182410823810146806,7188344183628283399,16153398807836512180,4,,,,,,,
1462852929263416,,9356517969041348795,5798857417527613002,8003244741896000127,4,,,,,,,
1462852929342711,,3182410823810146806,8876259973609343095,13231403498925045779,4,,,,,,,
1462852929575265,,9356517969041348795,5798857417527612980,17447880445980281304,4,,,,,,,
1462852929632164,,9356517969041348795,5798857417527613005,7326067751865642467,4,,,,,,,
1462852929667753,,3182410823810146806,8876259973609343088,601339416012259820,4,,,,,,,
1462852929747620,,3182410823810146806,8876259973609343082,15767596035489170638,4,,,,,,,
1462852929777448,,9356517969041348795,5798857417527613007,13985902860116431244,4,,,,,,,
1462852929881438,,9356517969041348795,5798857417527613003,7508694909308569378,4,,,,,,,
1462852930005201,,3182410823810146806,8876259973609343093,15024271784691473482,4,,,,,,,
1462852930334793,,3182410823810146806,8876259973609343092,11532006900194855855,4,,,,,,,
1462852930383882,,3182410823810146806,8876259973609343089,5611478128162526316,4,,,,,,,
1462852930901821,,3182410823810146806,8876259973609343091,15777792779537549541,4,,,,,,,
1462852931007376,,9356517969041348795,5798857417527612995,938258312952676486,4,,,,,,,
1462852931151825,,3182410823810146806,8876259973609343081,8291607312867417937,4,,,,,,,
1462852931276396,,3182410823810146806,8876259973609343080,16783572837087526016,4,,,,,,,
1462852931437024,,9356517969041348795,5798857417527612981,2709143838374946510,4,,,,,,,
1462852932190976,,11558714737800471902,2815410330820848836,7084550483604592578,4,,,,,,,
1462852932490218,,9356517969041348795,5798857417527613006,226256904578572410,4,,,,,,,
1462852932546822,,1396240070191507878,10928853938527202199,13244780307630691482,4,,,,,,,
1462852932628312,,9356517969041348795,5798857417527612982,1514863780550564736,4,,,,,,,
1462852932889626,,11809263393562530585,7630091284069411088,1030441944195946081,4,,,,,,,
1462852933266463,,11809263393562530585,8327489990331389140,1743817022042848721,4,,,,,,,
1462852933512923,,5827566000254644655,14136264439161472967,6496809437435731065,4,,,,,,,
1462852933843531,,9356517969041348795,5798857417527612977,12371082708064738520,4,,,,,,,
1462852934107265,,6677627780304032669,194211838590864567,11032170776854082651,4,,,,,,,
1462852935009318,,9356517969041348795,5798857417527613001,10969028466315656022,4,,,,,,,
1462852936563495,,9356517969041348795,14090579450949105362,68043570226691940,4,,,,,,,
1462852936650478,,11809263393562530585,8327489990331389129,13004736297334086310,4,,,,,,,
1462852937133789,,9356517969041348795,5798857417527613000,4782565633263894630,4,,,,,,,
1462852937303784,,9356517969041348795,5798857417527612983,7529481235092036757,4,,,,,,,
1462852938331105,,10830047630498431744,9197207696401510055,396637621060555347,4,,,,,,,
1462852946909074,,6677627780304032669,194211838590864569,10557805940616075185,4,,,,,,,
