1472913797192511,,10207265516601780608,5198628003788652644,,0,,,,,,,
1472913797192512,,10207265516601780608,7675612576036545068,,0,,,,,,,
1472913797208849,,10207265516601780608,5198628003788652644,PU #2,1,,,,,,,
1472913797208906,,10207265516601780608,7675612576036545068,PU #2,1,,,,,,,
1472913799192928,,16616194782767083561,7893069434929423308,,0,,,,,,,
1472913799192929,,16616194782767083561,10864666725008521934,,0,,,,,,,
1472913799192930,,16616194782767083561,10864666725008521935,,0,,,,,,,
1472913799192930,,16616194782767083561,10864666725008521932,,0,,,,,,,
1472913799192931,,16616194782767083561,10864666725008521933,,0,,,,,,,
1472913799192931,,16616194782767083561,10864666725008521930,,0,,,,,,,
1472913799192932,,16616194782767083561,10864666725008521931,,0,,,,,,,
1472913799192932,,16616194782767083561,10864666725008521928,,0,,,,,,,
1472913799209625,,16616194782767083561,7893069434929423308,PU #5,1,,,,,,,
1472913799209712,,16616194782767083561,10864666725008521934,PU #8,1,,,,,,,
1472913799209752,,16616194782767083561,10864666725008521935,PU #1,1,,,,,,,
1472913799209798,,16616194782767083561,10864666725008521932,PU #11,1,,,,,,,
1472913799209897,,16616194782767083561,10864666725008521933,PU #5,1,,,,,,,
1472913799209962,,16616194782767083561,10864666725008521930,PU #10,1,,,,,,,
1472913799210018,,16616194782767083561,10864666725008521931,PU #10,1,,,,,,,
1472913799210106,,16616194782767083561,10864666725008521928,PU #6,1,,,,,,,
1472913802912747,,16616194782767083561,10864666725008521932,10978064067314904595,4,,,,,,,
1472913803194694,,15867111970141974378,2645099471231913700,,0,,,,,,,
1472913803194695,,15867111970141974378,15125602118127787876,,0,,,,,,,
1472913803194696,,15867111970141974378,15125602118127787877,,0,,,,,,,
1472913803194696,,15867111970141974378,15125602118127787874,,0,,,,,,,
1472913803194697,,15867111970141974378,15125602118127787875,,0,,,,,,,
1472913803194697,,15867111970141974378,15125602118127787872,,0,,,,,,,
1472913803194698,,15867111970141974378,15125602118127787873,,0,,,,,,,
1472913803194699,,15867111970141974378,15125602118127787886,,0,,,,,,,
1472913803194699,,15867111970141974378,15125602118127787887,,0,,,,,,,
1472913803194699,,15867111970141974378,15125602118127787884,,0,,,,,,,
1472913803194700,,15867111970141974378,15125602118127787885,,0,,,,,,,
1472913803194700,,15867111970141974378,15125602118127787882,,0,,,,,,,
1472913803194701,,15867111970141974378,15125602118127787883,,0,,,,,,,
1472913803194701,,15867111970141974378,15125602118127787880,,0,,,,,,,
1472913803194702,,15867111970141974378,15125602118127787881,,0,,,,,,,
1472913803194703,,15867111970141974378,15125602118127787894,,0,,,,,,,
1472913803211885,,15867111970141974378,2645099471231913700,PU #7,1,,,,,,,
1472913803211936,,15867111970141974378,15125602118127787876,PU #8,1,,,,,,,
1472913803211972,,15867111970141974378,15125602118127787877,PU #3,1,,,,,,,
1472913803212017,,15867111970141974378,15125602118127787874,PU #6,1,,,,,,,
1472913803212056,,15867111970141974378,15125602118127787875,PU #9,1,,,,,,,
1472913803212089,,15867111970141974378,15125602118127787872,PU #3,1,,,,,,,
1472913803212139,,15867111970141974378,15125602118127787873,PU #3,1,,,,,,,
1472913803212183,,15867111970141974378,15125602118127787886,PU #4,1,,,,,,,
1472913803212234,,15867111970141974378,15125602118127787887,PU #1,1,,,,,,,
1472913803212295,,15867111970141974378,15125602118127787884,PU #0,1,,,,,,,
1472913803212370,,15867111970141974378,15125602118127787885,PU #1,1,,,,,,,
1472913803212434,,15867111970141974378,15125602118127787882,PU #3,1,,,,,,,
1472913803212503,,15867111970141974378,15125602118127787883,PU #9,1,,,,,,,
1472913803212557,,15867111970141974378,15125602118127787880,PU #0,1,,,,,,,
1472913803212602,,15867111970141974378,15125602118127787881,PU #8,1,,,,,,,
1472913803212656,,15867111970141974378,15125602118127787894,PU #2,1,,,,,,,
1472913803919274,,16616194782767083561,10864666725008521930,13985902860116431244,4,,,,,,,
1472913804012176,,16616194782767083561,10864666725008521933,6141208748793497031,4,,,,,,,
1472913804397067,,16616194782767083561,10864666725008521934,17447880445980281304,4,,,,,,,
1472913804516048,,16616194782767083561,10864666725008521928,8375227504753369829,4,,,,,,,
1472913804672636,,16616194782767083561,10864666725008521931,14367799139054039917,4,,,,,,,
1472913805191644,,13870726717615050630,10970712832169319083,,0,,,,,,,
1472913805191646,,13870726717615050630,18417692224169462297,,0,,,,,,,
1472913805207160,,13870726717615050630,18417692224169462297,PU #1,1,,,,,,,
1472913805207210,,13870726717615050630,10970712832169319083,PU #6,1,,,,,,,
1472913807192902,,10595348114002504922,9466859440249242596,,0,,,,,,,
1472913807192904,,10595348114002504922,17007998988558823565,,0,,,,,,,
1472913807192905,,10595348114002504922,17007998988558823554,,0,,,,,,,
1472913807192906,,10595348114002504922,17007998988558823555,,0,,,,,,,
1472913807192906,,10595348114002504922,17007998988558823552,,0,,,,,,,
1472913807192907,,10595348114002504922,17007998988558823553,,0,,,,,,,
1472913807192908,,10595348114002504922,17007998988558823558,,0,,,,,,,
1472913807192908,,10595348114002504922,17007998988558823559,,0,,,,,,,
1472913807210251,,10595348114002504922,9466859440249242596,PU #10,1,,,,,,,
1472913807210301,,10595348114002504922,17007998988558823565,PU #0,1,,,,,,,
1472913807210383,,10595348114002504922,17007998988558823554,PU #5,1,,,,,,,
1472913807210424,,10595348114002504922,17007998988558823555,PU #0,1,,,,,,,
1472913807210457,,10595348114002504922,17007998988558823552,PU #0,1,,,,,,,
1472913807210518,,10595348114002504922,17007998988558823553,PU #10,1,,,,,,,
1472913807210576,,10595348114002504922,17007998988558823558,PU #2,1,,,,,,,
1472913807210630,,10595348114002504922,17007998988558823559,PU #3,1,,,,,,,
1472913808568469,,15867111970141974378,15125602118127787887,18171599951422081771,4,,,,,,,
1472913808630729,,15867111970141974378,15125602118127787876,16777902517947616556,4,,,,,,,
1472913808812395,,15867111970141974378,15125602118127787872,6650594162456571482,4,,,,,,,
1472913809485235,,15867111970141974378,15125602118127787882,11795577909610116775,4,,,,,,,
1472913809590495,,15867111970141974378,15125602118127787880,8784819192379802324,4,,,,,,,
1472913809598561,,15867111970141974378,15125602118127787877,396637621060555347,4,,,,,,,
1472913809769494,,15867111970141974378,15125602118127787883,3525625380688366768,4,,,,,,,
1472913809925435,,15867111970141974378,15125602118127787875,3621118255120279422,4,,,,,,,
1472913810174771,,15867111970141974378,15125602118127787881,17684532169584682059,4,,,,,,,
1472913810176264,,15867111970141974378,2645099471231913700,2889704414760875669,4,,,,,,,
1472913810262615,,15867111970141974378,15125602118127787894,5611478128162526316,4,,,,,,,
1472913810660492,,15867111970141974378,15125602118127787874,10969028466315656022,4,,,,,,,
1472913811194770,,6528409240836228005,12832623367174998920,,0,,,,,,,
1472913811194772,,6528409240836228005,3774780403559106656,,0,,,,,,,
1472913811194773,,6528409240836228005,3774780403559106659,,0,,,,,,,
1472913811194774,,6528409240836228005,3774780403559106658,,0,,,,,,,
1472913811194774,,6528409240836228005,3774780403559106661,,0,,,,,,,
1472913811194775,,6528409240836228005,3774780403559106660,,0,,,,,,,
1472913811194776,,6528409240836228005,3774780403559106663,,0,,,,,,,
1472913811194776,,6528409240836228005,3774780403559106662,,0,,,,,,,
1472913811194777,,6528409240836228005,3774780403559106665,,0,,,,,,,
1472913811194777,,6528409240836228005,3774780403559106664,,0,,,,,,,
1472913811194778,,6528409240836228005,3774780403559106667,,0,,,,,,,
1472913811194778,,6528409240836228005,3774780403559106666,,0,,,,,,,
1472913811194779,,6528409240836228005,3774780403559106669,,0,,,,,,,
1472913811194779,,6528409240836228005,3774780403559106668,,0,,,,,,,
1472913811194780,,6528409240836228005,3774780403559106671,,0,,,,,,,
1472913811194780,,6528409240836228005,3774780403559106670,,0,,,,,,,
1472913811211072,,6528409240836228005,3774780403559106665,PU #6,1,,,,,,,
1472913811211173,,6528409240836228005,12832623367174998920,PU #0,1,,,,,,,
1472913811211217,,6528409240836228005,3774780403559106661,PU #4,1,,,,,,,
1472913811211265,,6528409240836228005,3774780403559106667,PU #4,1,,,,,,,
1472913811211325,,6528409240836228005,3774780403559106663,PU #4,1,,,,,,,
1472913811211375,,6528409240836228005,3774780403559106656,PU #4,1,,,,,,,
1472913811211413,,6528409240836228005,3774780403559106659,PU #8,1,,,,,,,
1472913811211449,,6528409240836228005,3774780403559106660,PU #3,1,,,,,,,
1472913811211545,,6528409240836228005,3774780403559106658,PU #10,1,,,,,,,
1472913811211600,,6528409240836228005,3774780403559106662,PU #4,1,,,,,,,
1472913811211650,,6528409240836228005,3774780403559106664,PU #3,1,,,,,,,
1472913811211747,,6528409240836228005,3774780403559106666,PU #1,1,,,,,,,
1472913811211945,,6528409240836228005,3774780403559106669,PU #0,1,,,,,,,
1472913811212004,,6528409240836228005,3774780403559106668,PU #2,1,,,,,,,
1472913811212056,,6528409240836228005,3774780403559106671,PU #2,1,,,,,,,
1472913811212107,,6528409240836228005,3774780403559106670,PU #7,1,,,,,,,
1472913811391222,,13870726717615050630,10970712832169319083,8375227504753369829,4,,,,,,,
1472913812271731,,10595348114002504922,9466859440249242596,6408163282291632118,4,,,,,,,
1472913812406046,,10595348114002504922,17007998988558823565,18139937873059470368,4,,,,,,,
1472913812748291,,10595348114002504922,17007998988558823554,12391129714481465863,4,,,,,,,
1472913812838880,,10595348114002504922,17007998988558823553,3384086652550972633,4,,,,,,,
1472913813191654,,9827927568205055860,10723706305025682486,,0,,,,,,,
1472913813191656,,9827927568205055860,9416041782641657627,,0,,,,,,,
1472913813208230,,9827927568205055860,10723706305025682486,PU #5,1,,,,,,,
1472913813208274,,9827927568205055860,9416041782641657627,PU #1,1,,,,,,,
1472913813303872,,10595348114002504922,17007998988558823555,14706926863855190454,4,,,,,,,
1472913815192924,,15210595318646800663,6719940525079354095,,0,,,,,,,
1472913815192926,,15210595318646800663,13333680593888175125,,0,,,,,,,
1472913815192927,,15210595318646800663,13333680593888175124,,0,,,,,,,
1472913815192927,,15210595318646800663,13333680593888175127,,0,,,,,,,
1472913815192928,,15210595318646800663,13333680593888175126,,0,,,,,,,
1472913815192929,,15210595318646800663,13333680593888175121,,0,,,,,,,
1472913815192929,,15210595318646800663,13333680593888175120,,0,,,,,,,
1472913815192930,,15210595318646800663,13333680593888175123,,0,,,,,,,
1472913815208939,,15210595318646800663,6719940525079354095,PU #9,1,,,,,,,
1472913815209005,,15210595318646800663,13333680593888175125,PU #7,1,,,,,,,
1472913815209045,,15210595318646800663,13333680593888175124,PU #2,1,,,,,,,
1472913815209091,,15210595318646800663,13333680593888175127,PU #6,1,,,,,,,
1472913815209167,,15210595318646800663,13333680593888175126,PU #4,1,,,,,,,
1472913815209218,,15210595318646800663,13333680593888175121,PU #1,1,,,,,,,
1472913815209268,,15210595318646800663,13333680593888175120,PU #3,1,,,,,,,
1472913815209304,,15210595318646800663,13333680593888175123,PU #0,1,,,,,,,
1472913815965227,,6528409240836228005,12832623367174998920,7689559664786413000,4,,,,,,,
1472913817094438,,6528409240836228005,3774780403559106670,12100425555961282419,4,,,,,,,
1472913817186447,,6528409240836228005,3774780403559106662,2781100962266056432,4,,,,,,,
1472913817338360,,6528409240836228005,3774780403559106666,6464439403077693458,4,,,,,,,
1472913817521512,,6528409240836228005,3774780403559106665,1097693179345526455,4,,,,,,,
1472913817591484,,6528409240836228005,3774780403559106664,11078872499313960592,4,,,,,,,
1472913817670739,,6528409240836228005,3774780403559106661,9840361996135650556,4,,,,,,,
1472913818371724,,9827927568205055860,10723706305025682486,12837175779377048704,4,,,,,,,
1472913818469662,,6528409240836228005,3774780403559106659,5953543772618772067,4,,,,,,,
1472913818712234,,6528409240836228005,3774780403559106660,11258693832838534255,4,,,,,,,
1472913819194628,,6641730369529185561,3243496152900521284,,0,,,,,,,
1472913819194629,,6641730369529185561,16837323535648980616,,0,,,,,,,
1472913819194631,,6641730369529185561,16837323535648980619,,0,,,,,,,
1472913819194631,,6641730369529185561,16837323535648980618,,0,,,,,,,
1472913819194632,,6641730369529185561,16837323535648980621,,0,,,,,,,
1472913819194632,,6641730369529185561,16837323535648980620,,0,,,,,,,
1472913819194633,,6641730369529185561,16837323535648980623,,0,,,,,,,
1472913819194634,,6641730369529185561,16837323535648980622,,0,,,,,,,
1472913819194634,,6641730369529185561,16837323535648980625,,0,,,,,,,
1472913819194635,,6641730369529185561,16837323535648980624,,0,,,,,,,
1472913819194635,,6641730369529185561,16837323535648980627,,0,,,,,,,
1472913819194636,,6641730369529185561,16837323535648980626,,0,,,,,,,
1472913819194636,,6641730369529185561,16837323535648980629,,0,,,,,,,
1472913819194637,,6641730369529185561,16837323535648980628,,0,,,,,,,
1472913819194637,,6641730369529185561,16837323535648980631,,0,,,,,,,
1472913819194638,,6641730369529185561,16837323535648980630,,0,,,,,,,
1472913819212815,,6641730369529185561,16837323535648980618,PU #5,1,,,,,,,
1472913819212883,,6641730369529185561,16837323535648980620,PU #3,1,,,,,,,
1472913819212926,,6641730369529185561,16837323535648980622,PU #4,1,,,,,,,
1472913819212959,,6641730369529185561,16837323535648980625,PU #8,1,,,,,,,
1472913819213018,,6641730369529185561,16837323535648980616,PU #1,1,,,,,,,
1472913819213073,,6641730369529185561,16837323535648980621,PU #9,1,,,,,,,
1472913819213120,,6641730369529185561,16837323535648980623,PU #1,1,,,,,,,
1472913819213177,,6641730369529185561,16837323535648980619,PU #1,1,,,,,,,
1472913819213280,,6641730369529185561,3243496152900521284,PU #0,1,,,,,,,
1472913819213331,,6641730369529185561,16837323535648980624,PU #3,1,,,,,,,
1472913819213382,,6641730369529185561,16837323535648980627,PU #4,1,,,,,,,
1472913819213437,,6641730369529185561,16837323535648980626,PU #5,1,,,,,,,
1472913819213480,,6641730369529185561,16837323535648980629,PU #0,1,,,,,,,
1472913819213533,,6641730369529185561,16837323535648980628,PU #1,1,,,,,,,
1472913819213567,,6641730369529185561,16837323535648980631,PU #4,1,,,,,,,
1472913819213614,,6641730369529185561,16837323535648980630,PU #4,1,,,,,,,
1472913819380620,,9827927568205055860,9416041782641657627,16028208318471770020,4,,,,,,,
1472913820036874,,15210595318646800663,13333680593888175127,1649104449920785485,4,,,,,,,
1472913820680793,,15210595318646800663,13333680593888175124,10615991138680815920,4,,,,,,,
1472913821191679,,11190559719521767702,9879730582417270672,,0,,,,,,,
1472913821191681,,11190559719521767702,3807618784005711345,,0,,,,,,,
1472913821208590,,11190559719521767702,9879730582417270672,PU #5,1,,,,,,,
1472913821208664,,11190559719521767702,3807618784005711345,PU #5,1,,,,,,,
1472913823192912,,18423233517428046311,12778985751293823802,,0,,,,,,,
1472913823192914,,18423233517428046311,7992495900324744637,,0,,,,,,,
1472913823192915,,18423233517428046311,7992495900324744638,,0,,,,,,,
1472913823192916,,18423233517428046311,7992495900324744639,,0,,,,,,,
1472913823192916,,18423233517428046311,7992495900324744608,,0,,,,,,,
1472913823192917,,18423233517428046311,7992495900324744609,,0,,,,,,,
1472913823192917,,18423233517428046311,7992495900324744610,,0,,,,,,,
1472913823192918,,18423233517428046311,7992495900324744611,,0,,,,,,,
1472913823210859,,18423233517428046311,12778985751293823802,PU #2,1,,,,,,,
1472913823210944,,18423233517428046311,7992495900324744637,PU #5,1,,,,,,,
1472913823210983,,18423233517428046311,7992495900324744638,PU #5,1,,,,,,,
1472913823211023,,18423233517428046311,7992495900324744639,PU #1,1,,,,,,,
1472913823211064,,18423233517428046311,7992495900324744608,PU #5,1,,,,,,,
1472913823211126,,18423233517428046311,7992495900324744609,PU #0,1,,,,,,,
1472913823211178,,18423233517428046311,7992495900324744610,PU #1,1,,,,,,,
1472913823211251,,18423233517428046311,7992495900324744611,PU #2,1,,,,,,,
1472913823231582,,6641730369529185561,16837323535648980631,12089487372414072579,4,,,,,,,
1472913824665459,,6641730369529185561,16837323535648980620,6454717725655763029,4,,,,,,,
1472913824840313,,6641730369529185561,16837323535648980625,703319561096623764,4,,,,,,,
1472913824875049,,6641730369529185561,16837323535648980628,12676476111404952002,4,,,,,,,
1472913824973985,,6641730369529185561,16837323535648980616,13794560484214501959,4,,,,,,,
1472913825033652,,6641730369529185561,16837323535648980630,2781100962266056432,4,,,,,,,
1472913825219488,,6641730369529185561,16837323535648980619,6464439403077693458,4,,,,,,,
1472913825232920,,6641730369529185561,16837323535648980621,15135273686779990004,4,,,,,,,
1472913825279876,,6641730369529185561,16837323535648980627,16235727350845828058,4,,,,,,,
1472913825837119,,11190559719521767702,3807618784005711345,16104433161137600677,4,,,,,,,
1472913825941528,,6641730369529185561,3243496152900521284,10442752714396792097,4,,,,,,,
1472913826079148,,6641730369529185561,16837323535648980618,10186407093138846630,4,,,,,,,
1472913826581563,,11190559719521767702,9879730582417270672,10271788448207049051,4,,,,,,,
1472913827194644,,10803368492910325796,4000486285316103821,,0,,,,,,,
1472913827194646,,10803368492910325796,15257043297875380332,,0,,,,,,,
1472913827194647,,10803368492910325796,15257043297875380333,,0,,,,,,,
1472913827194647,,10803368492910325796,15257043297875380334,,0,,,,,,,
1472913827194648,,10803368492910325796,15257043297875380335,,0,,,,,,,
1472913827194649,,10803368492910325796,15257043297875380328,,0,,,,,,,
1472913827194649,,10803368492910325796,15257043297875380329,,0,,,,,,,
1472913827194650,,10803368492910325796,15257043297875380330,,0,,,,,,,
1472913827194650,,10803368492910325796,15257043297875380331,,0,,,,,,,
1472913827194651,,10803368492910325796,15257043297875380324,,0,,,,,,,
1472913827194651,,10803368492910325796,15257043297875380325,,0,,,,,,,
1472913827194652,,10803368492910325796,15257043297875380326,,0,,,,,,,
1472913827194652,,10803368492910325796,15257043297875380327,,0,,,,,,,
1472913827194653,,10803368492910325796,15257043297875380320,,0,,,,,,,
1472913827194653,,10803368492910325796,15257043297875380321,,0,,,,,,,
1472913827194654,,10803368492910325796,15257043297875380322,,0,,,,,,,
1472913827211146,,10803368492910325796,15257043297875380327,PU #7,1,,,,,,,
1472913827211218,,10803368492910325796,15257043297875380325,PU #11,1,,,,,,,
1472913827211266,,10803368492910325796,15257043297875380334,PU #5,1,,,,,,,
1472913827211347,,10803368492910325796,15257043297875380322,PU #11,1,,,,,,,
1472913827211404,,10803368492910325796,15257043297875380326,PU #4,1,,,,,,,
1472913827211511,,10803368492910325796,15257043297875380320,PU #8,1,,,,,,,
1472913827211605,,10803368492910325796,15257043297875380321,PU #4,1,,,,,,,
1472913827211666,,10803368492910325796,15257043297875380333,PU #4,1,,,,,,,
1472913827211771,,10803368492910325796,15257043297875380328,PU #7,1,,,,,,,
1472913827211810,,10803368492910325796,15257043297875380335,PU #0,1,,,,,,,
1472913827211844,,10803368492910325796,15257043297875380330,PU #7,1,,,,,,,
1472913827211936,,10803368492910325796,15257043297875380329,PU #1,1,,,,,,,
1472913827212089,,10803368492910325796,15257043297875380324,PU #11,1,,,,,,,
1472913827212140,,10803368492910325796,15257043297875380331,PU #2,1,,,,,,,
1472913827212576,,10803368492910325796,15257043297875380332,PU #7,1,,,,,,,
1472913827212684,,10803368492910325796,4000486285316103821,PU #1,1,,,,,,,
1472913829191653,,14677309792369121874,5542033037285218853,,0,,,,,,,
1472913829191654,,14677309792369121874,18283152466336945439,,0,,,,,,,
1472913829208931,,14677309792369121874,5542033037285218853,PU #6,1,,,,,,,
1472913829209015,,14677309792369121874,18283152466336945439,PU #11,1,,,,,,,
1472913831192954,,2783306187567708857,3638553233027358669,,0,,,,,,,
1472913831192956,,2783306187567708857,11185889588672147884,,0,,,,,,,
1472913831192958,,2783306187567708857,11185889588672147885,,0,,,,,,,
1472913831192959,,2783306187567708857,11185889588672147882,,0,,,,,,,
1472913831192959,,2783306187567708857,11185889588672147883,,0,,,,,,,
1472913831192960,,2783306187567708857,11185889588672147880,,0,,,,,,,
1472913831192960,,2783306187567708857,11185889588672147881,,0,,,,,,,
1472913831192961,,2783306187567708857,11185889588672147894,,0,,,,,,,
1472913831211561,,2783306187567708857,11185889588672147882,PU #5,1,,,,,,,
1472913831211609,,2783306187567708857,11185889588672147883,PU #5,1,,,,,,,
1472913831211674,,2783306187567708857,11185889588672147894,PU #10,1,,,,,,,
1472913831211713,,2783306187567708857,11185889588672147880,PU #8,1,,,,,,,
1472913831211776,,2783306187567708857,11185889588672147881,PU #1,1,,,,,,,
1472913831211817,,2783306187567708857,11185889588672147885,PU #4,1,,,,,,,
1472913831211878,,2783306187567708857,11185889588672147884,PU #7,1,,,,,,,
1472913831211999,,2783306187567708857,3638553233027358669,PU #0,1,,,,,,,
1472913831914459,,10803368492910325796,4000486285316103821,2436622550764643331,4,,,,,,,
1472913832508998,,10803368492910325796,15257043297875380331,14166014483846167229,4,,,,,,,
1472913832928322,,10803368492910325796,15257043297875380321,2781100962266056432,4,,,,,,,
1472913832973933,,10803368492910325796,15257043297875380326,17019520688454287513,4,,,,,,,
1472913833269918,,10803368492910325796,15257043297875380328,17586732473831351655,4,,,,,,,
1472913834034967,,10803368492910325796,15257043297875380332,12624326921316228599,4,,,,,,,
1472913834093365,,10803368492910325796,15257043297875380322,16127767760006103413,4,,,,,,,
1472913834249096,,10803368492910325796,15257043297875380324,15363710274740827665,4,,,,,,,
1472913834772326,,10803368492910325796,15257043297875380330,7387934833749858991,4,,,,,,,
1472913834788382,,10803368492910325796,15257043297875380327,13594143336871392179,4,,,,,,,
1472913835133630,,10803368492910325796,15257043297875380325,1423917282767833285,4,,,,,,,
1472913835194686,,301336610181872954,7318409564290224360,,0,,,,,,,
1472913835194688,,301336610181872954,7063708877602160153,,0,,,,,,,
1472913835194689,,301336610181872954,7063708877602160152,,0,,,,,,,
1472913835194690,,301336610181872954,7063708877602160135,,0,,,,,,,
1472913835194690,,301336610181872954,7063708877602160134,,0,,,,,,,
1472913835194691,,301336610181872954,7063708877602160133,,0,,,,,,,
1472913835194691,,301336610181872954,7063708877602160132,,0,,,,,,,
1472913835194692,,301336610181872954,7063708877602160131,,0,,,,,,,
1472913835194692,,301336610181872954,7063708877602160130,,0,,,,,,,
1472913835194693,,301336610181872954,7063708877602160129,,0,,,,,,,
1472913835194694,,301336610181872954,7063708877602160128,,0,,,,,,,
1472913835194694,,301336610181872954,7063708877602160143,,0,,,,,,,
1472913835194695,,301336610181872954,7063708877602160142,,0,,,,,,,
1472913835194695,,301336610181872954,7063708877602160141,,0,,,,,,,
1472913835194696,,301336610181872954,7063708877602160140,,0,,,,,,,
1472913835194696,,301336610181872954,7063708877602160139,,0,,,,,,,
1472913835212633,,301336610181872954,7063708877602160132,PU #11,1,,,,,,,
1472913835212682,,301336610181872954,7063708877602160140,PU #4,1,,,,,,,
1472913835212746,,301336610181872954,7063708877602160143,PU #11,1,,,,,,,
1472913835212782,,301336610181872954,7063708877602160133,PU #5,1,,,,,,,
1472913835212838,,301336610181872954,7063708877602160153,PU #0,1,,,,,,,
1472913835212926,,301336610181872954,7063708877602160128,PU #5,1,,,,,,,
1472913835212993,,301336610181872954,7063708877602160131,PU #3,1,,,,,,,
1472913835213071,,301336610181872954,7063708877602160142,PU #3,1,,,,,,,
1472913835213150,,301336610181872954,7318409564290224360,PU #7,1,,,,,,,
1472913835213189,,301336610181872954,7063708877602160134,PU #5,1,,,,,,,
1472913835213230,,301336610181872954,7063708877602160139,PU #10,1,,,,,,,
1472913835213269,,301336610181872954,7063708877602160129,PU #8,1,,,,,,,
1472913835213301,,301336610181872954,7063708877602160141,PU #0,1,,,,,,,
1472913835213332,,301336610181872954,7063708877602160135,PU #8,1,,,,,,,
1472913835213363,,301336610181872954,7063708877602160130,PU #1,1,,,,,,,
1472913835213395,,301336610181872954,7063708877602160152,PU #10,1,,,,,,,
1472913835287544,,14677309792369121874,18283152466336945439,15024271784691473482,4,,,,,,,
1472913836268421,,2783306187567708857,11185889588672147880,9053312491887284931,4,,,,,,,
1472913836501872,,2783306187567708857,11185889588672147884,3196466423151196112,4,,,,,,,
1472913837012781,,2783306187567708857,11185889588672147885,1095890505887186611,4,,,,,,,
1472913837067053,,2783306187567708857,11185889588672147882,9683815059672152493,4,,,,,,,
1472913837191695,,7727007478797827868,3102090987084924827,,0,,,,,,,
1472913837191697,,7727007478797827868,15618941657761170768,,0,,,,,,,
1472913837208499,,7727007478797827868,3102090987084924827,PU #11,1,,,,,,,
1472913837208569,,7727007478797827868,15618941657761170768,PU #9,1,,,,,,,
1472913838761293,,2783306187567708857,11185889588672147894,5106560822054560262,4,,,,,,,
1472913839192960,,7868681679899267978,7821313463692759143,,0,,,,,,,
1472913839192962,,7868681679899267978,17999452938818586182,,0,,,,,,,
1472913839192963,,7868681679899267978,17999452938818586183,,0,,,,,,,
1472913839192964,,7868681679899267978,17999452938818586176,,0,,,,,,,
1472913839192964,,7868681679899267978,17999452938818586177,,0,,,,,,,
1472913839192965,,7868681679899267978,17999452938818586178,,0,,,,,,,
1472913839192966,,7868681679899267978,17999452938818586179,,0,,,,,,,
1472913839192966,,7868681679899267978,17999452938818586188,,0,,,,,,,
1472913839211411,,7868681679899267978,7821313463692759143,PU #8,1,,,,,,,
1472913839211463,,7868681679899267978,17999452938818586182,PU #6,1,,,,,,,
1472913839211539,,7868681679899267978,17999452938818586183,PU #7,1,,,,,,,
1472913839211579,,7868681679899267978,17999452938818586176,PU #2,1,,,,,,,
1472913839211642,,7868681679899267978,17999452938818586177,PU #4,1,,,,,,,
1472913839211683,,7868681679899267978,17999452938818586178,PU #3,1,,,,,,,
1472913839211730,,7868681679899267978,17999452938818586179,PU #0,1,,,,,,,
1472913839211764,,7868681679899267978,17999452938818586188,PU #5,1,,,,,,,
1472913839211811,,301336610181872954,7063708877602160152,1792497519065774499,4,,,,,,,
1472913839267936,,301336610181872954,7063708877602160134,10271788448207049051,4,,,,,,,
1472913840483627,,301336610181872954,7318409564290224360,17816259169061586227,4,,,,,,,
1472913840737782,,301336610181872954,7063708877602160153,18300367818565109113,4,,,,,,,
1472913840791363,,301336610181872954,7063708877602160140,14205052038935408211,4,,,,,,,
1472913840816960,,301336610181872954,7063708877602160130,12676476111404952002,4,,,,,,,
1472913841515802,,301336610181872954,7063708877602160129,10491747474756303979,4,,,,,,,
1472913841840949,,301336610181872954,7063708877602160133,2336196215452621013,4,,,,,,,
1472913842090906,,301336610181872954,7063708877602160139,13371593039931570048,4,,,,,,,
1472913842100920,,7727007478797827868,15618941657761170768,2140571017597925379,4,,,,,,,
1472913842688624,,301336610181872954,7063708877602160132,813429657334564310,4,,,,,,,
1472913843194671,,1140108355635294400,3095072451801980859,,0,,,,,,,
1472913843194674,,1140108355635294400,14466306371446881757,,0,,,,,,,
1472913843194676,,1140108355635294400,14466306371446881756,,0,,,,,,,
1472913843194677,,1140108355635294400,14466306371446881759,,0,,,,,,,
1472913843194678,,1140108355635294400,14466306371446881758,,0,,,,,,,
1472913843194679,,1140108355635294400,14466306371446881753,,0,,,,,,,
1472913843194679,,1140108355635294400,14466306371446881752,,0,,,,,,,
1472913843194680,,1140108355635294400,14466306371446881755,,0,,,,,,,
1472913843194681,,1140108355635294400,14466306371446881754,,0,,,,,,,
1472913843194682,,1140108355635294400,14466306371446881749,,0,,,,,,,
1472913843194682,,1140108355635294400,14466306371446881748,,0,,,,,,,
1472913843194683,,1140108355635294400,14466306371446881751,,0,,,,,,,
1472913843194684,,1140108355635294400,14466306371446881750,,0,,,,,,,
1472913843194684,,1140108355635294400,14466306371446881745,,0,,,,,,,
1472913843194685,,1140108355635294400,14466306371446881744,,0,,,,,,,
1472913843194685,,1140108355635294400,14466306371446881747,,0,,,,,,,
1472913843213615,,1140108355635294400,14466306371446881754,PU #2,1,,,,,,,
1472913843213671,,1140108355635294400,14466306371446881749,PU #3,1,,,,,,,
1472913843213714,,1140108355635294400,14466306371446881759,PU #0,1,,,,,,,
1472913843213756,,1140108355635294400,14466306371446881752,PU #0,1,,,,,,,
1472913843213805,,1140108355635294400,14466306371446881756,PU #10,1,,,,,,,
1472913843213858,,1140108355635294400,14466306371446881757,PU #5,1,,,,,,,
1472913843213973,,1140108355635294400,3095072451801980859,PU #5,1,,,,,,,
1472913843214035,,1140108355635294400,14466306371446881755,PU #3,1,,,,,,,
1472913843214086,,1140108355635294400,14466306371446881753,PU #1,1,,,,,,,
1472913843214169,,1140108355635294400,14466306371446881758,PU #10,1,,,,,,,
1472913843214210,,1140108355635294400,14466306371446881748,PU #2,1,,,,,,,
1472913843214258,,1140108355635294400,14466306371446881751,PU #7,1,,,,,,,
1472913843214305,,1140108355635294400,14466306371446881750,PU #3,1,,,,,,,
1472913843214353,,1140108355635294400,14466306371446881745,PU #9,1,,,,,,,
1472913843214414,,1140108355635294400,14466306371446881744,PU #9,1,,,,,,,
1472913843214453,,1140108355635294400,14466306371446881747,PU #5,1,,,,,,,
1472913843953709,,7868681679899267978,17999452938818586183,1235217895200225471,4,,,,,,,
1472913844040103,,7868681679899267978,17999452938818586182,6669203512138478588,4,,,,,,,
1472913844225452,,7868681679899267978,17999452938818586177,16235727350845828058,4,,,,,,,
1472913845141877,,7868681679899267978,17999452938818586188,2241597724501598327,4,,,,,,,
1472913845191676,,6861513116388533793,10513657170332173772,,0,,,,,,,
1472913845191678,,6861513116388533793,1556338476732134075,,0,,,,,,,
1472913845209046,,6861513116388533793,10513657170332173772,PU #2,1,,,,,,,
1472913845209112,,6861513116388533793,1556338476732134075,PU #2,1,,,,,,,
1472913845209159,,7868681679899267978,7821313463692759143,4026302462585338931,4,,,,,,,
1472913847192947,,13929501127611135141,13902580025216557498,,0,,,,,,,
1472913847192949,,13929501127611135141,4878392893627877153,,0,,,,,,,
1472913847192951,,13929501127611135141,4878392893627877152,,0,,,,,,,
1472913847192951,,13929501127611135141,4878392893627877155,,0,,,,,,,
1472913847192952,,13929501127611135141,4878392893627877154,,0,,,,,,,
1472913847192953,,13929501127611135141,4878392893627877181,,0,,,,,,,
1472913847192953,,13929501127611135141,4878392893627877180,,0,,,,,,,
1472913847192954,,13929501127611135141,4878392893627877183,,0,,,,,,,
1472913847211748,,13929501127611135141,13902580025216557498,PU #2,1,,,,,,,
1472913847211827,,13929501127611135141,4878392893627877153,PU #4,1,,,,,,,
1472913847211870,,13929501127611135141,4878392893627877152,PU #3,1,,,,,,,
1472913847211927,,13929501127611135141,4878392893627877155,PU #6,1,,,,,,,
1472913847211975,,13929501127611135141,4878392893627877154,PU #1,1,,,,,,,
1472913847212028,,13929501127611135141,4878392893627877181,PU #2,1,,,,,,,
1472913847212072,,13929501127611135141,4878392893627877180,PU #4,1,,,,,,,
1472913847212107,,13929501127611135141,4878392893627877183,PU #6,1,,,,,,,
1472913848561770,,1140108355635294400,14466306371446881757,3165167876158196256,4,,,,,,,
1472913848565032,,1140108355635294400,14466306371446881758,7379342491797750406,4,,,,,,,
1472913848921940,,1140108355635294400,14466306371446881744,3621118255120279422,4,,,,,,,
1472913849010205,,1140108355635294400,14466306371446881748,13053039282336638059,4,,,,,,,
1472913849061160,,1140108355635294400,14466306371446881759,8173000874349205772,4,,,,,,,
1472913849624529,,1140108355635294400,14466306371446881754,11870473981839186256,4,,,,,,,
1472913849647130,,1140108355635294400,14466306371446881752,9620465029033425616,4,,,,,,,
1472913849945372,,1140108355635294400,14466306371446881753,16135808076298968628,4,,,,,,,
1472913850193248,,1140108355635294400,14466306371446881756,1094175440307761364,4,,,,,,,
1472913850264758,,1140108355635294400,14466306371446881751,8780601210072238370,4,,,,,,,
1472913850299030,,1140108355635294400,3095072451801980859,12391129714481465863,4,,,,,,,
1472913851194630,,11168128551442313868,13631072441691646733,,0,,,,,,,
1472913851194633,,11168128551442313868,11193285163854750770,,0,,,,,,,
1472913851194634,,11168128551442313868,11193285163854750771,,0,,,,,,,
1472913851194635,,11168128551442313868,11193285163854750780,,0,,,,,,,
1472913851194636,,11168128551442313868,11193285163854750781,,0,,,,,,,
1472913851194636,,11168128551442313868,11193285163854750782,,0,,,,,,,
1472913851194637,,11168128551442313868,11193285163854750783,,0,,,,,,,
1472913851194637,,11168128551442313868,11193285163854750776,,0,,,,,,,
1472913851194638,,11168128551442313868,11193285163854750777,,0,,,,,,,
1472913851194638,,11168128551442313868,11193285163854750778,,0,,,,,,,
1472913851194639,,11168128551442313868,11193285163854750779,,0,,,,,,,
1472913851194640,,11168128551442313868,11193285163854750756,,0,,,,,,,
1472913851194640,,11168128551442313868,11193285163854750757,,0,,,,,,,
1472913851194641,,11168128551442313868,11193285163854750758,,0,,,,,,,
1472913851194641,,11168128551442313868,11193285163854750759,,0,,,,,,,
1472913851194642,,11168128551442313868,11193285163854750752,,0,,,,,,,
1472913851212532,,11168128551442313868,11193285163854750781,PU #7,1,,,,,,,
1472913851212590,,11168128551442313868,11193285163854750780,PU #2,1,,,,,,,
1472913851212630,,11168128551442313868,11193285163854750782,PU #11,1,,,,,,,
1472913851212677,,11168128551442313868,11193285163854750776,PU #9,1,,,,,,,
1472913851212729,,11168128551442313868,11193285163854750778,PU #7,1,,,,,,,
1472913851212779,,11168128551442313868,11193285163854750783,PU #6,1,,,,,,,
1472913851212860,,11168128551442313868,13631072441691646733,PU #3,1,,,,,,,
1472913851212940,,11168128551442313868,11193285163854750771,PU #4,1,,,,,,,
1472913851212994,,11168128551442313868,11193285163854750777,PU #4,1,,,,,,,
1472913851213049,,11168128551442313868,11193285163854750770,PU #0,1,,,,,,,
1472913851213093,,11168128551442313868,11193285163854750779,PU #2,1,,,,,,,
1472913851213126,,11168128551442313868,11193285163854750756,PU #0,1,,,,,,,
1472913851213249,,11168128551442313868,11193285163854750757,PU #2,1,,,,,,,
1472913851213333,,11168128551442313868,11193285163854750758,PU #7,1,,,,,,,
1472913851213371,,11168128551442313868,11193285163854750759,PU #5,1,,,,,,,
1472913851213492,,11168128551442313868,11193285163854750752,PU #2,1,,,,,,,
1472913851297314,,6861513116388533793,10513657170332173772,12894803352922165274,4,,,,,,,
1472913851615293,,1140108355635294400,14466306371446881755,13244780307630691482,4,,,,,,,
1472913852286260,,13929501127611135141,13902580025216557498,14146323848397550472,4,,,,,,,
1472913853191635,,10171686991380547341,6848664463873881981,,0,,,,,,,
1472913853191638,,10171686991380547341,13142504389050794959,,0,,,,,,,
1472913853209962,,10171686991380547341,13142504389050794959,PU #10,1,,,,,,,
1472913853210026,,10171686991380547341,6848664463873881981,PU #8,1,,,,,,,
1472913855162727,,13929501127611135141,4878392893627877153,10174627833632209238,4,,,,,,,
1472913855192905,,535094566515842436,11039327274699513796,,0,,,,,,,
1472913855192907,,535094566515842436,8326487666043590333,,0,,,,,,,
1472913855192908,,535094566515842436,8326487666043590334,,0,,,,,,,
1472913855192909,,535094566515842436,8326487666043590335,,0,,,,,,,
1472913855192910,,535094566515842436,8326487666043590304,,0,,,,,,,
1472913855192910,,535094566515842436,8326487666043590305,,0,,,,,,,
1472913855192911,,535094566515842436,8326487666043590306,,0,,,,,,,
1472913855192912,,535094566515842436,8326487666043590307,,0,,,,,,,
1472913855212344,,535094566515842436,8326487666043590334,PU #4,1,,,,,,,
1472913855212392,,535094566515842436,8326487666043590333,PU #11,1,,,,,,,
1472913855212441,,535094566515842436,8326487666043590335,PU #7,1,,,,,,,
1472913855212475,,535094566515842436,8326487666043590305,PU #5,1,,,,,,,
1472913855212521,,535094566515842436,8326487666043590306,PU #5,1,,,,,,,
1472913855212558,,535094566515842436,8326487666043590307,PU #4,1,,,,,,,
1472913855212611,,535094566515842436,8326487666043590304,PU #9,1,,,,,,,
1472913855212668,,535094566515842436,11039327274699513796,PU #9,1,,,,,,,
1472913857147553,,11168128551442313868,11193285163854750782,16127767760006103413,4,,,,,,,
1472913857179512,,11168128551442313868,11193285163854750781,2477456734015409495,4,,,,,,,
1472913857196869,,11168128551442313868,11193285163854750758,12624326921316228599,4,,,,,,,
1472913857234757,,11168128551442313868,11193285163854750779,4576144087033202768,4,,,,,,,
1472913857244473,,11168128551442313868,11193285163854750780,7199876940601124209,4,,,,,,,
1472913857384616,,11168128551442313868,13631072441691646733,7423168268239676338,4,,,,,,,
1472913857414696,,11168128551442313868,11193285163854750777,16235727350845828058,4,,,,,,,
1472913857444617,,11168128551442313868,11193285163854750783,10969028466315656022,4,,,,,,,
1472913857469690,,11168128551442313868,11193285163854750778,13594143336871392179,4,,,,,,,
1472913857625064,,11168128551442313868,11193285163854750776,11701230885693006666,4,,,,,,,
1472913857851013,,11168128551442313868,11193285163854750752,16225253779770306696,4,,,,,,,
1472913857865078,,11168128551442313868,11193285163854750771,17773903813606055295,4,,,,,,,
1472913858249467,,11168128551442313868,11193285163854750756,7706670299496369406,4,,,,,,,
1472913859194641,,3060763687067125094,938068151228990417,,0,,,,,,,
1472913859194643,,3060763687067125094,1449560810184361933,,0,,,,,,,
1472913859194644,,3060763687067125094,1449560810184361922,,0,,,,,,,
1472913859194645,,3060763687067125094,1449560810184361923,,0,,,,,,,
1472913859194645,,3060763687067125094,1449560810184361920,,0,,,,,,,
1472913859194646,,3060763687067125094,1449560810184361921,,0,,,,,,,
1472913859194646,,3060763687067125094,1449560810184361926,,0,,,,,,,
1472913859194647,,3060763687067125094,1449560810184361927,,0,,,,,,,
1472913859194648,,3060763687067125094,1449560810184361924,,0,,,,,,,
1472913859194648,,3060763687067125094,1449560810184361925,,0,,,,,,,
1472913859194649,,3060763687067125094,1449560810184361914,,0,,,,,,,
1472913859194649,,3060763687067125094,1449560810184361915,,0,,,,,,,
1472913859194650,,3060763687067125094,1449560810184361912,,0,,,,,,,
1472913859194650,,3060763687067125094,1449560810184361913,,0,,,,,,,
1472913859194651,,3060763687067125094,1449560810184361918,,0,,,,,,,
1472913859194651,,3060763687067125094,1449560810184361919,,0,,,,,,,
1472913859213731,,3060763687067125094,1449560810184361922,PU #3,1,,,,,,,
1472913859213779,,3060763687067125094,1449560810184361923,PU #9,1,,,,,,,
1472913859213843,,3060763687067125094,1449560810184361921,PU #1,1,,,,,,,
1472913859213895,,3060763687067125094,1449560810184361933,PU #0,1,,,,,,,
1472913859213944,,3060763687067125094,1449560810184361914,PU #1,1,,,,,,,
1472913859214011,,3060763687067125094,1449560810184361924,PU #1,1,,,,,,,
1472913859214067,,3060763687067125094,1449560810184361925,PU #3,1,,,,,,,
1472913859214122,,3060763687067125094,1449560810184361926,PU #6,1,,,,,,,
1472913859214159,,3060763687067125094,1449560810184361927,PU #4,1,,,,,,,
1472913859214195,,3060763687067125094,1449560810184361915,PU #1,1,,,,,,,
1472913859214227,,3060763687067125094,1449560810184361913,PU #6,1,,,,,,,
1472913859214258,,3060763687067125094,1449560810184361919,PU #2,1,,,,,,,
1472913859214288,,3060763687067125094,1449560810184361912,PU #8,1,,,,,,,
1472913859214318,,3060763687067125094,1449560810184361918,PU #6,1,,,,,,,
1472913859214349,,3060763687067125094,1449560810184361920,PU #9,1,,,,,,,
1472913859214433,,3060763687067125094,938068151228990417,PU #6,1,,,,,,,
1472913860249163,,535094566515842436,8326487666043590304,17630636331982742001,4,,,,,,,
1472913860392150,,535094566515842436,11039327274699513796,13332782237581996620,4,,,,,,,
1472913860560204,,535094566515842436,8326487666043590305,10271788448207049051,4,,,,,,,
1472913860747538,,535094566515842436,8326487666043590335,17816259169061586227,4,,,,,,,
1472913861191684,,1760111003933091627,3402493468649950672,,0,,,,,,,
1472913861191686,,1760111003933091627,6855158542287003731,,0,,,,,,,
1472913861209369,,1760111003933091627,6855158542287003731,PU #6,1,,,,,,,
1472913861209439,,1760111003933091627,3402493468649950672,PU #0,1,,,,,,,
1472913863192932,,596955968799513389,15238230181313582546,,0,,,,,,,
1472913863192934,,596955968799513389,4804829590341230127,,0,,,,,,,
1472913863192936,,596955968799513389,4804829590341230126,,0,,,,,,,
1472913863192936,,596955968799513389,4804829590341230125,,0,,,,,,,
1472913863192937,,596955968799513389,4804829590341230124,,0,,,,,,,
1472913863192937,,596955968799513389,4804829590341230123,,0,,,,,,,
1472913863192938,,596955968799513389,4804829590341230122,,0,,,,,,,
1472913863192939,,596955968799513389,4804829590341230121,,0,,,,,,,
1472913863212273,,596955968799513389,15238230181313582546,PU #3,1,,,,,,,
1472913863212327,,596955968799513389,4804829590341230127,PU #3,1,,,,,,,
1472913863212405,,596955968799513389,4804829590341230126,PU #5,1,,,,,,,
1472913863212478,,596955968799513389,4804829590341230125,PU #7,1,,,,,,,
1472913863212555,,596955968799513389,4804829590341230124,PU #7,1,,,,,,,
1472913863212594,,596955968799513389,4804829590341230123,PU #4,1,,,,,,,
1472913863212629,,596955968799513389,4804829590341230122,PU #1,1,,,,,,,
1472913863212684,,596955968799513389,4804829590341230121,PU #11,1,,,,,,,
1472913864492861,,3060763687067125094,938068151228990417,546457904509994483,4,,,,,,,
1472913865115789,,3060763687067125094,1449560810184361933,2979955948507252744,4,,,,,,,
1472913865160466,,3060763687067125094,1449560810184361924,13794560484214501959,4,,,,,,,
1472913865294847,,3060763687067125094,1449560810184361923,3525625380688366768,4,,,,,,,
1472913865328320,,3060763687067125094,1449560810184361926,10799470549593697952,4,,,,,,,
1472913865657694,,3060763687067125094,1449560810184361913,1649104449920785485,4,,,,,,,
1472913865724993,,3060763687067125094,1449560810184361912,5863318671790056353,4,,,,,,,
1472913865746767,,3060763687067125094,1449560810184361922,396637621060555347,4,,,,,,,
1472913865999321,,3060763687067125094,1449560810184361915,12852228531220481488,4,,,,,,,
1472913866429134,,3060763687067125094,1449560810184361919,11303461661504787271,4,,,,,,,
1472913866690380,,1760111003933091627,6855158542287003731,1603601116043418118,4,,,,,,,
1472913866863232,,3060763687067125094,1449560810184361920,17011189496625395045,4,,,,,,,
1472913867018654,,3060763687067125094,1449560810184361921,14746761581905079354,4,,,,,,,
1472913867194630,,999113558866422833,2264003087557435875,,0,,,,,,,
1472913867194632,,999113558866422833,2521744366585763582,,0,,,,,,,
1472913867194633,,999113558866422833,2521744366585763569,,0,,,,,,,
1472913867194634,,999113558866422833,2521744366585763568,,0,,,,,,,
1472913867194634,,999113558866422833,2521744366585763571,,0,,,,,,,
1472913867194635,,999113558866422833,2521744366585763570,,0,,,,,,,
1472913867194636,,999113558866422833,2521744366585763573,,0,,,,,,,
1472913867194636,,999113558866422833,2521744366585763572,,0,,,,,,,
1472913867194637,,999113558866422833,2521744366585763575,,0,,,,,,,
1472913867194637,,999113558866422833,2521744366585763574,,0,,,,,,,
1472913867194638,,999113558866422833,2521744366585763561,,0,,,,,,,
1472913867194638,,999113558866422833,2521744366585763560,,0,,,,,,,
1472913867194639,,999113558866422833,2521744366585763563,,0,,,,,,,
1472913867194640,,999113558866422833,2521744366585763562,,0,,,,,,,
1472913867194640,,999113558866422833,2521744366585763565,,0,,,,,,,
1472913867194641,,999113558866422833,2521744366585763564,,0,,,,,,,
1472913867214291,,999113558866422833,2521744366585763573,PU #4,1,,,,,,,
1472913867214360,,999113558866422833,2521744366585763569,PU #8,1,,,,,,,
1472913867214400,,999113558866422833,2521744366585763560,PU #5,1,,,,,,,
1472913867214489,,999113558866422833,2264003087557435875,PU #3,1,,,,,,,
1472913867214558,,999113558866422833,2521744366585763582,PU #4,1,,,,,,,
1472913867214592,,999113558866422833,2521744366585763568,PU #3,1,,,,,,,
1472913867214623,,999113558866422833,2521744366585763572,PU #7,1,,,,,,,
1472913867214653,,999113558866422833,2521744366585763571,PU #2,1,,,,,,,
1472913867214684,,999113558866422833,2521744366585763575,PU #2,1,,,,,,,
1472913867214715,,999113558866422833,2521744366585763570,PU #10,1,,,,,,,
1472913867214747,,999113558866422833,2521744366585763561,PU #5,1,,,,,,,
1472913867214784,,999113558866422833,2521744366585763574,PU #4,1,,,,,,,
1472913867214825,,999113558866422833,2521744366585763563,PU #10,1,,,,,,,
1472913867214858,,999113558866422833,2521744366585763562,PU #5,1,,,,,,,
1472913867214892,,999113558866422833,2521744366585763565,PU #4,1,,,,,,,
1472913867214933,,999113558866422833,2521744366585763564,PU #7,1,,,,,,,
1472913868012959,,3060763687067125094,1449560810184361918,4424664211040055073,4,,,,,,,
1472913868366661,,596955968799513389,4804829590341230126,12837175779377048704,4,,,,,,,
1472913868772433,,596955968799513389,4804829590341230127,10274508088266999414,4,,,,,,,
1472913868822147,,596955968799513389,4804829590341230121,10858460826978241813,4,,,,,,,
1472913869136804,,596955968799513389,4804829590341230122,6464439403077693458,4,,,,,,,
1472913869191658,,13533243402880165674,13752185064994147886,,0,,,,,,,
1472913869191661,,13533243402880165674,9220749505650418094,,0,,,,,,,
1472913869211484,,13533243402880165674,9220749505650418094,PU #9,1,,,,,,,
1472913869211534,,13533243402880165674,13752185064994147886,PU #8,1,,,,,,,
1472913869494574,,596955968799513389,4804829590341230123,15942517049696606813,4,,,,,,,
1472913869507021,,596955968799513389,4804829590341230125,2537293293005110808,4,,,,,,,
1472913870183679,,596955968799513389,4804829590341230124,16520250975403001349,4,,,,,,,
1472913871192981,,6646459855996415186,13800272096493987201,,0,,,,,,,
1472913871192984,,6646459855996415186,13540703469899153361,,0,,,,,,,
1472913871192985,,6646459855996415186,13540703469899153362,,0,,,,,,,
1472913871192985,,6646459855996415186,13540703469899153363,,0,,,,,,,
1472913871192986,,6646459855996415186,13540703469899153364,,0,,,,,,,
1472913871192987,,6646459855996415186,13540703469899153365,,0,,,,,,,
1472913871192988,,6646459855996415186,13540703469899153366,,0,,,,,,,
1472913871192988,,6646459855996415186,13540703469899153367,,0,,,,,,,
1472913871211752,,6646459855996415186,13800272096493987201,PU #1,1,,,,,,,
1472913871211840,,6646459855996415186,13540703469899153361,PU #11,1,,,,,,,
1472913871211893,,6646459855996415186,13540703469899153362,PU #3,1,,,,,,,
1472913871211933,,6646459855996415186,13540703469899153363,PU #2,1,,,,,,,
1472913871211966,,6646459855996415186,13540703469899153364,PU #7,1,,,,,,,
1472913871212009,,6646459855996415186,13540703469899153365,PU #3,1,,,,,,,
1472913871212047,,6646459855996415186,13540703469899153366,PU #0,1,,,,,,,
1472913871212090,,6646459855996415186,13540703469899153367,PU #10,1,,,,,,,
1472913872555363,,999113558866422833,2521744366585763574,3544643591758153699,4,,,,,,,
1472913872643447,,999113558866422833,2521744366585763582,17707286483351613960,4,,,,,,,
1472913872700184,,999113558866422833,2264003087557435875,12728293783028477144,4,,,,,,,
1472913873172488,,999113558866422833,2521744366585763568,15920658921306322045,4,,,,,,,
1472913873283674,,999113558866422833,2521744366585763569,8709557632043634474,4,,,,,,,
1472913873293841,,999113558866422833,2521744366585763575,7199876940601124209,4,,,,,,,
1472913873402623,,999113558866422833,2521744366585763563,13985902860116431244,4,,,,,,,
1472913873641731,,999113558866422833,2521744366585763570,14302353196813480184,4,,,,,,,
1472913873813158,,999113558866422833,2521744366585763564,3196466423151196112,4,,,,,,,
1472913873872889,,999113558866422833,2521744366585763561,10565564586520261190,4,,,,,,,
1472913874590419,,999113558866422833,2521744366585763565,1095890505887186611,4,,,,,,,
1472913875194595,,4187729011673038126,15214896880935843826,,0,,,,,,,
1472913875194598,,4187729011673038126,16030855591582812288,,0,,,,,,,
1472913875194600,,4187729011673038126,16030855591582812289,,0,,,,,,,
1472913875194601,,4187729011673038126,16030855591582812302,,0,,,,,,,
1472913875194601,,4187729011673038126,16030855591582812303,,0,,,,,,,
1472913875194602,,4187729011673038126,16030855591582812300,,0,,,,,,,
1472913875194602,,4187729011673038126,16030855591582812301,,0,,,,,,,
1472913875194603,,4187729011673038126,16030855591582812298,,0,,,,,,,
1472913875194603,,4187729011673038126,16030855591582812299,,0,,,,,,,
1472913875194604,,4187729011673038126,16030855591582812296,,0,,,,,,,
1472913875194605,,4187729011673038126,16030855591582812297,,0,,,,,,,
1472913875194605,,4187729011673038126,16030855591582812278,,0,,,,,,,
1472913875194606,,4187729011673038126,16030855591582812279,,0,,,,,,,
1472913875194606,,4187729011673038126,16030855591582812276,,0,,,,,,,
1472913875194607,,4187729011673038126,16030855591582812277,,0,,,,,,,
1472913875194607,,4187729011673038126,16030855591582812274,,0,,,,,,,
1472913875215192,,4187729011673038126,16030855591582812302,PU #6,1,,,,,,,
1472913875215236,,4187729011673038126,16030855591582812288,PU #10,1,,,,,,,
1472913875215313,,4187729011673038126,15214896880935843826,PU #10,1,,,,,,,
1472913875215356,,4187729011673038126,16030855591582812289,PU #9,1,,,,,,,
1472913875215462,,4187729011673038126,16030855591582812303,PU #2,1,,,,,,,
1472913875215515,,4187729011673038126,16030855591582812301,PU #6,1,,,,,,,
1472913875215570,,4187729011673038126,16030855591582812299,PU #9,1,,,,,,,
1472913875215631,,4187729011673038126,16030855591582812300,PU #11,1,,,,,,,
1472913875215677,,4187729011673038126,16030855591582812296,PU #7,1,,,,,,,
1472913875215716,,4187729011673038126,16030855591582812298,PU #10,1,,,,,,,
1472913875215752,,4187729011673038126,16030855591582812297,PU #9,1,,,,,,,
1472913875215788,,4187729011673038126,16030855591582812278,PU #1,1,,,,,,,
1472913875215907,,4187729011673038126,16030855591582812279,PU #6,1,,,,,,,
1472913875215993,,4187729011673038126,16030855591582812276,PU #2,1,,,,,,,
1472913875216031,,4187729011673038126,16030855591582812277,PU #7,1,,,,,,,
1472913875216100,,4187729011673038126,16030855591582812274,PU #11,1,,,,,,,
1472913875371931,,13533243402880165674,13752185064994147886,9053312491887284931,4,,,,,,,
1472913875561683,,999113558866422833,2521744366585763562,2997059870161885313,4,,,,,,,
1472913876349018,,6646459855996415186,13540703469899153361,5703023292155827773,4,,,,,,,
1472913877012120,,6646459855996415186,13540703469899153363,16496069401970343120,4,,,,,,,
1472913877049779,,6646459855996415186,13540703469899153367,1792497519065774499,4,,,,,,,
1472913877062471,,6646459855996415186,13540703469899153366,14376944105375353583,4,,,,,,,
1472913877191633,,2467872150834414062,2635426044032942888,,0,,,,,,,
1472913877191635,,2467872150834414062,4804976839359192629,,0,,,,,,,
1472913877211011,,2467872150834414062,4804976839359192629,PU #0,1,,,,,,,
1472913877211062,,2467872150834414062,2635426044032942888,PU #1,1,,,,,,,
1472913877288334,,6646459855996415186,13540703469899153365,5259244566621687088,4,,,,,,,
1472913877579329,,6646459855996415186,13540703469899153364,17816259169061586227,4,,,,,,,
1472913877841175,,6646459855996415186,13540703469899153362,15777792779537549541,4,,,,,,,
1472913879192954,,15384601007564852295,6594512025822296663,,0,,,,,,,
1472913879192956,,15384601007564852295,1034108812157484939,,0,,,,,,,
1472913879192958,,15384601007564852295,1034108812157484938,,0,,,,,,,
1472913879192959,,15384601007564852295,1034108812157484937,,0,,,,,,,
1472913879192959,,15384601007564852295,1034108812157484936,,0,,,,,,,
1472913879192960,,15384601007564852295,1034108812157484935,,0,,,,,,,
1472913879192960,,15384601007564852295,1034108812157484934,,0,,,,,,,
1472913879192961,,15384601007564852295,1034108812157484933,,0,,,,,,,
1472913879213535,,15384601007564852295,1034108812157484936,PU #10,1,,,,,,,
1472913879213595,,15384601007564852295,1034108812157484937,PU #8,1,,,,,,,
1472913879213646,,15384601007564852295,1034108812157484939,PU #9,1,,,,,,,
1472913879213711,,15384601007564852295,1034108812157484935,PU #10,1,,,,,,,
1472913879213765,,15384601007564852295,1034108812157484934,PU #3,1,,,,,,,
1472913879213835,,15384601007564852295,6594512025822296663,PU #1,1,,,,,,,
1472913879213874,,15384601007564852295,1034108812157484938,PU #2,1,,,,,,,
1472913879217010,,15384601007564852295,1034108812157484933,PU #5,1,,,,,,,
1472913881005670,,4187729011673038126,16030855591582812279,1732732006999019066,4,,,,,,,
1472913881187298,,4187729011673038126,16030855591582812303,11303461661504787271,4,,,,,,,
1472913881197871,,4187729011673038126,16030855591582812288,4999932444799180998,4,,,,,,,
1472913881491277,,4187729011673038126,15214896880935843826,8124757549184404909,4,,,,,,,
1472913881609276,,4187729011673038126,16030855591582812302,226256904578572410,4,,,,,,,
1472913881796592,,4187729011673038126,16030855591582812289,15135273686779990004,4,,,,,,,
1472913882000887,,4187729011673038126,16030855591582812278,5043229967611942132,4,,,,,,,
1472913882182094,,4187729011673038126,16030855591582812299,3621118255120279422,4,,,,,,,
1472913882273920,,4187729011673038126,16030855591582812276,11870473981839186256,4,,,,,,,
1472913882316915,,4187729011673038126,16030855591582812298,5516936992123921626,4,,,,,,,
1472913882662107,,4187729011673038126,16030855591582812297,13017734695317968986,4,,,,,,,
1472913882779656,,4187729011673038126,16030855591582812277,14240424929944570918,4,,,,,,,
1472913882889120,,4187729011673038126,16030855591582812300,1405206693959234716,4,,,,,,,
1472913883194685,,9896246025945618513,354583056583709401,,0,,,,,,,
1472913883194690,,9896246025945618513,1094954755331407289,,0,,,,,,,
1472913883194690,,9896246025945618513,1094954755331407294,,0,,,,,,,
1472913883194692,,9896246025945618513,1094954755331407295,,0,,,,,,,
1472913883194692,,9896246025945618513,1094954755331407292,,0,,,,,,,
1472913883194693,,9896246025945618513,1094954755331407293,,0,,,,,,,
1472913883194694,,9896246025945618513,1094954755331407282,,0,,,,,,,
1472913883194694,,9896246025945618513,1094954755331407283,,0,,,,,,,
1472913883194695,,9896246025945618513,1094954755331407280,,0,,,,,,,
1472913883194698,,9896246025945618513,1094954755331407281,,0,,,,,,,
1472913883194698,,9896246025945618513,1094954755331407286,,0,,,,,,,
1472913883194699,,9896246025945618513,1094954755331407287,,0,,,,,,,
1472913883194699,,9896246025945618513,1094954755331407284,,0,,,,,,,
1472913883194700,,9896246025945618513,1094954755331407285,,0,,,,,,,
1472913883194700,,9896246025945618513,1094954755331407242,,0,,,,,,,
1472913883194701,,9896246025945618513,1094954755331407243,,0,,,,,,,
1472913883215749,,9896246025945618513,1094954755331407284,PU #1,1,,,,,,,
1472913883215961,,9896246025945618513,1094954755331407287,PU #6,1,,,,,,,
1472913883216050,,9896246025945618513,1094954755331407281,PU #4,1,,,,,,,
1472913883216137,,9896246025945618513,1094954755331407293,PU #4,1,,,,,,,
1472913883216210,,9896246025945618513,1094954755331407283,PU #2,1,,,,,,,
1472913883216278,,9896246025945618513,1094954755331407289,PU #11,1,,,,,,,
1472913883216342,,9896246025945618513,1094954755331407295,PU #1,1,,,,,,,
1472913883216418,,9896246025945618513,1094954755331407286,PU #11,1,,,,,,,
1472913883216512,,9896246025945618513,1094954755331407280,PU #9,1,,,,,,,
1472913883216581,,9896246025945618513,1094954755331407285,PU #9,1,,,,,,,
1472913883216622,,9896246025945618513,1094954755331407242,PU #11,1,,,,,,,
1472913883216716,,9896246025945618513,1094954755331407243,PU #9,1,,,,,,,
1472913883216797,,9896246025945618513,1094954755331407294,PU #2,1,,,,,,,
1472913883216911,,9896246025945618513,354583056583709401,PU #6,1,,,,,,,
1472913883217055,,9896246025945618513,1094954755331407282,PU #1,1,,,,,,,
1472913883217092,,9896246025945618513,1094954755331407292,PU #1,1,,,,,,,
1472913883298970,,4187729011673038126,16030855591582812274,15024271784691473482,4,,,,,,,
1472913883344494,,4187729011673038126,16030855591582812301,6669203512138478588,4,,,,,,,
1472913883719558,,2467872150834414062,4804976839359192629,938258312952676486,4,,,,,,,
1472913884412403,,15384601007564852295,1034108812157484939,3480663831405207196,4,,,,,,,
1472913884581406,,15384601007564852295,6594512025822296663,13794560484214501959,4,,,,,,,
1472913885191737,,727938353840064096,8979526089346932948,,0,,,,,,,
1472913885191740,,727938353840064096,10877617333814787963,,0,,,,,,,
1472913885213085,,727938353840064096,8979526089346932948,PU #0,1,,,,,,,
1472913885213151,,727938353840064096,10877617333814787963,PU #5,1,,,,,,,
1472913885339140,,15384601007564852295,1034108812157484934,5259244566621687088,4,,,,,,,
1472913885715215,,2467872150834414062,2635426044032942888,10190019964829034468,4,,,,,,,
1472913885764319,,15384601007564852295,1034108812157484938,16225253779770306696,4,,,,,,,
1472913887050929,,15384601007564852295,1034108812157484933,980052016105123682,4,,,,,,,
1472913887099402,,15384601007564852295,1034108812157484937,703319561096623764,4,,,,,,,
1472913887139093,,15384601007564852295,1034108812157484935,15445664506677349619,4,,,,,,,
1472913887193007,,3318411404299635402,4075541838023115854,,0,,,,,,,
1472913887193009,,3318411404299635402,13949894771310606579,,0,,,,,,,
1472913887193011,,3318411404299635402,13949894771310606578,,0,,,,,,,
1472913887193011,,3318411404299635402,13949894771310606589,,0,,,,,,,
1472913887193012,,3318411404299635402,13949894771310606588,,0,,,,,,,
1472913887193013,,3318411404299635402,13949894771310606591,,0,,,,,,,
1472913887193013,,3318411404299635402,13949894771310606590,,0,,,,,,,
1472913887193014,,3318411404299635402,13949894771310606585,,0,,,,,,,
1472913887211741,,3318411404299635402,4075541838023115854,PU #7,1,,,,,,,
1472913887211789,,3318411404299635402,13949894771310606579,PU #2,1,,,,,,,
1472913887211828,,3318411404299635402,13949894771310606578,PU #9,1,,,,,,,
1472913887211862,,3318411404299635402,13949894771310606589,PU #8,1,,,,,,,
1472913887215811,,3318411404299635402,13949894771310606590,PU #11,1,,,,,,,
1472913887216094,,3318411404299635402,13949894771310606585,PU #9,1,,,,,,,
1472913887216237,,3318411404299635402,13949894771310606588,PU #5,1,,,,,,,
1472913887216326,,3318411404299635402,13949894771310606591,PU #4,1,,,,,,,
1472913888638523,,9896246025945618513,1094954755331407286,10858460826978241813,4,,,,,,,
1472913888684618,,9896246025945618513,1094954755331407292,17369185670323018193,4,,,,,,,
1472913888716185,,9896246025945618513,1094954755331407280,7849175201308429929,4,,,,,,,
1472913889389878,,9896246025945618513,1094954755331407281,2781100962266056432,4,,,,,,,
1472913889405825,,9896246025945618513,1094954755331407284,16028208318471770020,4,,,,,,,
1472913889446340,,9896246025945618513,1094954755331407287,2158098549847998475,4,,,,,,,
1472913889514584,,9896246025945618513,1094954755331407289,1405206693959234716,4,,,,,,,
1472913889681697,,9896246025945618513,1094954755331407242,12460379842114343060,4,,,,,,,
1472913889985774,,9896246025945618513,1094954755331407283,385669334771756718,4,,,,,,,
1472913890037079,,9896246025945618513,1094954755331407285,8618896319653096782,4,,,,,,,
1472913890241222,,9896246025945618513,354583056583709401,4219938617272773989,4,,,,,,,
1472913890369284,,727938353840064096,8979526089346932948,10765325155971975255,4,,,,,,,
1472913890424554,,9896246025945618513,1094954755331407282,12676476111404952002,4,,,,,,,
1472913890427018,,9896246025945618513,1094954755331407294,14166014483846167229,4,,,,,,,
1472913890432449,,9896246025945618513,1094954755331407295,2436622550764643331,4,,,,,,,
1472913891092181,,9896246025945618513,1094954755331407243,3621118255120279422,4,,,,,,,
1472913891182071,,9896246025945618513,1094954755331407293,16128664823816738966,4,,,,,,,
1472913891194699,,13284246417836577658,10674796169714153110,,0,,,,,,,
1472913891194703,,13284246417836577658,18048289495206031448,,0,,,,,,,
1472913891194707,,13284246417836577658,18048289495206031449,,0,,,,,,,
1472913891194708,,13284246417836577658,18048289495206031430,,0,,,,,,,
1472913891194708,,13284246417836577658,18048289495206031431,,0,,,,,,,
1472913891194710,,13284246417836577658,18048289495206031428,,0,,,,,,,
1472913891194710,,13284246417836577658,18048289495206031429,,0,,,,,,,
1472913891194712,,13284246417836577658,18048289495206031426,,0,,,,,,,
1472913891194713,,13284246417836577658,18048289495206031427,,0,,,,,,,
1472913891194714,,13284246417836577658,18048289495206031424,,0,,,,,,,
1472913891194714,,13284246417836577658,18048289495206031425,,0,,,,,,,
1472913891194715,,13284246417836577658,18048289495206031438,,0,,,,,,,
1472913891194716,,13284246417836577658,18048289495206031439,,0,,,,,,,
1472913891194716,,13284246417836577658,18048289495206031436,,0,,,,,,,
1472913891194717,,13284246417836577658,18048289495206031437,,0,,,,,,,
1472913891194717,,13284246417836577658,18048289495206031434,,0,,,,,,,
1472913891215939,,13284246417836577658,18048289495206031438,PU #10,1,,,,,,,
1472913891215999,,13284246417836577658,18048289495206031431,PU #9,1,,,,,,,
1472913891216057,,13284246417836577658,18048289495206031439,PU #6,1,,,,,,,
1472913891216114,,13284246417836577658,18048289495206031429,PU #7,1,,,,,,,
1472913891216156,,13284246417836577658,18048289495206031428,PU #4,1,,,,,,,
1472913891216194,,13284246417836577658,18048289495206031449,PU #4,1,,,,,,,
1472913891216262,,13284246417836577658,18048289495206031424,PU #7,1,,,,,,,
1472913891216312,,13284246417836577658,18048289495206031425,PU #9,1,,,,,,,
1472913891216361,,13284246417836577658,18048289495206031436,PU #10,1,,,,,,,
1472913891216408,,13284246417836577658,18048289495206031434,PU #11,1,,,,,,,
1472913891216480,,13284246417836577658,18048289495206031427,PU #9,1,,,,,,,
1472913891216551,,13284246417836577658,18048289495206031430,PU #9,1,,,,,,,
1472913891216643,,13284246417836577658,10674796169714153110,PU #8,1,,,,,,,
1472913891216697,,13284246417836577658,18048289495206031426,PU #10,1,,,,,,,
1472913891216753,,13284246417836577658,18048289495206031437,PU #3,1,,,,,,,
1472913891216792,,13284246417836577658,18048289495206031448,PU #4,1,,,,,,,
1472913892162657,,3318411404299635402,13949894771310606591,3544643591758153699,4,,,,,,,
1472913892391294,,3318411404299635402,13949894771310606578,3480663831405207196,4,,,,,,,
1472913892638600,,3318411404299635402,13949894771310606579,16258599820211531736,4,,,,,,,
1472913892702953,,727938353840064096,10877617333814787963,5394505087920769274,4,,,,,,,
1472913892824713,,3318411404299635402,4075541838023115854,2537293293005110808,4,,,,,,,
1472913893394491,,3318411404299635402,13949894771310606585,17011189496625395045,4,,,,,,,
1472913893669132,,3318411404299635402,13949894771310606588,7834296379474709125,4,,,,,,,
1472913893869508,,3318411404299635402,13949894771310606590,18051836192190349360,4,,,,,,,
1472913894108878,,3318411404299635402,13949894771310606589,7839706403148766480,4,,,,,,,
1472913895657854,,13284246417836577658,18048289495206031437,11795577909610116775,4,,,,,,,
1472913896380755,,13284246417836577658,18048289495206031448,6094459979616030209,4,,,,,,,
1472913896464247,,13284246417836577658,18048289495206031436,4999932444799180998,4,,,,,,,
1472913896804562,,13284246417836577658,18048289495206031427,15135273686779990004,4,,,,,,,
1472913897045423,,13284246417836577658,18048289495206031439,6067198176019562895,4,,,,,,,
1472913897046148,,13284246417836577658,10674796169714153110,18357027331939276717,4,,,,,,,
1472913897136445,,13284246417836577658,18048289495206031430,16400913255896383680,4,,,,,,,
1472913897559905,,13284246417836577658,18048289495206031429,3196466423151196112,4,,,,,,,
1472913897706280,,13284246417836577658,18048289495206031425,13447469031811998792,4,,,,,,,
1472913897731822,,13284246417836577658,18048289495206031426,8124757549184404909,4,,,,,,,
1472913897811363,,13284246417836577658,18048289495206031428,2781100962266056432,4,,,,,,,
1472913897887053,,13284246417836577658,18048289495206031431,13017734695317968986,4,,,,,,,
1472913897967693,,13284246417836577658,18048289495206031438,7379342491797750406,4,,,,,,,
1472913898236693,,13284246417836577658,18048289495206031424,9788609934535380383,4,,,,,,,
1472913898558963,,13284246417836577658,18048289495206031449,4359099637834760721,4,,,,,,,
1472913898866077,,13284246417836577658,18048289495206031434,12460379842114343060,4,,,,,,,
