1473080882646710,,4510162566645315663,5198628003788652644,,0,,,,,,,
1473080883447105,,4510162566645315663,5198628003788652644,PU #8,1,,,,,,,
1473080882646712,,4510162566645315663,7675612576036545068,,0,,,,,,,
1473080883448372,,4510162566645315663,7675612576036545068,PU #11,1,,,,,,,
1473080884647137,,14427164321999583152,10864666725008521931,,0,,,,,,,
1473080885447464,,14427164321999583152,10864666725008521931,PU #4,1,,,,,,,
1473080884647135,,14427164321999583152,10864666725008521932,,0,,,,,,,
1473080885447643,,14427164321999583152,10864666725008521932,PU #3,1,,,,,,,
1473080884647136,,14427164321999583152,10864666725008521933,,0,,,,,,,
1473080885447809,,14427164321999583152,10864666725008521933,PU #0,1,,,,,,,
1473080884647134,,14427164321999583152,10864666725008521934,,0,,,,,,,
1473080885447934,,14427164321999583152,10864666725008521934,PU #10,1,,,,,,,
1473080884647132,,14427164321999583152,7893069434929423308,,0,,,,,,,
1473080885448079,,14427164321999583152,7893069434929423308,PU #7,1,,,,,,,
1473080884647135,,14427164321999583152,10864666725008521935,,0,,,,,,,
1473080885448203,,14427164321999583152,10864666725008521935,PU #8,1,,,,,,,
1473080884647137,,14427164321999583152,10864666725008521928,,0,,,,,,,
1473080885448328,,14427164321999583152,10864666725008521928,PU #3,1,,,,,,,
1473080884647136,,14427164321999583152,10864666725008521930,,0,,,,,,,
1473080885448486,,14427164321999583152,10864666725008521930,PU #6,1,,,,,,,
1473080889444584,,4510162566645315663,5198628003788652644,8709557632043634474,4,,,,,,,
1473080888648945,,15768975472269938236,15125602118127787887,,0,,,,,,,
1473080889449224,,15768975472269938236,15125602118127787887,PU #2,1,,,,,,,
1473080888648948,,15768975472269938236,15125602118127787894,,0,,,,,,,
1473080889449402,,15768975472269938236,15125602118127787894,PU #5,1,,,,,,,
1473080888648943,,15768975472269938236,15125602118127787872,,0,,,,,,,
1473080889449539,,15768975472269938236,15125602118127787872,PU #8,1,,,,,,,
1473080888648944,,15768975472269938236,15125602118127787873,,0,,,,,,,
1473080889449694,,15768975472269938236,15125602118127787873,PU #2,1,,,,,,,
1473080888648942,,15768975472269938236,15125602118127787874,,0,,,,,,,
1473080889449850,,15768975472269938236,15125602118127787874,PU #3,1,,,,,,,
1473080888648943,,15768975472269938236,15125602118127787875,,0,,,,,,,
1473080889449995,,15768975472269938236,15125602118127787875,PU #3,1,,,,,,,
1473080888648941,,15768975472269938236,15125602118127787876,,0,,,,,,,
1473080889450144,,15768975472269938236,15125602118127787876,PU #5,1,,,,,,,
1473080888648942,,15768975472269938236,15125602118127787877,,0,,,,,,,
1473080889450302,,15768975472269938236,15125602118127787877,PU #8,1,,,,,,,
1473080888648947,,15768975472269938236,15125602118127787880,,0,,,,,,,
1473080889450447,,15768975472269938236,15125602118127787880,PU #0,1,,,,,,,
1473080888648948,,15768975472269938236,15125602118127787881,,0,,,,,,,
1473080889450602,,15768975472269938236,15125602118127787881,PU #11,1,,,,,,,
1473080888648946,,15768975472269938236,15125602118127787882,,0,,,,,,,
1473080889450742,,15768975472269938236,15125602118127787882,PU #10,1,,,,,,,
1473080888648947,,15768975472269938236,15125602118127787883,,0,,,,,,,
1473080889452769,,15768975472269938236,15125602118127787883,PU #1,1,,,,,,,
1473080888648939,,15768975472269938236,2645099471231913700,,0,,,,,,,
1473080889453259,,15768975472269938236,2645099471231913700,PU #2,1,,,,,,,
1473080888648945,,15768975472269938236,15125602118127787884,,0,,,,,,,
1473080889453453,,15768975472269938236,15125602118127787884,PU #0,1,,,,,,,
1473080888648946,,15768975472269938236,15125602118127787885,,0,,,,,,,
1473080889453643,,15768975472269938236,15125602118127787885,PU #9,1,,,,,,,
1473080888648944,,15768975472269938236,15125602118127787886,,0,,,,,,,
1473080889453799,,15768975472269938236,15125602118127787886,PU #9,1,,,,,,,
1473080890279349,,4510162566645315663,7675612576036545068,18051836192190349360,4,,,,,,,
1473080890645929,,7116955413094619602,18417692224169462297,,0,,,,,,,
1473080891446236,,7116955413094619602,18417692224169462297,PU #8,1,,,,,,,
1473080890645927,,7116955413094619602,10970712832169319083,,0,,,,,,,
1473080891446408,,7116955413094619602,10970712832169319083,PU #4,1,,,,,,,
1473080891673099,,14427164321999583152,10864666725008521928,37428115284624567,4,,,,,,,
1473080892637247,,14427164321999583152,10864666725008521930,2158098549847998475,4,,,,,,,
1473080893396190,,14427164321999583152,10864666725008521935,9053312491887284931,4,,,,,,,
1473080892647079,,17760195752521712091,17007998988558823553,,0,,,,,,,
1473080893447380,,17760195752521712091,17007998988558823553,PU #6,1,,,,,,,
1473080892647078,,17760195752521712091,17007998988558823554,,0,,,,,,,
1473080893447570,,17760195752521712091,17007998988558823554,PU #6,1,,,,,,,
1473080892647076,,17760195752521712091,17007998988558823565,,0,,,,,,,
1473080893447727,,17760195752521712091,17007998988558823565,PU #11,1,,,,,,,
1473080892647078,,17760195752521712091,17007998988558823555,,0,,,,,,,
1473080893447899,,17760195752521712091,17007998988558823555,PU #7,1,,,,,,,
1473080892647075,,17760195752521712091,9466859440249242596,,0,,,,,,,
1473080893448102,,17760195752521712091,9466859440249242596,PU #3,1,,,,,,,
1473080892647080,,17760195752521712091,17007998988558823558,,0,,,,,,,
1473080893448260,,17760195752521712091,17007998988558823558,PU #3,1,,,,,,,
1473080892647081,,17760195752521712091,17007998988558823559,,0,,,,,,,
1473080893448406,,17760195752521712091,17007998988558823559,PU #5,1,,,,,,,
1473080892647079,,17760195752521712091,17007998988558823552,,0,,,,,,,
1473080893448549,,17760195752521712091,17007998988558823552,PU #4,1,,,,,,,
1473080894113468,,14427164321999583152,10864666725008521931,1095890505887186611,4,,,,,,,
1473080895076032,,14427164321999583152,10864666725008521932,8630346106144156926,4,,,,,,,
1473080895478020,,14427164321999583152,7893069434929423308,14240424929944570918,4,,,,,,,
1473080896601929,,15768975472269938236,2645099471231913700,3443811331229913715,4,,,,,,,
1473080896806616,,15768975472269938236,15125602118127787886,3621118255120279422,4,,,,,,,
1473080896816749,,15768975472269938236,15125602118127787883,5810355193749600435,4,,,,,,,
1473080897289420,,14427164321999583152,10864666725008521933,2709143838374946510,4,,,,,,,
1473080896648835,,9227916242944571354,3774780403559106661,,0,,,,,,,
1473080897449146,,9227916242944571354,3774780403559106661,PU #3,1,,,,,,,
1473080896648836,,9227916242944571354,3774780403559106662,,0,,,,,,,
1473080897449329,,9227916242944571354,3774780403559106662,PU #2,1,,,,,,,
1473080896648836,,9227916242944571354,3774780403559106663,,0,,,,,,,
1473080897449467,,9227916242944571354,3774780403559106663,PU #6,1,,,,,,,
1473080896648837,,9227916242944571354,3774780403559106664,,0,,,,,,,
1473080897449612,,9227916242944571354,3774780403559106664,PU #0,1,,,,,,,
1473080896648837,,9227916242944571354,3774780403559106665,,0,,,,,,,
1473080897449822,,9227916242944571354,3774780403559106665,PU #5,1,,,,,,,
1473080896648838,,9227916242944571354,3774780403559106666,,0,,,,,,,
1473080897449975,,9227916242944571354,3774780403559106666,PU #5,1,,,,,,,
1473080896648838,,9227916242944571354,3774780403559106667,,0,,,,,,,
1473080897450110,,9227916242944571354,3774780403559106667,PU #8,1,,,,,,,
1473080896648839,,9227916242944571354,3774780403559106668,,0,,,,,,,
1473080897450254,,9227916242944571354,3774780403559106668,PU #6,1,,,,,,,
1473080896648839,,9227916242944571354,3774780403559106669,,0,,,,,,,
1473080897450387,,9227916242944571354,3774780403559106669,PU #1,1,,,,,,,
1473080896648840,,9227916242944571354,3774780403559106670,,0,,,,,,,
1473080897450511,,9227916242944571354,3774780403559106670,PU #1,1,,,,,,,
1473080896648840,,9227916242944571354,3774780403559106671,,0,,,,,,,
1473080897450664,,9227916242944571354,3774780403559106671,PU #3,1,,,,,,,
1473080896648831,,9227916242944571354,12832623367174998920,,0,,,,,,,
1473080897450856,,9227916242944571354,12832623367174998920,PU #11,1,,,,,,,
1473080896648832,,9227916242944571354,3774780403559106656,,0,,,,,,,
1473080897451034,,9227916242944571354,3774780403559106656,PU #3,1,,,,,,,
1473080896648834,,9227916242944571354,3774780403559106658,,0,,,,,,,
1473080897451175,,9227916242944571354,3774780403559106658,PU #6,1,,,,,,,
1473080896648833,,9227916242944571354,3774780403559106659,,0,,,,,,,
1473080897451307,,9227916242944571354,3774780403559106659,PU #1,1,,,,,,,
1473080896648835,,9227916242944571354,3774780403559106660,,0,,,,,,,
1473080897451415,,9227916242944571354,3774780403559106660,PU #6,1,,,,,,,
1473080898123569,,7116955413094619602,10970712832169319083,16235727350845828058,4,,,,,,,
1473080898349371,,15768975472269938236,15125602118127787873,11003231472336175934,4,,,,,,,
1473080898484556,,15768975472269938236,15125602118127787882,15445664506677349619,4,,,,,,,
1473080898587885,,15768975472269938236,15125602118127787894,10271788448207049051,4,,,,,,,
1473080898704330,,7116955413094619602,18417692224169462297,8524144643652524573,4,,,,,,,
1473080898645869,,11564518893597354569,10723706305025682486,,0,,,,,,,
1473080899446154,,11564518893597354569,10723706305025682486,PU #4,1,,,,,,,
1473080898645871,,11564518893597354569,9416041782641657627,,0,,,,,,,
1473080899446289,,11564518893597354569,9416041782641657627,PU #0,1,,,,,,,
1473080899457444,,15768975472269938236,15125602118127787881,18219205717424622317,4,,,,,,,
1473080900607664,,17760195752521712091,17007998988558823553,1732732006999019066,4,,,,,,,
1473080900651059,,17760195752521712091,17007998988558823554,4219938617272773989,4,,,,,,,
1473080900897933,,17760195752521712091,17007998988558823559,8116390004242581169,4,,,,,,,
1473080900647106,,8285009852120210886,13333680593888175125,,0,,,,,,,
1473080901447410,,8285009852120210886,13333680593888175125,PU #11,1,,,,,,,
1473080900647109,,8285009852120210886,13333680593888175126,,0,,,,,,,
1473080901447606,,8285009852120210886,13333680593888175126,PU #9,1,,,,,,,
1473080900647108,,8285009852120210886,13333680593888175127,,0,,,,,,,
1473080901447785,,8285009852120210886,13333680593888175127,PU #0,1,,,,,,,
1473080900647110,,8285009852120210886,13333680593888175120,,0,,,,,,,
1473080901447968,,8285009852120210886,13333680593888175120,PU #8,1,,,,,,,
1473080900647104,,8285009852120210886,6719940525079354095,,0,,,,,,,
1473080901448131,,8285009852120210886,6719940525079354095,PU #5,1,,,,,,,
1473080900647109,,8285009852120210886,13333680593888175121,,0,,,,,,,
1473080901448302,,8285009852120210886,13333680593888175121,PU #7,1,,,,,,,
1473080900647110,,8285009852120210886,13333680593888175123,,0,,,,,,,
1473080901448444,,8285009852120210886,13333680593888175123,PU #3,1,,,,,,,
1473080900647107,,8285009852120210886,13333680593888175124,,0,,,,,,,
1473080901448586,,8285009852120210886,13333680593888175124,PU #8,1,,,,,,,
1473080901830998,,9227916242944571354,3774780403559106664,2709143838374946510,4,,,,,,,
1473080901995762,,17760195752521712091,9466859440249242596,11532006900194855855,4,,,,,,,
1473080903671640,,15768975472269938236,15125602118127787875,7529481235092036757,4,,,,,,,
1473080905250139,,9227916242944571354,12832623367174998920,8124402473565275432,4,,,,,,,
1473080905444114,,9227916242944571354,3774780403559106668,10799470549593697952,4,,,,,,,
1473080904648743,,6250349529149059189,16837323535648980627,,0,,,,,,,
1473080905449040,,6250349529149059189,16837323535648980627,PU #7,1,,,,,,,
1473080904648744,,6250349529149059189,16837323535648980628,,0,,,,,,,
1473080905449201,,6250349529149059189,16837323535648980628,PU #6,1,,,,,,,
1473080904648744,,6250349529149059189,16837323535648980629,,0,,,,,,,
1473080905449331,,6250349529149059189,16837323535648980629,PU #1,1,,,,,,,
1473080904648745,,6250349529149059189,16837323535648980630,,0,,,,,,,
1473080905449479,,6250349529149059189,16837323535648980630,PU #6,1,,,,,,,
1473080904648745,,6250349529149059189,16837323535648980631,,0,,,,,,,
1473080905449623,,6250349529149059189,16837323535648980631,PU #9,1,,,,,,,
1473080904648737,,6250349529149059189,16837323535648980616,,0,,,,,,,
1473080905449761,,6250349529149059189,16837323535648980616,PU #2,1,,,,,,,
1473080904648738,,6250349529149059189,16837323535648980618,,0,,,,,,,
1473080905449904,,6250349529149059189,16837323535648980618,PU #6,1,,,,,,,
1473080904648738,,6250349529149059189,16837323535648980619,,0,,,,,,,
1473080905450037,,6250349529149059189,16837323535648980619,PU #5,1,,,,,,,
1473080904648740,,6250349529149059189,16837323535648980620,,0,,,,,,,
1473080905450192,,6250349529149059189,16837323535648980620,PU #4,1,,,,,,,
1473080904648739,,6250349529149059189,16837323535648980621,,0,,,,,,,
1473080905450318,,6250349529149059189,16837323535648980621,PU #4,1,,,,,,,
1473080904648741,,6250349529149059189,16837323535648980622,,0,,,,,,,
1473080905450446,,6250349529149059189,16837323535648980622,PU #2,1,,,,,,,
1473080904648735,,6250349529149059189,3243496152900521284,,0,,,,,,,
1473080905450622,,6250349529149059189,3243496152900521284,PU #7,1,,,,,,,
1473080904648740,,6250349529149059189,16837323535648980623,,0,,,,,,,
1473080905450757,,6250349529149059189,16837323535648980623,PU #10,1,,,,,,,
1473080904648742,,6250349529149059189,16837323535648980624,,0,,,,,,,
1473080905450892,,6250349529149059189,16837323535648980624,PU #1,1,,,,,,,
1473080904648741,,6250349529149059189,16837323535648980625,,0,,,,,,,
1473080905451023,,6250349529149059189,16837323535648980625,PU #7,1,,,,,,,
1473080904648743,,6250349529149059189,16837323535648980626,,0,,,,,,,
1473080905451193,,6250349529149059189,16837323535648980626,PU #7,1,,,,,,,
1473080905701657,,15768975472269938236,15125602118127787885,906025556471407988,4,,,,,,,
1473080905922546,,9227916242944571354,3774780403559106669,2436622550764643331,4,,,,,,,
1473080905958673,,17760195752521712091,17007998988558823565,15100237051223934800,4,,,,,,,
1473080905959091,,11564518893597354569,10723706305025682486,16128664823816738966,4,,,,,,,
1473080906119944,,9227916242944571354,3774780403559106656,10279751198766334013,4,,,,,,,
1473080906791268,,9227916242944571354,3774780403559106663,9289075733572733394,4,,,,,,,
1473080907056395,,15768975472269938236,15125602118127787877,1194854581113672434,4,,,,,,,
1473080907405788,,17760195752521712091,17007998988558823555,15800194128596331438,4,,,,,,,
1473080906645863,,13872242931379262637,3807618784005711345,,0,,,,,,,
1473080907446175,,13872242931379262637,3807618784005711345,PU #5,1,,,,,,,
1473080906645861,,13872242931379262637,9879730582417270672,,0,,,,,,,
1473080907446308,,13872242931379262637,9879730582417270672,PU #9,1,,,,,,,
1473080907889793,,9227916242944571354,3774780403559106665,3165167876158196256,4,,,,,,,
1473080908027351,,9227916242944571354,3774780403559106660,17736793265287668624,4,,,,,,,
1473080909335365,,15768975472269938236,15125602118127787887,2096433030540452871,4,,,,,,,
1473080908647019,,3634103101474034711,7992495900324744611,,0,,,,,,,
1473080909447303,,3634103101474034711,7992495900324744611,PU #3,1,,,,,,,
1473080908647014,,3634103101474034711,7992495900324744637,,0,,,,,,,
1473080909447441,,3634103101474034711,7992495900324744637,PU #5,1,,,,,,,
1473080908647013,,3634103101474034711,12778985751293823802,,0,,,,,,,
1473080909447626,,3634103101474034711,12778985751293823802,PU #4,1,,,,,,,
1473080908647016,,3634103101474034711,7992495900324744638,,0,,,,,,,
1473080909447786,,3634103101474034711,7992495900324744638,PU #3,1,,,,,,,
1473080908647016,,3634103101474034711,7992495900324744639,,0,,,,,,,
1473080909447930,,3634103101474034711,7992495900324744639,PU #1,1,,,,,,,
1473080908647017,,3634103101474034711,7992495900324744608,,0,,,,,,,
1473080909449817,,3634103101474034711,7992495900324744608,PU #8,1,,,,,,,
1473080908647017,,3634103101474034711,7992495900324744609,,0,,,,,,,
1473080909450288,,3634103101474034711,7992495900324744609,PU #10,1,,,,,,,
1473080908647018,,3634103101474034711,7992495900324744610,,0,,,,,,,
1473080909451953,,3634103101474034711,7992495900324744610,PU #4,1,,,,,,,
1473080909562343,,6250349529149059189,16837323535648980625,17816259169061586227,4,,,,,,,
1473080909591269,,8285009852120210886,13333680593888175121,2477456734015409495,4,,,,,,,
1473080909840043,,8285009852120210886,13333680593888175126,17011189496625395045,4,,,,,,,
1473080909856444,,8285009852120210886,13333680593888175127,11666615854676652007,4,,,,,,,
1473080910630390,,8285009852120210886,13333680593888175125,1671513869473439811,4,,,,,,,
1473080911293134,,8285009852120210886,13333680593888175120,4782565633263894630,4,,,,,,,
1473080912086623,,9227916242944571354,3774780403559106662,6294944918638801722,4,,,,,,,
1473080912924721,,6250349529149059189,16837323535648980629,12852228531220481488,4,,,,,,,
1473080913103406,,6250349529149059189,16837323535648980616,7199876940601124209,4,,,,,,,
1473080913155341,,13872242931379262637,9879730582417270672,8783068781425628900,4,,,,,,,
1473080912649213,,2218673191919558771,15257043297875380320,,0,,,,,,,
1473080913449675,,2218673191919558771,15257043297875380320,PU #2,1,,,,,,,
1473080912649214,,2218673191919558771,15257043297875380321,,0,,,,,,,
1473080913449908,,2218673191919558771,15257043297875380321,PU #2,1,,,,,,,
1473080912649214,,2218673191919558771,15257043297875380322,,0,,,,,,,
1473080913450086,,2218673191919558771,15257043297875380322,PU #6,1,,,,,,,
1473080912649209,,2218673191919558771,15257043297875380324,,0,,,,,,,
1473080913450326,,2218673191919558771,15257043297875380324,PU #3,1,,,,,,,
1473080912649210,,2218673191919558771,15257043297875380325,,0,,,,,,,
1473080913450517,,2218673191919558771,15257043297875380325,PU #1,1,,,,,,,
1473080912649210,,2218673191919558771,15257043297875380326,,0,,,,,,,
1473080913450744,,2218673191919558771,15257043297875380326,PU #4,1,,,,,,,
1473080912649197,,2218673191919558771,4000486285316103821,,0,,,,,,,
1473080913450973,,2218673191919558771,4000486285316103821,PU #0,1,,,,,,,
1473080912649212,,2218673191919558771,15257043297875380327,,0,,,,,,,
1473080913451228,,2218673191919558771,15257043297875380327,PU #3,1,,,,,,,
1473080912649206,,2218673191919558771,15257043297875380328,,0,,,,,,,
1473080913451426,,2218673191919558771,15257043297875380328,PU #5,1,,,,,,,
1473080912649207,,2218673191919558771,15257043297875380329,,0,,,,,,,
1473080913451646,,2218673191919558771,15257043297875380329,PU #6,1,,,,,,,
1473080912649207,,2218673191919558771,15257043297875380330,,0,,,,,,,
1473080913451826,,2218673191919558771,15257043297875380330,PU #1,1,,,,,,,
1473080912649208,,2218673191919558771,15257043297875380331,,0,,,,,,,
1473080913452007,,2218673191919558771,15257043297875380331,PU #2,1,,,,,,,
1473080912649202,,2218673191919558771,15257043297875380332,,0,,,,,,,
1473080913452197,,2218673191919558771,15257043297875380332,PU #9,1,,,,,,,
1473080912649203,,2218673191919558771,15257043297875380333,,0,,,,,,,
1473080913452420,,2218673191919558771,15257043297875380333,PU #2,1,,,,,,,
1473080912649204,,2218673191919558771,15257043297875380334,,0,,,,,,,
1473080913452613,,2218673191919558771,15257043297875380334,PU #4,1,,,,,,,
1473080912649205,,2218673191919558771,15257043297875380335,,0,,,,,,,
1473080913452777,,2218673191919558771,15257043297875380335,PU #1,1,,,,,,,
1473080913516428,,6250349529149059189,16837323535648980631,18397038114275363129,4,,,,,,,
1473080913522835,,8285009852120210886,6719940525079354095,11345873810609397285,4,,,,,,,
1473080913600953,,6250349529149059189,16837323535648980624,5108068219828989055,4,,,,,,,
1473080913879882,,6250349529149059189,3243496152900521284,8780601210072238370,4,,,,,,,
1473080913993004,,6250349529149059189,16837323535648980618,1484233998206370020,4,,,,,,,
1473080914718534,,6250349529149059189,16837323535648980621,3544643591758153699,4,,,,,,,
1473080914801100,,6250349529149059189,16837323535648980623,6813758942147195797,4,,,,,,,
1473080915213474,,6250349529149059189,16837323535648980619,16104433161137600677,4,,,,,,,
1473080914645999,,10661997137884044842,5542033037285218853,,0,,,,,,,
1473080915446401,,10661997137884044842,5542033037285218853,PU #5,1,,,,,,,
1473080914646001,,10661997137884044842,18283152466336945439,,0,,,,,,,
1473080915446633,,10661997137884044842,18283152466336945439,PU #4,1,,,,,,,
1473080915519857,,9227916242944571354,3774780403559106659,13333423372283111872,4,,,,,,,
1473080916758589,,8285009852120210886,13333680593888175123,13244780307630691482,4,,,,,,,
1473080916780170,,9227916242944571354,3774780403559106671,601339416012259820,4,,,,,,,
1473080916647067,,7704206847477911211,3638553233027358669,,0,,,,,,,
1473080917447404,,7704206847477911211,3638553233027358669,PU #3,1,,,,,,,
1473080916647073,,7704206847477911211,11185889588672147880,,0,,,,,,,
1473080917447558,,7704206847477911211,11185889588672147880,PU #1,1,,,,,,,
1473080916647074,,7704206847477911211,11185889588672147881,,0,,,,,,,
1473080917447698,,7704206847477911211,11185889588672147881,PU #3,1,,,,,,,
1473080916647072,,7704206847477911211,11185889588672147882,,0,,,,,,,
1473080917447844,,7704206847477911211,11185889588672147882,PU #9,1,,,,,,,
1473080916647074,,7704206847477911211,11185889588672147894,,0,,,,,,,
1473080917447971,,7704206847477911211,11185889588672147894,PU #7,1,,,,,,,
1473080916647073,,7704206847477911211,11185889588672147883,,0,,,,,,,
1473080917448125,,7704206847477911211,11185889588672147883,PU #2,1,,,,,,,
1473080916647069,,7704206847477911211,11185889588672147884,,0,,,,,,,
1473080917448253,,7704206847477911211,11185889588672147884,PU #11,1,,,,,,,
1473080916647071,,7704206847477911211,11185889588672147885,,0,,,,,,,
1473080917448393,,7704206847477911211,11185889588672147885,PU #3,1,,,,,,,
1473080917493780,,3634103101474034711,7992495900324744611,37428115284624567,4,,,,,,,
1473080918479418,,3634103101474034711,7992495900324744608,10523453925400090122,4,,,,,,,
1473080919312087,,6250349529149059189,16837323535648980622,15620687430451106667,4,,,,,,,
1473080919365385,,3634103101474034711,7992495900324744610,13725848448056813429,4,,,,,,,
1473080919682210,,3634103101474034711,7992495900324744639,10190019964829034468,4,,,,,,,
1473080920198890,,3634103101474034711,7992495900324744609,14302353196813480184,4,,,,,,,
1473080920472915,,2218673191919558771,15257043297875380334,9840361996135650556,4,,,,,,,
1473080921091338,,2218673191919558771,15257043297875380324,1743817022042848721,4,,,,,,,
1473080921270532,,2218673191919558771,15257043297875380320,11303461661504787271,4,,,,,,,
1473080920648784,,3914898760690950851,7063708877602160143,,0,,,,,,,
1473080921449087,,3914898760690950851,7063708877602160143,PU #2,1,,,,,,,
1473080920648784,,3914898760690950851,7063708877602160128,,0,,,,,,,
1473080921449277,,3914898760690950851,7063708877602160128,PU #11,1,,,,,,,
1473080920648779,,3914898760690950851,7063708877602160152,,0,,,,,,,
1473080921449415,,3914898760690950851,7063708877602160152,PU #1,1,,,,,,,
1473080920648783,,3914898760690950851,7063708877602160129,,0,,,,,,,
1473080921449545,,3914898760690950851,7063708877602160129,PU #7,1,,,,,,,
1473080920648778,,3914898760690950851,7063708877602160153,,0,,,,,,,
1473080921449732,,3914898760690950851,7063708877602160153,PU #0,1,,,,,,,
1473080920648783,,3914898760690950851,7063708877602160130,,0,,,,,,,
1473080921449983,,3914898760690950851,7063708877602160130,PU #0,1,,,,,,,
1473080920648782,,3914898760690950851,7063708877602160131,,0,,,,,,,
1473080921450173,,3914898760690950851,7063708877602160131,PU #6,1,,,,,,,
1473080920648782,,3914898760690950851,7063708877602160132,,0,,,,,,,
1473080921450301,,3914898760690950851,7063708877602160132,PU #0,1,,,,,,,
1473080920648781,,3914898760690950851,7063708877602160133,,0,,,,,,,
1473080921450446,,3914898760690950851,7063708877602160133,PU #11,1,,,,,,,
1473080920648781,,3914898760690950851,7063708877602160134,,0,,,,,,,
1473080921450569,,3914898760690950851,7063708877602160134,PU #0,1,,,,,,,
1473080920648780,,3914898760690950851,7063708877602160135,,0,,,,,,,
1473080921450836,,3914898760690950851,7063708877602160135,PU #3,1,,,,,,,
1473080920648786,,3914898760690950851,7063708877602160139,,0,,,,,,,
1473080921452676,,3914898760690950851,7063708877602160139,PU #10,1,,,,,,,
1473080920648786,,3914898760690950851,7063708877602160140,,0,,,,,,,
1473080921453283,,3914898760690950851,7063708877602160140,PU #7,1,,,,,,,
1473080920648785,,3914898760690950851,7063708877602160141,,0,,,,,,,
1473080921453481,,3914898760690950851,7063708877602160141,PU #10,1,,,,,,,
1473080920648777,,3914898760690950851,7318409564290224360,,0,,,,,,,
1473080921453698,,3914898760690950851,7318409564290224360,PU #11,1,,,,,,,
1473080920648785,,3914898760690950851,7063708877602160142,,0,,,,,,,
1473080921453824,,3914898760690950851,7063708877602160142,PU #2,1,,,,,,,
1473080922170611,,2218673191919558771,15257043297875380332,2140571017597925379,4,,,,,,,
1473080922503095,,2218673191919558771,15257043297875380327,11532006900194855855,4,,,,,,,
1473080922544576,,8285009852120210886,13333680593888175124,13039987883140361779,4,,,,,,,
1473080922646394,,2218673191919558771,15257043297875380329,8375227504753369829,4,,,,,,,
1473080922714992,,2218673191919558771,15257043297875380328,7970000041601888935,4,,,,,,,
1473080922646018,,3084558557943416045,3102090987084924827,,0,,,,,,,
1473080923446435,,3084558557943416045,3102090987084924827,PU #10,1,,,,,,,
1473080922646021,,3084558557943416045,15618941657761170768,,0,,,,,,,
1473080923446673,,3084558557943416045,15618941657761170768,PU #5,1,,,,,,,
1473080923492102,,6250349529149059189,16837323535648980626,12204778727992707733,4,,,,,,,
1473080923927652,,2218673191919558771,15257043297875380322,10799470549593697952,4,,,,,,,
1473080924168371,,7704206847477911211,11185889588672147883,16496069401970343120,4,,,,,,,
1473080925040676,,3634103101474034711,12778985751293823802,10827923422662194887,4,,,,,,,
1473080924647113,,13838250962279636971,17999452938818586182,,0,,,,,,,
1473080925447423,,13838250962279636971,17999452938818586182,PU #5,1,,,,,,,
1473080924647116,,13838250962279636971,17999452938818586183,,0,,,,,,,
1473080925447573,,13838250962279636971,17999452938818586183,PU #4,1,,,,,,,
1473080924647111,,13838250962279636971,7821313463692759143,,0,,,,,,,
1473080925447758,,13838250962279636971,7821313463692759143,PU #10,1,,,,,,,
1473080924647116,,13838250962279636971,17999452938818586176,,0,,,,,,,
1473080925447910,,13838250962279636971,17999452938818586176,PU #11,1,,,,,,,
1473080924647119,,13838250962279636971,17999452938818586188,,0,,,,,,,
1473080925448079,,13838250962279636971,17999452938818586188,PU #5,1,,,,,,,
1473080924647117,,13838250962279636971,17999452938818586177,,0,,,,,,,
1473080925448236,,13838250962279636971,17999452938818586177,PU #5,1,,,,,,,
1473080924647117,,13838250962279636971,17999452938818586178,,0,,,,,,,
1473080925448371,,13838250962279636971,17999452938818586178,PU #1,1,,,,,,,
1473080924647118,,13838250962279636971,17999452938818586179,,0,,,,,,,
1473080925448492,,13838250962279636971,17999452938818586179,PU #8,1,,,,,,,
1473080925635835,,7704206847477911211,11185889588672147884,5568701348671103665,4,,,,,,,
1473080926027995,,10661997137884044842,5542033037285218853,8682439329445740681,4,,,,,,,
1473080926118894,,6250349529149059189,16837323535648980630,15573022927344196655,4,,,,,,,
1473080927270722,,3914898760690950851,7063708877602160143,11303461661504787271,4,,,,,,,
1473080928724466,,7704206847477911211,11185889588672147894,6069122973187132996,4,,,,,,,
1473080928751697,,3914898760690950851,7063708877602160142,7199876940601124209,4,,,,,,,
1473080929408588,,3914898760690950851,7063708877602160140,16520250975403001349,4,,,,,,,
1473080928648738,,15649176537904920696,14466306371446881758,,0,,,,,,,
1473080929449036,,15649176537904920696,14466306371446881758,PU #11,1,,,,,,,
1473080928648737,,15649176537904920696,14466306371446881759,,0,,,,,,,
1473080929449169,,15649176537904920696,14466306371446881759,PU #8,1,,,,,,,
1473080928648743,,15649176537904920696,14466306371446881744,,0,,,,,,,
1473080929449304,,15649176537904920696,14466306371446881744,PU #8,1,,,,,,,
1473080928648743,,15649176537904920696,14466306371446881745,,0,,,,,,,
1473080929449451,,15649176537904920696,14466306371446881745,PU #2,1,,,,,,,
1473080928648744,,15649176537904920696,14466306371446881747,,0,,,,,,,
1473080929449584,,15649176537904920696,14466306371446881747,PU #11,1,,,,,,,
1473080928648741,,15649176537904920696,14466306371446881748,,0,,,,,,,
1473080929449697,,15649176537904920696,14466306371446881748,PU #6,1,,,,,,,
1473080928648741,,15649176537904920696,14466306371446881749,,0,,,,,,,
1473080929449820,,15649176537904920696,14466306371446881749,PU #10,1,,,,,,,
1473080928648742,,15649176537904920696,14466306371446881750,,0,,,,,,,
1473080929449939,,15649176537904920696,14466306371446881750,PU #1,1,,,,,,,
1473080928648742,,15649176537904920696,14466306371446881751,,0,,,,,,,
1473080929450057,,15649176537904920696,14466306371446881751,PU #4,1,,,,,,,
1473080928648733,,15649176537904920696,3095072451801980859,,0,,,,,,,
1473080929450242,,15649176537904920696,3095072451801980859,PU #7,1,,,,,,,
1473080928648739,,15649176537904920696,14466306371446881752,,0,,,,,,,
1473080929450395,,15649176537904920696,14466306371446881752,PU #6,1,,,,,,,
1473080928648738,,15649176537904920696,14466306371446881753,,0,,,,,,,
1473080929450521,,15649176537904920696,14466306371446881753,PU #4,1,,,,,,,
1473080928648740,,15649176537904920696,14466306371446881754,,0,,,,,,,
1473080929450644,,15649176537904920696,14466306371446881754,PU #9,1,,,,,,,
1473080928648739,,15649176537904920696,14466306371446881755,,0,,,,,,,
1473080929450776,,15649176537904920696,14466306371446881755,PU #3,1,,,,,,,
1473080928648737,,15649176537904920696,14466306371446881756,,0,,,,,,,
1473080929450949,,15649176537904920696,14466306371446881756,PU #1,1,,,,,,,
1473080928648735,,15649176537904920696,14466306371446881757,,0,,,,,,,
1473080929451100,,15649176537904920696,14466306371446881757,PU #1,1,,,,,,,
1473080929507097,,2218673191919558771,4000486285316103821,18139937873059470368,4,,,,,,,
1473080929748186,,3914898760690950851,7063708877602160128,10858460826978241813,4,,,,,,,
1473080930339910,,3914898760690950851,7063708877602160132,11032170776854082651,4,,,,,,,
1473080930489325,,2218673191919558771,15257043297875380321,11870473981839186256,4,,,,,,,
1473080930519944,,2218673191919558771,15257043297875380333,2096433030540452871,4,,,,,,,
1473080930616888,,3634103101474034711,7992495900324744638,17950505822994386962,4,,,,,,,
1473080930737371,,7704206847477911211,3638553233027358669,8630346106144156926,4,,,,,,,
1473080930795914,,3914898760690950851,7063708877602160130,9049740698325146129,4,,,,,,,
1473080930974391,,3084558557943416045,15618941657761170768,12837175779377048704,4,,,,,,,
1473080931088416,,3914898760690950851,7063708877602160152,6464439403077693458,4,,,,,,,
1473080931292034,,3084558557943416045,3102090987084924827,8124757549184404909,4,,,,,,,
1473080930645885,,3763471827439441840,1556338476732134075,,0,,,,,,,
1473080931446174,,3763471827439441840,1556338476732134075,PU #6,1,,,,,,,
1473080930645883,,3763471827439441840,10513657170332173772,,0,,,,,,,
1473080931448089,,3763471827439441840,10513657170332173772,PU #6,1,,,,,,,
1473080931738799,,3914898760690950851,7063708877602160141,16418008010490895386,4,,,,,,,
1473080931895494,,3914898760690950851,7318409564290224360,18219205717424622317,4,,,,,,,
1473080932089822,,2218673191919558771,15257043297875380335,1317014969351242130,4,,,,,,,
1473080932821958,,7704206847477911211,11185889588672147881,15374814100806993780,4,,,,,,,
1473080932905661,,2218673191919558771,15257043297875380326,4359099637834760721,4,,,,,,,
1473080933060273,,13838250962279636971,17999452938818586182,3090027667011811656,4,,,,,,,
1473080933275627,,3914898760690950851,7063708877602160133,5703023292155827773,4,,,,,,,
1473080932647100,,2359504754829123484,4878392893627877152,,0,,,,,,,
1473080933447426,,2359504754829123484,4878392893627877152,PU #5,1,,,,,,,
1473080932647098,,2359504754829123484,4878392893627877153,,0,,,,,,,
1473080933447560,,2359504754829123484,4878392893627877153,PU #9,1,,,,,,,
1473080932647101,,2359504754829123484,4878392893627877154,,0,,,,,,,
1473080933450092,,2359504754829123484,4878392893627877154,PU #4,1,,,,,,,
1473080932647100,,2359504754829123484,4878392893627877155,,0,,,,,,,
1473080933450537,,2359504754829123484,4878392893627877155,PU #2,1,,,,,,,
1473080932647102,,2359504754829123484,4878392893627877180,,0,,,,,,,
1473080933450739,,2359504754829123484,4878392893627877180,PU #3,1,,,,,,,
1473080932647102,,2359504754829123484,4878392893627877181,,0,,,,,,,
1473080933450933,,2359504754829123484,4878392893627877181,PU #7,1,,,,,,,
1473080932647103,,2359504754829123484,4878392893627877183,,0,,,,,,,
1473080933451066,,2359504754829123484,4878392893627877183,PU #11,1,,,,,,,
1473080932647095,,2359504754829123484,13902580025216557498,,0,,,,,,,
1473080933452762,,2359504754829123484,13902580025216557498,PU #1,1,,,,,,,
1473080933620237,,3914898760690950851,7063708877602160129,12624326921316228599,4,,,,,,,
1473080933715930,,7704206847477911211,11185889588672147882,906025556471407988,4,,,,,,,
1473080933982302,,3914898760690950851,7063708877602160135,11258693832838534255,4,,,,,,,
1473080934147025,,2218673191919558771,15257043297875380325,942064182724729618,4,,,,,,,
1473080934359276,,3914898760690950851,7063708877602160131,7277157775948672467,4,,,,,,,
1473080934439755,,15649176537904920696,14466306371446881755,15016062328757266316,4,,,,,,,
1473080934575184,,17760195752521712091,17007998988558823558,17914410777549336792,4,,,,,,,
1473080934662100,,7704206847477911211,11185889588672147880,15247786840751950142,4,,,,,,,
1473080935064579,,13838250962279636971,17999452938818586176,14195863767149723993,4,,,,,,,
1473080935236293,,13838250962279636971,17999452938818586183,17019520688454287513,4,,,,,,,
1473080935641103,,3914898760690950851,7063708877602160139,4832496988651714486,4,,,,,,,
1473080935962773,,13838250962279636971,7821313463692759143,6813758942147195797,4,,,,,,,
1473080935977212,,15649176537904920696,3095072451801980859,12050253518212834318,4,,,,,,,
1473080936043094,,13838250962279636971,17999452938818586179,5953543772618772067,4,,,,,,,
1473080936285043,,15649176537904920696,14466306371446881757,13917327298420997210,4,,,,,,,
1473080936821985,,15649176537904920696,14466306371446881758,11633343505245590058,4,,,,,,,
1473080937300353,,15649176537904920696,14466306371446881749,6632285673723748094,4,,,,,,,
1473080937352235,,2359504754829123484,4878392893627877155,14146323848397550472,4,,,,,,,
1473080936648815,,16813444234728160412,11193285163854750770,,0,,,,,,,
1473080937449154,,16813444234728160412,11193285163854750770,PU #5,1,,,,,,,
1473080936648816,,16813444234728160412,11193285163854750771,,0,,,,,,,
1473080937449407,,16813444234728160412,11193285163854750771,PU #3,1,,,,,,,
1473080936648824,,16813444234728160412,11193285163854750752,,0,,,,,,,
1473080937449535,,16813444234728160412,11193285163854750752,PU #6,1,,,,,,,
1473080936648818,,16813444234728160412,11193285163854750776,,0,,,,,,,
1473080937449738,,16813444234728160412,11193285163854750776,PU #10,1,,,,,,,
1473080936648819,,16813444234728160412,11193285163854750777,,0,,,,,,,
1473080937449873,,16813444234728160412,11193285163854750777,PU #0,1,,,,,,,
1473080936648820,,16813444234728160412,11193285163854750778,,0,,,,,,,
1473080937450010,,16813444234728160412,11193285163854750778,PU #8,1,,,,,,,
1473080936648822,,16813444234728160412,11193285163854750756,,0,,,,,,,
1473080937450169,,16813444234728160412,11193285163854750756,PU #11,1,,,,,,,
1473080936648821,,16813444234728160412,11193285163854750779,,0,,,,,,,
1473080937450331,,16813444234728160412,11193285163854750779,PU #4,1,,,,,,,
1473080936648823,,16813444234728160412,11193285163854750757,,0,,,,,,,
1473080937450495,,16813444234728160412,11193285163854750757,PU #5,1,,,,,,,
1473080936648816,,16813444234728160412,11193285163854750780,,0,,,,,,,
1473080937452428,,16813444234728160412,11193285163854750780,PU #7,1,,,,,,,
1473080936648823,,16813444234728160412,11193285163854750758,,0,,,,,,,
1473080937452746,,16813444234728160412,11193285163854750758,PU #11,1,,,,,,,
1473080936648811,,16813444234728160412,13631072441691646733,,0,,,,,,,
1473080937453368,,16813444234728160412,13631072441691646733,PU #3,1,,,,,,,
1473080936648817,,16813444234728160412,11193285163854750781,,0,,,,,,,
1473080937453560,,16813444234728160412,11193285163854750781,PU #6,1,,,,,,,
1473080936648824,,16813444234728160412,11193285163854750759,,0,,,,,,,
1473080937453748,,16813444234728160412,11193285163854750759,PU #10,1,,,,,,,
1473080936648817,,16813444234728160412,11193285163854750782,,0,,,,,,,
1473080937453923,,16813444234728160412,11193285163854750782,PU #5,1,,,,,,,
1473080936648818,,16813444234728160412,11193285163854750783,,0,,,,,,,
1473080937454102,,16813444234728160412,11193285163854750783,PU #11,1,,,,,,,
1473080938090104,,2359504754829123484,4878392893627877180,14624055332059453870,4,,,,,,,
1473080938379798,,15768975472269938236,15125602118127787872,9085190036033713303,4,,,,,,,
1473080938470125,,3763471827439441840,1556338476732134075,7704786824220362297,4,,,,,,,
1473080938526239,,3634103101474034711,7992495900324744637,4187083953675917516,4,,,,,,,
1473080938820425,,13838250962279636971,17999452938818586177,13640725597942336741,4,,,,,,,
1473080939194132,,15649176537904920696,14466306371446881751,949826589356521781,4,,,,,,,
1473080939326541,,15649176537904920696,14466306371446881745,5611478128162526316,4,,,,,,,
1473080939440941,,15768975472269938236,15125602118127787874,7423168268239676338,4,,,,,,,
1473080938646013,,10545902492127762722,6848664463873881981,,0,,,,,,,
1473080939446387,,10545902492127762722,6848664463873881981,PU #4,1,,,,,,,
1473080938646015,,10545902492127762722,13142504389050794959,,0,,,,,,,
1473080939446561,,10545902492127762722,13142504389050794959,PU #11,1,,,,,,,
1473080939586334,,15649176537904920696,14466306371446881748,546457904509994483,4,,,,,,,
1473080939939918,,7704206847477911211,11185889588672147885,11002865075290528818,4,,,,,,,
1473080940239847,,15768975472269938236,15125602118127787884,8784819192379802324,4,,,,,,,
1473080940954650,,3763471827439441840,10513657170332173772,9702785927260120510,4,,,,,,,
1473080941025823,,3914898760690950851,7063708877602160134,2709143838374946510,4,,,,,,,
1473080940647191,,5610081162863867056,8326487666043590307,,0,,,,,,,
1473080941447537,,5610081162863867056,8326487666043590307,PU #2,1,,,,,,,
1473080940647186,,5610081162863867056,8326487666043590333,,0,,,,,,,
1473080941449535,,5610081162863867056,8326487666043590333,PU #2,1,,,,,,,
1473080940647188,,5610081162863867056,8326487666043590334,,0,,,,,,,
1473080941449988,,5610081162863867056,8326487666043590334,PU #10,1,,,,,,,
1473080940647188,,5610081162863867056,8326487666043590335,,0,,,,,,,
1473080941450260,,5610081162863867056,8326487666043590335,PU #3,1,,,,,,,
1473080940647184,,5610081162863867056,11039327274699513796,,0,,,,,,,
1473080941450569,,5610081162863867056,11039327274699513796,PU #5,1,,,,,,,
1473080940647189,,5610081162863867056,8326487666043590304,,0,,,,,,,
1473080941450778,,5610081162863867056,8326487666043590304,PU #8,1,,,,,,,
1473080940647189,,5610081162863867056,8326487666043590305,,0,,,,,,,
1473080941450948,,5610081162863867056,8326487666043590305,PU #7,1,,,,,,,
1473080940647190,,5610081162863867056,8326487666043590306,,0,,,,,,,
1473080941451149,,5610081162863867056,8326487666043590306,PU #2,1,,,,,,,
1473080941564496,,2359504754829123484,4878392893627877152,18264514031758212833,4,,,,,,,
1473080941772688,,15649176537904920696,14466306371446881754,18397038114275363129,4,,,,,,,
1473080941988721,,2359504754829123484,4878392893627877181,17586732473831351655,4,,,,,,,
1473080942159155,,10661997137884044842,18283152466336945439,8298602194697029209,4,,,,,,,
1473080942581364,,2218673191919558771,15257043297875380331,1514863780550564736,4,,,,,,,
1473080943475221,,2359504754829123484,4878392893627877153,8783068781425628900,4,,,,,,,
1473080943896380,,15649176537904920696,14466306371446881752,15573022927344196655,4,,,,,,,
1473080944114784,,16813444234728160412,11193285163854750752,1649104449920785485,4,,,,,,,
1473080944130447,,15649176537904920696,14466306371446881744,13039987883140361779,4,,,,,,,
1473080945237570,,16813444234728160412,11193285163854750759,4999932444799180998,4,,,,,,,
1473080945252850,,16813444234728160412,11193285163854750756,813429657334564310,4,,,,,,,
1473080945295891,,15649176537904920696,14466306371446881753,14436358018474882319,4,,,,,,,
1473080944649217,,11170699668699181540,1449560810184361933,,0,,,,,,,
1473080945449642,,11170699668699181540,1449560810184361933,PU #0,1,,,,,,,
1473080944649228,,11170699668699181540,1449560810184361912,,0,,,,,,,
1473080945449873,,11170699668699181540,1449560810184361912,PU #3,1,,,,,,,
1473080944649229,,11170699668699181540,1449560810184361913,,0,,,,,,,
1473080945450056,,11170699668699181540,1449560810184361913,PU #4,1,,,,,,,
1473080944649226,,11170699668699181540,1449560810184361914,,0,,,,,,,
1473080945450223,,11170699668699181540,1449560810184361914,PU #3,1,,,,,,,
1473080944649227,,11170699668699181540,1449560810184361915,,0,,,,,,,
1473080945450376,,11170699668699181540,1449560810184361915,PU #8,1,,,,,,,
1473080944649230,,11170699668699181540,1449560810184361918,,0,,,,,,,
1473080945450570,,11170699668699181540,1449560810184361918,PU #9,1,,,,,,,
1473080944649231,,11170699668699181540,1449560810184361919,,0,,,,,,,
1473080945452533,,11170699668699181540,1449560810184361919,PU #10,1,,,,,,,
1473080944649221,,11170699668699181540,1449560810184361920,,0,,,,,,,
1473080945452901,,11170699668699181540,1449560810184361920,PU #9,1,,,,,,,
1473080944649222,,11170699668699181540,1449560810184361921,,0,,,,,,,
1473080945453202,,11170699668699181540,1449560810184361921,PU #3,1,,,,,,,
1473080944649219,,11170699668699181540,1449560810184361922,,0,,,,,,,
1473080945453464,,11170699668699181540,1449560810184361922,PU #7,1,,,,,,,
1473080944649220,,11170699668699181540,1449560810184361923,,0,,,,,,,
1473080945453718,,11170699668699181540,1449560810184361923,PU #2,1,,,,,,,
1473080944649225,,11170699668699181540,1449560810184361924,,0,,,,,,,
1473080945453877,,11170699668699181540,1449560810184361924,PU #8,1,,,,,,,
1473080944649212,,11170699668699181540,938068151228990417,,0,,,,,,,
1473080945454119,,11170699668699181540,938068151228990417,PU #5,1,,,,,,,
1473080944649226,,11170699668699181540,1449560810184361925,,0,,,,,,,
1473080945454280,,11170699668699181540,1449560810184361925,PU #5,1,,,,,,,
1473080944649223,,11170699668699181540,1449560810184361926,,0,,,,,,,
1473080945454438,,11170699668699181540,1449560810184361926,PU #8,1,,,,,,,
1473080944649224,,11170699668699181540,1449560810184361927,,0,,,,,,,
1473080945454616,,11170699668699181540,1449560810184361927,PU #8,1,,,,,,,
1473080945681262,,2359504754829123484,4878392893627877154,13725848448056813429,4,,,,,,,
1473080945685837,,16813444234728160412,11193285163854750781,1097693179345526455,4,,,,,,,
1473080946306431,,2359504754829123484,13902580025216557498,5810355193749600435,4,,,,,,,
1473080946607016,,13838250962279636971,17999452938818586178,13434545754993672051,4,,,,,,,
1473080946948660,,10545902492127762722,13142504389050794959,8124402473565275432,4,,,,,,,
1473080947338306,,16813444234728160412,11193285163854750758,1405206693959234716,4,,,,,,,
1473080946646134,,2650271487654888678,6855158542287003731,,0,,,,,,,
1473080947446517,,2650271487654888678,6855158542287003731,PU #8,1,,,,,,,
1473080946646131,,2650271487654888678,3402493468649950672,,0,,,,,,,
1473080947446667,,2650271487654888678,3402493468649950672,PU #5,1,,,,,,,
1473080947504854,,16813444234728160412,11193285163854750771,4466402581461595083,4,,,,,,,
1473080947559417,,15649176537904920696,14466306371446881759,12161662486147087237,4,,,,,,,
1473080947712067,,16813444234728160412,11193285163854750778,3405283305900188873,4,,,,,,,
1473080948647168,,1369221689661838247,4804829590341230121,,0,,,,,,,
1473080949447515,,1369221689661838247,4804829590341230121,PU #3,1,,,,,,,
1473080948647167,,1369221689661838247,4804829590341230122,,0,,,,,,,
1473080949447685,,1369221689661838247,4804829590341230122,PU #7,1,,,,,,,
1473080948647166,,1369221689661838247,4804829590341230123,,0,,,,,,,
1473080949447821,,1369221689661838247,4804829590341230123,PU #2,1,,,,,,,
1473080948647166,,1369221689661838247,4804829590341230124,,0,,,,,,,
1473080949447965,,1369221689661838247,4804829590341230124,PU #1,1,,,,,,,
1473080948647161,,1369221689661838247,15238230181313582546,,0,,,,,,,
1473080949448169,,1369221689661838247,15238230181313582546,PU #1,1,,,,,,,
1473080948647165,,1369221689661838247,4804829590341230125,,0,,,,,,,
1473080949448320,,1369221689661838247,4804829590341230125,PU #4,1,,,,,,,
1473080948647164,,1369221689661838247,4804829590341230126,,0,,,,,,,
1473080949448445,,1369221689661838247,4804829590341230126,PU #8,1,,,,,,,
1473080948647163,,1369221689661838247,4804829590341230127,,0,,,,,,,
1473080949448617,,1369221689661838247,4804829590341230127,PU #1,1,,,,,,,
1473080950708823,,6250349529149059189,16837323535648980627,2537293293005110808,4,,,,,,,
1473080950869560,,16813444234728160412,11193285163854750783,8003244741896000127,4,,,,,,,
1473080951917780,,16813444234728160412,11193285163854750776,6420723921595725562,4,,,,,,,
1473080951970850,,5610081162863867056,8326487666043590305,3196466423151196112,4,,,,,,,
1473080952164174,,5610081162863867056,8326487666043590304,17724056286742060782,4,,,,,,,
1473080952407219,,13838250962279636971,17999452938818586188,12391129714481465863,4,,,,,,,
1473080952508412,,6250349529149059189,16837323535648980620,13669819167971558302,4,,,,,,,
1473080952785979,,16813444234728160412,11193285163854750780,15602955387706651931,4,,,,,,,
1473080952894572,,5610081162863867056,8326487666043590307,3443811331229913715,4,,,,,,,
1473080953068951,,16813444234728160412,11193285163854750757,6124536821586789347,4,,,,,,,
1473080953091052,,11170699668699181540,1449560810184361927,17684532169584682059,4,,,,,,,
1473080953174207,,11170699668699181540,1449560810184361920,16148670431741156506,4,,,,,,,
1473080953401195,,9227916242944571354,3774780403559106661,11795577909610116775,4,,,,,,,
1473080953434250,,11564518893597354569,9416041782641657627,14376944105375353583,4,,,,,,,
1473080952649012,,89582635610816101,2521744366585763568,,0,,,,,,,
1473080953449313,,89582635610816101,2521744366585763568,PU #10,1,,,,,,,
1473080952649011,,89582635610816101,2521744366585763569,,0,,,,,,,
1473080953449481,,89582635610816101,2521744366585763569,PU #11,1,,,,,,,
1473080952649014,,89582635610816101,2521744366585763570,,0,,,,,,,
1473080953449608,,89582635610816101,2521744366585763570,PU #11,1,,,,,,,
1473080952649013,,89582635610816101,2521744366585763571,,0,,,,,,,
1473080953449731,,89582635610816101,2521744366585763571,PU #10,1,,,,,,,
1473080952649015,,89582635610816101,2521744366585763572,,0,,,,,,,
1473080953449864,,89582635610816101,2521744366585763572,PU #7,1,,,,,,,
1473080952649015,,89582635610816101,2521744366585763573,,0,,,,,,,
1473080953449990,,89582635610816101,2521744366585763573,PU #11,1,,,,,,,
1473080952649016,,89582635610816101,2521744366585763574,,0,,,,,,,
1473080953450119,,89582635610816101,2521744366585763574,PU #5,1,,,,,,,
1473080952649016,,89582635610816101,2521744366585763575,,0,,,,,,,
1473080953450246,,89582635610816101,2521744366585763575,PU #9,1,,,,,,,
1473080952649010,,89582635610816101,2521744366585763582,,0,,,,,,,
1473080953450371,,89582635610816101,2521744366585763582,PU #7,1,,,,,,,
1473080952649017,,89582635610816101,2521744366585763560,,0,,,,,,,
1473080953450524,,89582635610816101,2521744366585763560,PU #4,1,,,,,,,
1473080952649017,,89582635610816101,2521744366585763561,,0,,,,,,,
1473080953450657,,89582635610816101,2521744366585763561,PU #1,1,,,,,,,
1473080952649019,,89582635610816101,2521744366585763562,,0,,,,,,,
1473080953450804,,89582635610816101,2521744366585763562,PU #8,1,,,,,,,
1473080952649018,,89582635610816101,2521744366585763563,,0,,,,,,,
1473080953450947,,89582635610816101,2521744366585763563,PU #1,1,,,,,,,
1473080952649020,,89582635610816101,2521744366585763564,,0,,,,,,,
1473080953451093,,89582635610816101,2521744366585763564,PU #8,1,,,,,,,
1473080952649019,,89582635610816101,2521744366585763565,,0,,,,,,,
1473080953451239,,89582635610816101,2521744366585763565,PU #11,1,,,,,,,
1473080952649009,,89582635610816101,2264003087557435875,,0,,,,,,,
1473080953451404,,89582635610816101,2264003087557435875,PU #9,1,,,,,,,
1473080953564875,,15649176537904920696,14466306371446881750,10520257741492348593,4,,,,,,,
1473080953668555,,5610081162863867056,8326487666043590333,14995024852962574951,4,,,,,,,
1473080953678593,,11170699668699181540,1449560810184361926,4545189869383806093,4,,,,,,,
1473080953702705,,11170699668699181540,1449560810184361923,14146323848397550472,4,,,,,,,
1473080953820281,,11170699668699181540,1449560810184361921,6650594162456571482,4,,,,,,,
1473080954284649,,16813444234728160412,11193285163854750779,17711650908496763263,4,,,,,,,
1473080954676462,,11170699668699181540,1449560810184361933,7706670299496369406,4,,,,,,,
1473080954879263,,16813444234728160412,13631072441691646733,13244780307630691482,4,,,,,,,
1473080955065341,,11170699668699181540,1449560810184361914,10274508088266999414,4,,,,,,,
1473080955280859,,15768975472269938236,15125602118127787876,2336196215452621013,4,,,,,,,
1473080954646059,,4671447305926891738,13752185064994147886,,0,,,,,,,
1473080955446362,,4671447305926891738,13752185064994147886,PU #8,1,,,,,,,
1473080954646063,,4671447305926891738,9220749505650418094,,0,,,,,,,
1473080955446517,,4671447305926891738,9220749505650418094,PU #9,1,,,,,,,
1473080955632060,,10545902492127762722,6848664463873881981,16235727350845828058,4,,,,,,,
1473080955748388,,16813444234728160412,11193285163854750782,9956498907507961362,4,,,,,,,
1473080955993968,,11170699668699181540,1449560810184361919,4832496988651714486,4,,,,,,,
1473080956441692,,11170699668699181540,1449560810184361918,18001381086961828367,4,,,,,,,
1473080956543782,,11170699668699181540,1449560810184361924,10491747474756303979,4,,,,,,,
1473080956970865,,11170699668699181540,1449560810184361915,5953543772618772067,4,,,,,,,
1473080957010317,,9227916242944571354,3774780403559106670,13794560484214501959,4,,,,,,,
1473080957039064,,6250349529149059189,16837323535648980628,3709103589954386985,4,,,,,,,
1473080957139697,,2650271487654888678,6855158542287003731,8524144643652524573,4,,,,,,,
1473080957155197,,1369221689661838247,4804829590341230126,3816781413896891505,4,,,,,,,
1473080956647222,,6143530099796335656,13540703469899153361,,0,,,,,,,
1473080957447515,,6143530099796335656,13540703469899153361,PU #2,1,,,,,,,
1473080956647222,,6143530099796335656,13540703469899153362,,0,,,,,,,
1473080957447658,,6143530099796335656,13540703469899153362,PU #9,1,,,,,,,
1473080956647223,,6143530099796335656,13540703469899153363,,0,,,,,,,
1473080957447800,,6143530099796335656,13540703469899153363,PU #2,1,,,,,,,
1473080956647225,,6143530099796335656,13540703469899153364,,0,,,,,,,
1473080957447951,,6143530099796335656,13540703469899153364,PU #4,1,,,,,,,
1473080956647225,,6143530099796335656,13540703469899153365,,0,,,,,,,
1473080957448077,,6143530099796335656,13540703469899153365,PU #4,1,,,,,,,
1473080956647226,,6143530099796335656,13540703469899153366,,0,,,,,,,
1473080957448244,,6143530099796335656,13540703469899153366,PU #9,1,,,,,,,
1473080956647227,,6143530099796335656,13540703469899153367,,0,,,,,,,
1473080957448424,,6143530099796335656,13540703469899153367,PU #5,1,,,,,,,
1473080956647219,,6143530099796335656,13800272096493987201,,0,,,,,,,
1473080957448560,,6143530099796335656,13800272096493987201,PU #1,1,,,,,,,
1473080958086075,,1369221689661838247,15238230181313582546,11392059454777738861,4,,,,,,,
1473080958436527,,11170699668699181540,1449560810184361925,6141208748793497031,4,,,,,,,
1473080958669659,,1369221689661838247,4804829590341230121,16287133358222748034,4,,,,,,,
1473080959008490,,11170699668699181540,1449560810184361913,4359099637834760721,4,,,,,,,
1473080959182092,,1369221689661838247,4804829590341230122,12050253518212834318,4,,,,,,,
1473080959550812,,11170699668699181540,938068151228990417,2997059870161885313,4,,,,,,,
1473080959730203,,11170699668699181540,1449560810184361912,601339416012259820,4,,,,,,,
1473080960031181,,1369221689661838247,4804829590341230124,13333423372283111872,4,,,,,,,
1473080960323343,,1369221689661838247,4804829590341230127,1317014969351242130,4,,,,,,,
1473080960487536,,11170699668699181540,1449560810184361922,8780601210072238370,4,,,,,,,
1473080961154253,,15768975472269938236,15125602118127787880,5711914675205049811,4,,,,,,,
1473080961241660,,89582635610816101,2521744366585763564,16777902517947616556,4,,,,,,,
1473080961381824,,16813444234728160412,11193285163854750770,16153398807836512180,4,,,,,,,
1473080961432046,,89582635610816101,2521744366585763571,17500053773440512882,4,,,,,,,
1473080960648825,,14091709288674384373,16030855591582812296,,0,,,,,,,
1473080961449134,,14091709288674384373,16030855591582812296,PU #8,1,,,,,,,
1473080960648829,,14091709288674384373,16030855591582812274,,0,,,,,,,
1473080961449281,,14091709288674384373,16030855591582812274,PU #7,1,,,,,,,
1473080960648818,,14091709288674384373,15214896880935843826,,0,,,,,,,
1473080961449450,,14091709288674384373,15214896880935843826,PU #8,1,,,,,,,
1473080960648826,,14091709288674384373,16030855591582812297,,0,,,,,,,
1473080961449575,,14091709288674384373,16030855591582812297,PU #5,1,,,,,,,
1473080960648824,,14091709288674384373,16030855591582812298,,0,,,,,,,
1473080961449708,,14091709288674384373,16030855591582812298,PU #1,1,,,,,,,
1473080960648828,,14091709288674384373,16030855591582812276,,0,,,,,,,
1473080961449828,,14091709288674384373,16030855591582812276,PU #5,1,,,,,,,
1473080960648825,,14091709288674384373,16030855591582812299,,0,,,,,,,
1473080961449948,,14091709288674384373,16030855591582812299,PU #8,1,,,,,,,
1473080960648828,,14091709288674384373,16030855591582812277,,0,,,,,,,
1473080961450087,,14091709288674384373,16030855591582812277,PU #7,1,,,,,,,
1473080960648823,,14091709288674384373,16030855591582812300,,0,,,,,,,
1473080961450216,,14091709288674384373,16030855591582812300,PU #11,1,,,,,,,
1473080960648827,,14091709288674384373,16030855591582812278,,0,,,,,,,
1473080961450336,,14091709288674384373,16030855591582812278,PU #10,1,,,,,,,
1473080960648824,,14091709288674384373,16030855591582812301,,0,,,,,,,
1473080961450485,,14091709288674384373,16030855591582812301,PU #7,1,,,,,,,
1473080960648827,,14091709288674384373,16030855591582812279,,0,,,,,,,
1473080961450606,,14091709288674384373,16030855591582812279,PU #5,1,,,,,,,
1473080960648822,,14091709288674384373,16030855591582812302,,0,,,,,,,
1473080961450755,,14091709288674384373,16030855591582812302,PU #4,1,,,,,,,
1473080960648822,,14091709288674384373,16030855591582812303,,0,,,,,,,
1473080961450892,,14091709288674384373,16030855591582812303,PU #1,1,,,,,,,
1473080960648820,,14091709288674384373,16030855591582812288,,0,,,,,,,
1473080961451022,,14091709288674384373,16030855591582812288,PU #9,1,,,,,,,
1473080960648821,,14091709288674384373,16030855591582812289,,0,,,,,,,
1473080961451154,,14091709288674384373,16030855591582812289,PU #6,1,,,,,,,
1473080961544972,,5610081162863867056,8326487666043590306,12315367188029495522,4,,,,,,,
1473080961549851,,89582635610816101,2264003087557435875,3525625380688366768,4,,,,,,,
1473080961831405,,16813444234728160412,11193285163854750777,13282109742601766758,4,,,,,,,
1473080961892699,,4671447305926891738,13752185064994147886,12161662486147087237,4,,,,,,,
1473080962103765,,2650271487654888678,3402493468649950672,16839660374231400298,4,,,,,,,
1473080962111236,,5610081162863867056,8326487666043590334,13371593039931570048,4,,,,,,,
1473080962227406,,1369221689661838247,4804829590341230123,12556461376693845228,4,,,,,,,
1473080962297141,,89582635610816101,2521744366585763565,1671513869473439811,4,,,,,,,
1473080962678792,,89582635610816101,2521744366585763561,18171599951422081771,4,,,,,,,
1473080962747746,,4671447305926891738,9220749505650418094,13447469031811998792,4,,,,,,,
1473080962898654,,89582635610816101,2521744366585763582,8082559973412905623,4,,,,,,,
1473080963046515,,89582635610816101,2521744366585763572,17816259169061586227,4,,,,,,,
1473080962645878,,17136175102899945187,4804976839359192629,,0,,,,,,,
1473080963446145,,17136175102899945187,4804976839359192629,PU #0,1,,,,,,,
1473080962645877,,17136175102899945187,2635426044032942888,,0,,,,,,,
1473080963446293,,17136175102899945187,2635426044032942888,PU #10,1,,,,,,,
1473080964148323,,89582635610816101,2521744366585763562,8854555470976534812,4,,,,,,,
1473080964222582,,89582635610816101,2521744366585763574,10116818325579485718,4,,,,,,,
1473080964696380,,6143530099796335656,13540703469899153365,3544643591758153699,4,,,,,,,
1473080964858409,,14427164321999583152,10864666725008521934,12757353612365724006,4,,,,,,,
1473080964927455,,6143530099796335656,13540703469899153366,68043570226691940,4,,,,,,,
1473080964647039,,5234244543414720613,1034108812157484933,,0,,,,,,,
1473080965447310,,5234244543414720613,1034108812157484933,PU #10,1,,,,,,,
1473080964647039,,5234244543414720613,1034108812157484934,,0,,,,,,,
1473080965447796,,5234244543414720613,1034108812157484934,PU #3,1,,,,,,,
1473080964647038,,5234244543414720613,1034108812157484935,,0,,,,,,,
1473080965447929,,5234244543414720613,1034108812157484935,PU #4,1,,,,,,,
1473080964647038,,5234244543414720613,1034108812157484936,,0,,,,,,,
1473080965448045,,5234244543414720613,1034108812157484936,PU #5,1,,,,,,,
1473080964647037,,5234244543414720613,1034108812157484937,,0,,,,,,,
1473080965448164,,5234244543414720613,1034108812157484937,PU #1,1,,,,,,,
1473080964647036,,5234244543414720613,1034108812157484938,,0,,,,,,,
1473080965448307,,5234244543414720613,1034108812157484938,PU #2,1,,,,,,,
1473080964647035,,5234244543414720613,1034108812157484939,,0,,,,,,,
1473080965448479,,5234244543414720613,1034108812157484939,PU #1,1,,,,,,,
1473080964647033,,5234244543414720613,6594512025822296663,,0,,,,,,,
1473080965448688,,5234244543414720613,6594512025822296663,PU #3,1,,,,,,,
1473080966087315,,1369221689661838247,4804829590341230125,9935764497571253468,4,,,,,,,
1473080966213981,,14091709288674384373,16030855591582812298,15349490466521306202,4,,,,,,,
1473080966539208,,89582635610816101,2521744366585763569,8124402473565275432,4,,,,,,,
1473080966941535,,89582635610816101,2521744366585763563,631485669166868797,4,,,,,,,
1473080967077631,,6143530099796335656,13540703469899153363,14003013375612019889,4,,,,,,,
1473080967356174,,89582635610816101,2521744366585763575,12646370762188465115,4,,,,,,,
1473080968945116,,14091709288674384373,16030855591582812302,15942517049696606813,4,,,,,,,
1473080969099998,,5610081162863867056,8326487666043590335,3907602656878139751,4,,,,,,,
1473080968648884,,16093845495705751837,1094954755331407286,,0,,,,,,,
1473080969449166,,16093845495705751837,1094954755331407286,PU #2,1,,,,,,,
1473080968648884,,16093845495705751837,1094954755331407287,,0,,,,,,,
1473080969449296,,16093845495705751837,1094954755331407287,PU #10,1,,,,,,,
1473080968648886,,16093845495705751837,1094954755331407242,,0,,,,,,,
1473080969449458,,16093845495705751837,1094954755331407242,PU #6,1,,,,,,,
1473080968648887,,16093845495705751837,1094954755331407243,,0,,,,,,,
1473080969449591,,16093845495705751837,1094954755331407243,PU #3,1,,,,,,,
1473080968648879,,16093845495705751837,1094954755331407289,,0,,,,,,,
1473080969449703,,16093845495705751837,1094954755331407289,PU #4,1,,,,,,,
1473080968648880,,16093845495705751837,1094954755331407292,,0,,,,,,,
1473080969449823,,16093845495705751837,1094954755331407292,PU #5,1,,,,,,,
1473080968648881,,16093845495705751837,1094954755331407293,,0,,,,,,,
1473080969449967,,16093845495705751837,1094954755331407293,PU #1,1,,,,,,,
1473080968648879,,16093845495705751837,1094954755331407294,,0,,,,,,,
1473080969450107,,16093845495705751837,1094954755331407294,PU #10,1,,,,,,,
1473080968648880,,16093845495705751837,1094954755331407295,,0,,,,,,,
1473080969450243,,16093845495705751837,1094954755331407295,PU #4,1,,,,,,,
1473080968648883,,16093845495705751837,1094954755331407280,,0,,,,,,,
1473080969450382,,16093845495705751837,1094954755331407280,PU #8,1,,,,,,,
1473080968648877,,16093845495705751837,354583056583709401,,0,,,,,,,
1473080969450548,,16093845495705751837,354583056583709401,PU #7,1,,,,,,,
1473080968648883,,16093845495705751837,1094954755331407281,,0,,,,,,,
1473080969450672,,16093845495705751837,1094954755331407281,PU #0,1,,,,,,,
1473080968648882,,16093845495705751837,1094954755331407282,,0,,,,,,,
1473080969450798,,16093845495705751837,1094954755331407282,PU #11,1,,,,,,,
1473080968648882,,16093845495705751837,1094954755331407283,,0,,,,,,,
1473080969450939,,16093845495705751837,1094954755331407283,PU #4,1,,,,,,,
1473080968648885,,16093845495705751837,1094954755331407284,,0,,,,,,,
1473080969451076,,16093845495705751837,1094954755331407284,PU #0,1,,,,,,,
1473080968648885,,16093845495705751837,1094954755331407285,,0,,,,,,,
1473080969451226,,16093845495705751837,1094954755331407285,PU #0,1,,,,,,,
1473080969664257,,6143530099796335656,13800272096493987201,15183146511988170459,4,,,,,,,
1473080969814491,,5234244543414720613,1034108812157484936,9956498907507961362,4,,,,,,,
1473080969953412,,14091709288674384373,16030855591582812278,14302353196813480184,4,,,,,,,
1473080969980405,,6143530099796335656,13540703469899153361,7199876940601124209,4,,,,,,,
1473080970024945,,14091709288674384373,16030855591582812299,16777902517947616556,4,,,,,,,
1473080970656116,,14091709288674384373,16030855591582812288,15135273686779990004,4,,,,,,,
1473080970696945,,89582635610816101,2521744366585763560,10827923422662194887,4,,,,,,,
1473080971159919,,14091709288674384373,16030855591582812296,3405283305900188873,4,,,,,,,
1473080971166139,,14091709288674384373,16030855591582812301,4031225411275238912,4,,,,,,,
1473080970645873,,8063273523199280250,10877617333814787963,,0,,,,,,,
1473080971446131,,8063273523199280250,10877617333814787963,PU #8,1,,,,,,,
1473080970645870,,8063273523199280250,8979526089346932948,,0,,,,,,,
1473080971446301,,8063273523199280250,8979526089346932948,PU #1,1,,,,,,,
1473080971684022,,14091709288674384373,15214896880935843826,17724056286742060782,4,,,,,,,
1473080971797861,,17760195752521712091,17007998988558823552,10611133778405649357,4,,,,,,,
1473080971812055,,14091709288674384373,16030855591582812297,16104433161137600677,4,,,,,,,
1473080972072489,,6143530099796335656,13540703469899153362,13017734695317968986,4,,,,,,,
1473080972647079,,5386083770359918381,13949894771310606585,,0,,,,,,,
1473080973447347,,5386083770359918381,13949894771310606585,PU #4,1,,,,,,,
1473080972647078,,5386083770359918381,13949894771310606588,,0,,,,,,,
1473080973447482,,5386083770359918381,13949894771310606588,PU #1,1,,,,,,,
1473080972647077,,5386083770359918381,13949894771310606589,,0,,,,,,,
1473080973447630,,5386083770359918381,13949894771310606589,PU #6,1,,,,,,,
1473080972647076,,5386083770359918381,13949894771310606578,,0,,,,,,,
1473080973447767,,5386083770359918381,13949894771310606578,PU #3,1,,,,,,,
1473080972647079,,5386083770359918381,13949894771310606590,,0,,,,,,,
1473080973447891,,5386083770359918381,13949894771310606590,PU #6,1,,,,,,,
1473080972647075,,5386083770359918381,13949894771310606579,,0,,,,,,,
1473080973448048,,5386083770359918381,13949894771310606579,PU #0,1,,,,,,,
1473080972647072,,5386083770359918381,4075541838023115854,,0,,,,,,,
1473080973448211,,5386083770359918381,4075541838023115854,PU #7,1,,,,,,,
1473080972647078,,5386083770359918381,13949894771310606591,,0,,,,,,,
1473080973448380,,5386083770359918381,13949894771310606591,PU #4,1,,,,,,,
1473080973490937,,14091709288674384373,16030855591582812289,1649104449920785485,4,,,,,,,
1473080973510712,,17136175102899945187,4804976839359192629,938258312952676486,4,,,,,,,
1473080974235022,,5234244543414720613,6594512025822296663,16287133358222748034,4,,,,,,,
1473080974739841,,5234244543414720613,1034108812157484939,12452940195817875520,4,,,,,,,
1473080975182439,,14091709288674384373,16030855591582812300,1423917282767833285,4,,,,,,,
1473080975213301,,5234244543414720613,1034108812157484935,7428914211573701811,4,,,,,,,
1473080975773192,,14091709288674384373,16030855591582812274,7508694909308569378,4,,,,,,,
1473080975867390,,5234244543414720613,1034108812157484933,6408163282291632118,4,,,,,,,
1473080976071917,,3914898760690950851,7063708877602160153,2202284851991273404,4,,,,,,,
1473080976157657,,5234244543414720613,1034108812157484937,16135808076298968628,4,,,,,,,
1473080977252795,,16093845495705751837,1094954755331407284,4315674117226773001,4,,,,,,,
1473080977423992,,16093845495705751837,1094954755331407283,17707286483351613960,4,,,,,,,
1473080976648823,,9649049391651295316,18048289495206031424,,0,,,,,,,
1473080977449092,,9649049391651295316,18048289495206031424,PU #2,1,,,,,,,
1473080976648817,,9649049391651295316,18048289495206031448,,0,,,,,,,
1473080977449224,,9649049391651295316,18048289495206031448,PU #1,1,,,,,,,
1473080976648824,,9649049391651295316,18048289495206031425,,0,,,,,,,
1473080977449384,,9649049391651295316,18048289495206031425,PU #8,1,,,,,,,
1473080976648819,,9649049391651295316,18048289495206031449,,0,,,,,,,
1473080977449522,,9649049391651295316,18048289495206031449,PU #4,1,,,,,,,
1473080976648822,,9649049391651295316,18048289495206031426,,0,,,,,,,
1473080977449658,,9649049391651295316,18048289495206031426,PU #7,1,,,,,,,
1473080976648822,,9649049391651295316,18048289495206031427,,0,,,,,,,
1473080977449780,,9649049391651295316,18048289495206031427,PU #1,1,,,,,,,
1473080976648821,,9649049391651295316,18048289495206031428,,0,,,,,,,
1473080977449903,,9649049391651295316,18048289495206031428,PU #2,1,,,,,,,
1473080976648821,,9649049391651295316,18048289495206031429,,0,,,,,,,
1473080977450052,,9649049391651295316,18048289495206031429,PU #7,1,,,,,,,
1473080976648815,,9649049391651295316,10674796169714153110,,0,,,,,,,
1473080977450233,,9649049391651295316,10674796169714153110,PU #2,1,,,,,,,
1473080976648820,,9649049391651295316,18048289495206031430,,0,,,,,,,
1473080977450359,,9649049391651295316,18048289495206031430,PU #6,1,,,,,,,
1473080976648820,,9649049391651295316,18048289495206031431,,0,,,,,,,
1473080977450502,,9649049391651295316,18048289495206031431,PU #2,1,,,,,,,
1473080976648826,,9649049391651295316,18048289495206031434,,0,,,,,,,
1473080977450643,,9649049391651295316,18048289495206031434,PU #3,1,,,,,,,
1473080976648825,,9649049391651295316,18048289495206031436,,0,,,,,,,
1473080977450782,,9649049391651295316,18048289495206031436,PU #10,1,,,,,,,
1473080976648826,,9649049391651295316,18048289495206031437,,0,,,,,,,
1473080977450903,,9649049391651295316,18048289495206031437,PU #4,1,,,,,,,
1473080976648824,,9649049391651295316,18048289495206031438,,0,,,,,,,
1473080977451035,,9649049391651295316,18048289495206031438,PU #11,1,,,,,,,
1473080976648825,,9649049391651295316,18048289495206031439,,0,,,,,,,
1473080977451173,,9649049391651295316,18048289495206031439,PU #6,1,,,,,,,
1473080977542597,,16093845495705751837,1094954755331407281,11666615854676652007,4,,,,,,,
1473080977742295,,16093845495705751837,1094954755331407295,16128664823816738966,4,,,,,,,
1473080977765214,,5234244543414720613,1034108812157484934,15374814100806993780,4,,,,,,,
1473080977797392,,16093845495705751837,1094954755331407243,10279751198766334013,4,,,,,,,
1473080977940127,,16093845495705751837,1094954755331407289,949826589356521781,4,,,,,,,
1473080977991915,,5386083770359918381,13949894771310606585,17711650908496763263,4,,,,,,,
1473080978139406,,5234244543414720613,1034108812157484938,10680987356916546591,4,,,,,,,
1473080978160625,,16093845495705751837,1094954755331407285,9620465029033425616,4,,,,,,,
1473080978178647,,8063273523199280250,10877617333814787963,16777902517947616556,4,,,,,,,
1473080979295746,,16093845495705751837,1094954755331407282,15100237051223934800,4,,,,,,,
1473080979915790,,14091709288674384373,16030855591582812279,5695274506103495223,4,,,,,,,
1473080980169787,,9227916242944571354,3774780403559106666,12154387851321249086,4,,,,,,,
1473080980171458,,16093845495705751837,1094954755331407292,2241597724501598327,4,,,,,,,
1473080980288233,,16093845495705751837,1094954755331407242,15901503622933687166,4,,,,,,,
1473080981076368,,5386083770359918381,4075541838023115854,6675003903256159410,4,,,,,,,
1473080983492597,,16093845495705751837,1094954755331407294,16783572837087526016,4,,,,,,,
1473080983877017,,5386083770359918381,13949894771310606588,6605728564118486852,4,,,,,,,
1473080984958413,,9649049391651295316,18048289495206031424,16496069401970343120,4,,,,,,,
1473080985030119,,9649049391651295316,18048289495206031430,6067198176019562895,4,,,,,,,
1473080985039668,,9649049391651295316,18048289495206031428,3443811331229913715,4,,,,,,,
1473080985359330,,16093845495705751837,1094954755331407286,15196472547211035651,4,,,,,,,
1473080985915177,,9649049391651295316,18048289495206031429,7508694909308569378,4,,,,,,,
1473080986919392,,9649049391651295316,18048289495206031434,6650594162456571482,4,,,,,,,
1473080987107635,,2218673191919558771,15257043297875380330,195297945363576455,4,,,,,,,
1473080987119197,,8063273523199280250,8979526089346932948,15247786840751950142,4,,,,,,,
1473080987598333,,16093845495705751837,1094954755331407293,13333423372283111872,4,,,,,,,
1473080988059949,,9649049391651295316,18048289495206031449,6158880780836427342,4,,,,,,,
1473080989096037,,5386083770359918381,13949894771310606579,11573286920514468152,4,,,,,,,
1473080989209268,,9649049391651295316,18048289495206031448,11392059454777738861,4,,,,,,,
1473080989230012,,9649049391651295316,18048289495206031437,10174627833632209238,4,,,,,,,
1473080989487879,,5386083770359918381,13949894771310606578,14624055332059453870,4,,,,,,,
1473080989750903,,9649049391651295316,18048289495206031431,6294944918638801722,4,,,,,,,
1473080990451034,,9649049391651295316,18048289495206031438,813429657334564310,4,,,,,,,
1473080990475792,,9649049391651295316,18048289495206031425,17447880445980281304,4,,,,,,,
1473080990503669,,14091709288674384373,16030855591582812276,4187083953675917516,4,,,,,,,
1473080991754246,,9649049391651295316,18048289495206031436,16418008010490895386,4,,,,,,,
1473080993264035,,9649049391651295316,18048289495206031439,1603601116043418118,4,,,,,,,
1473080994648684,,9649049391651295316,10674796169714153110,13409892783592632401,4,,,,,,,
1473080999912616,,5610081162863867056,11039327274699513796,10565564586520261190,4,,,,,,,
1473081000923083,,2359504754829123484,4878392893627877183,9424809748706221667,4,,,,,,,
1473081009072989,,89582635610816101,2521744366585763573,14624978681244271309,4,,,,,,,
1473081012538439,,13872242931379262637,3807618784005711345,5394505087920769274,4,,,,,,,
1473081012652472,,9227916242944571354,3774780403559106667,7839706403148766480,4,,,,,,,
1473081017470852,,9227916242944571354,3774780403559106658,7190939023591991659,4,,,,,,,
1473081018805188,,6143530099796335656,13540703469899153364,8073097341783518947,4,,,,,,,
1473081022495248,,89582635610816101,2521744366585763570,10852441287475671024,4,,,,,,,
1473081026693944,,16093845495705751837,1094954755331407280,12041694781358132768,4,,,,,,,
1473081028465654,,14091709288674384373,16030855591582812303,17369185670323018193,4,,,,,,,
1473081029229375,,15649176537904920696,14466306371446881747,4820898362058992477,4,,,,,,,
1473081029739851,,17136175102899945187,2635426044032942888,13985902860116431244,4,,,,,,,
1473081032147534,,14091709288674384373,16030855591582812277,13594143336871392179,4,,,,,,,
1473081034039809,,15649176537904920696,14466306371446881756,8291607312867417937,4,,,,,,,
1473081036353818,,89582635610816101,2521744366585763568,2750438000156460888,4,,,,,,,
1473081040146167,,16093845495705751837,1094954755331407287,1094175440307761364,4,,,,,,,
1473081042495383,,5386083770359918381,13949894771310606590,3709103589954386985,4,,,,,,,
1473081043533543,,5386083770359918381,13949894771310606591,6094459979616030209,4,,,,,,,
1473081044603067,,9649049391651295316,18048289495206031426,7387934833749858991,4,,,,,,,
1473081053105761,,6143530099796335656,13540703469899153367,10047689061321597703,4,,,,,,,
1473081067900998,,16093845495705751837,354583056583709401,1235217895200225471,4,,,,,,,
1473081074736982,,5386083770359918381,13949894771310606589,6104904623491109916,4,,,,,,,
1473081081860358,,9649049391651295316,18048289495206031427,10400827500498334528,4,,,,,,,
