1462849987496174,6245,1899,14581,0,0,0,2,2,40,1293,0,1742,3,4,2,1288,1,1,1,2,0,40,0,1287,2,1,2,408,0,0,0,0,0,0,0,0,0,4,0,0,0,0,3,0,0,0,0,0,0,0
1462849989502295,6603,2757,20113,0,0,0,10,8,0,9,0,25,29,16,8,0,0,1,0,8,0,0,0,0,8,1,8,0,0,0,0,0,0,0,0,0,0,16,0,0,0,0,15,0,2,0,12,0,0,0
1462849991500059,7201,0,16505,0,0,0,26,16,0,17,0,49,87,32,16,0,0,1,0,16,0,0,0,0,16,1,16,0,0,0,0,0,0,0,0,0,0,32,0,0,0,0,31,0,8,0,48,0,0,0
1462849993501219,8229,0,18106,0,0,0,39,15,0,15,1,43,139,28,14,0,0,1,0,14,0,0,0,0,14,1,14,0,0,1,0,0,0,0,0,0,0,28,0,0,0,0,27,0,16,0,96,0,0,0
1462849993771179,6655,519,14397,0,0,0,38,1,0,0,1,12,105,0,0,0,0,0,0,6,0,0,0,0,6,0,0,0,0,1,0,0,0,0,0,0,0,0,0,0,0,0,0,0,15,0,90,0,0,0
1462849994926683,6271,513,19891,0,0,0,36,2,0,0,3,0,7,0,0,0,0,0,0,0,0,0,0,0,0,0,0,0,1,2,0,0,0,0,0,0,0,0,0,0,0,0,0,0,1,0,6,0,0,0
1462849995143826,7358,0,20203,0,0,0,35,1,0,0,1,0,14,0,0,0,0,0,0,0,0,0,0,0,0,0,0,0,0,1,0,0,0,0,0,0,0,0,0,0,0,0,0,0,2,0,12,0,0,0
1462849995494605,6137,1974,13714,0,0,0,37,2,0,3,0,7,10,4,2,0,0,1,0,2,0,0,0,0,2,1,2,0,0,0,0,0,0,0,0,0,0,4,0,0,0,0,3,0,1,0,6,0,0,0
1462849995709547,5985,511,13854,0,0,0,36,1,0,0,1,0,14,0,0,0,0,0,0,0,0,0,0,0,0,0,0,0,0,1,0,0,0,0,0,0,0,0,0,0,0,0,0,0,2,0,12,0,0,0
1462849996268657,5809,1950,19533,0,0,0,35,1,0,0,1,0,7,0,0,0,0,0,0,0,0,0,0,0,0,0,0,0,0,1,0,0,0,0,0,0,0,0,0,0,0,0,0,0,1,0,6,0,0,0
1462849996369311,4775,590,18930,0,0,0,34,1,0,0,1,0,7,0,0,0,0,0,0,0,0,0,0,0,0,0,0,0,0,1,0,0,0,0,0,0,0,0,0,0,0,0,0,0,1,0,6,0,0,0
1462849997031284,4744,378,11888,0,0,0,29,5,0,0,5,0,0,0,0,0,0,0,0,0,0,0,0,0,0,0,0,0,0,5,0,0,0,0,0,0,0,0,0,0,0,0,0,0,0,0,0,0,0,0
1462849997497733,6672,2770,15680,0,0,0,33,12,0,9,5,75,57,16,8,0,0,1,0,33,0,0,0,0,33,1,8,0,1,4,0,0,0,0,0,0,0,16,0,0,0,0,15,0,6,0,36,0,0,0
1462849999502708,6344,1903,19189,0,0,0,39,26,0,17,10,49,115,32,16,0,0,1,0,16,0,0,0,0,16,1,16,0,0,10,0,0,0,0,0,0,0,32,0,0,0,0,31,0,12,0,72,0,0,0
1462850001503891,8612,3582,20310,0,0,0,51,16,0,15,2,43,182,28,14,0,0,1,0,14,0,0,0,0,14,1,14,0,0,2,0,0,0,0,0,0,0,28,0,0,0,0,27,0,17,0,138,0,0,0
1462850003497695,7725,2877,16662,0,0,0,51,4,0,3,2,7,103,4,2,0,0,1,0,2,0,0,0,0,2,1,2,0,0,2,0,0,0,0,0,0,0,4,0,0,0,0,3,0,12,0,88,0,0,0
1462850005505253,8141,0,22801,0,0,0,43,24,0,9,17,25,43,16,8,0,0,1,0,8,0,0,0,0,8,1,8,0,1,16,0,0,0,0,0,0,0,16,0,0,0,0,15,0,4,0,24,0,0,0
1462850006267488,5402,581,14025,0,0,0,39,4,0,0,4,26,150,0,0,0,0,0,0,13,0,0,0,0,13,0,0,0,0,4,0,0,0,0,0,0,0,0,0,0,0,0,0,0,18,0,132,0,0,0
1462850006948379,5423,4226,14023,0,0,0,36,3,0,0,3,0,28,0,0,0,0,0,0,0,0,0,0,0,0,0,0,0,0,3,0,0,0,0,0,0,0,0,0,0,0,0,0,0,4,0,24,0,0,0
1462850006986647,8875,0,16859,0,0,0,35,1,0,0,1,0,21,0,0,0,0,0,0,0,0,0,0,0,0,0,0,0,0,1,0,0,0,0,0,0,0,0,0,0,0,0,0,0,3,0,18,0,0,0
1462850007051256,6185,0,14863,0,0,0,34,1,0,0,1,0,7,0,0,0,0,0,0,0,0,0,0,0,0,0,0,0,0,1,0,0,0,0,0,0,0,0,0,0,0,0,0,0,1,0,6,0,0,0
1462850007438730,5540,0,14157,0,0,0,33,1,0,0,1,0,7,0,0,0,0,0,0,0,0,0,0,0,0,0,0,0,0,1,0,0,0,0,0,0,0,0,0,0,0,0,0,0,1,0,6,0,0,0
1462850007507861,8160,2409,23528,0,0,0,49,16,0,17,0,77,38,32,16,0,0,1,0,30,0,0,0,0,30,1,16,0,0,0,0,0,0,0,0,0,0,32,0,0,0,0,31,0,1,0,6,0,0,0
1462850008292272,5287,4159,14046,0,0,0,48,1,0,0,1,0,112,0,0,0,0,0,0,0,0,0,0,0,0,0,0,0,0,1,0,0,0,0,0,0,0,0,0,0,0,0,0,0,16,0,96,0,0,0
1462850008371388,5436,591,13448,0,0,0,47,1,0,0,1,0,7,0,0,0,0,0,0,0,0,0,0,0,0,0,0,0,0,1,0,0,0,0,0,0,0,0,0,0,0,0,0,0,1,0,6,0,0,0
1462850009000579,5425,582,13946,0,0,0,45,2,0,0,2,0,7,0,0,0,0,0,0,0,0,0,0,0,0,0,0,0,0,2,0,0,0,0,0,0,0,0,0,0,0,0,0,0,1,0,6,0,0,0
1462850009511346,7615,0,28000,0,0,0,58,15,0,15,1,43,41,28,14,0,0,1,0,14,0,0,0,0,14,1,14,0,0,1,0,0,0,0,0,0,0,28,0,0,0,0,27,0,2,0,12,0,0,0
1462850009813855,6869,804,16030,0,0,0,57,1,0,0,1,0,78,0,0,0,0,0,0,0,0,0,0,0,0,0,0,0,0,1,0,0,0,0,0,0,0,0,0,0,0,0,0,0,6,0,72,0,0,0
1462850010157129,5584,789,14302,0,0,0,56,1,0,0,1,0,7,0,0,0,0,0,0,0,0,0,0,0,0,0,0,0,0,1,0,0,0,0,0,0,0,0,0,0,0,0,0,0,1,0,6,0,0,0
1462850011497662,7338,2896,16591,0,0,0,56,4,0,3,4,7,10,4,2,0,0,1,0,2,0,0,0,0,2,1,2,0,2,2,0,0,0,0,0,0,0,4,0,0,0,0,3,0,1,0,6,0,0,0
1462850011698230,8352,597,22822,0,0,0,55,1,0,0,1,0,28,0,0,0,0,0,0,0,0,0,0,0,0,0,0,0,0,1,0,0,0,0,0,0,0,0,0,0,0,0,0,0,4,0,24,0,0,0
1462850012628437,9829,294,18578,0,0,0,53,2,0,0,2,20,7,0,0,0,0,0,0,10,0,0,0,0,10,0,0,0,0,2,0,0,0,0,0,0,0,0,0,0,0,0,0,0,1,0,6,0,0,0
1462850012990745,5513,0,14225,0,0,0,52,1,0,0,1,0,14,0,0,0,0,0,0,0,0,0,0,0,0,0,0,0,0,1,0,0,0,0,0,0,0,0,0,0,0,0,0,0,2,0,12,0,0,0
1462850013023909,8733,6593,16785,0,0,0,51,1,0,0,1,0,7,0,0,0,0,0,0,0,0,0,0,0,0,0,0,0,0,1,0,0,0,0,0,0,0,0,0,0,0,0,0,0,1,0,6,0,0,0
1462850013068488,8241,586,16276,0,0,0,50,1,0,0,1,0,7,0,0,0,0,0,0,0,0,0,0,0,0,0,0,0,0,1,0,0,0,0,0,0,0,0,0,0,0,0,0,0,1,0,6,0,0,0
1462850013497975,6863,2848,15855,0,0,0,58,8,0,9,0,25,22,16,8,0,0,1,0,8,0,0,0,0,8,1,8,0,0,0,0,0,0,0,0,0,0,16,0,0,0,0,15,0,1,0,6,0,0,0
1462850013678229,8157,632,16607,0,0,0,57,1,0,0,1,0,47,0,0,0,0,0,0,0,0,0,0,0,0,0,0,0,0,1,0,0,0,0,0,0,0,0,0,0,0,0,0,0,5,0,42,0,0,0
1462850013692491,5403,576,13510,0,0,0,56,1,0,0,1,0,7,0,0,0,0,0,0,0,0,0,0,0,0,0,0,0,0,1,0,0,0,0,0,0,0,0,0,0,0,0,0,0,1,0,6,0,0,0
1462850014545687,5375,0,14199,0,0,0,51,5,0,0,5,0,7,0,0,0,0,0,0,0,0,0,0,0,0,0,0,0,0,5,0,0,0,0,0,0,0,0,0,0,0,0,0,0,1,0,6,0,0,0
1462850014704499,5097,4043,13394,0,0,0,49,2,0,0,2,0,35,0,0,0,0,0,0,0,0,0,0,0,0,0,0,0,0,2,0,0,0,0,0,0,0,0,0,0,0,0,0,0,5,0,30,0,0,0
1462850015064804,6023,2167,14698,0,0,0,46,3,0,0,3,0,14,0,0,0,0,0,0,0,0,0,0,0,0,0,0,0,0,3,0,0,0,0,0,0,0,0,0,0,0,0,0,0,2,0,12,0,0,0
1462850015134557,5436,0,13473,0,0,0,45,1,0,0,1,0,21,0,0,0,0,0,0,0,0,0,0,0,0,0,0,0,0,1,0,0,0,0,0,0,0,0,0,0,0,0,0,0,3,0,18,0,0,0
1462850015312187,5551,2167,13677,0,0,0,43,2,0,0,2,0,7,0,0,0,0,0,0,0,0,0,0,0,0,0,0,0,0,2,0,0,0,0,0,0,0,0,0,0,0,0,0,0,1,0,6,0,0,0
1462850015503586,7845,3332,19733,0,0,0,58,17,0,17,1,49,45,32,16,0,0,1,0,16,0,0,0,0,16,1,16,0,0,1,0,0,0,0,0,0,0,32,0,0,0,0,31,0,2,0,12,0,0,0
1462850015785152,5530,596,14749,0,0,0,57,1,0,0,1,0,101,0,0,0,0,0,0,0,0,0,0,0,0,0,0,0,0,1,0,0,0,0,0,0,0,0,0,0,0,0,0,0,11,0,90,0,0,0
1462850016095381,5722,0,14441,0,0,0,53,4,0,0,4,0,7,0,0,0,0,0,0,0,0,0,0,0,0,0,0,0,0,4,0,0,0,0,0,0,0,0,0,0,0,0,0,0,1,0,6,0,0,0
1462850017481122,6855,288,15720,0,0,0,47,6,0,0,7,0,28,0,0,0,0,0,0,0,0,0,0,0,0,0,0,0,1,6,0,0,0,0,0,0,0,0,0,0,0,0,0,0,4,0,24,0,0,0
1462850017501390,8402,3648,17957,0,0,0,61,14,0,15,0,43,69,28,14,0,0,1,0,14,0,0,0,0,14,1,14,0,0,0,0,0,0,0,0,0,0,28,0,0,0,0,27,0,6,0,36,0,0,0
1462850018556310,6914,2641,16691,0,0,0,55,6,0,0,6,76,83,0,0,0,0,0,0,38,0,0,0,0,38,0,0,0,0,6,0,0,0,0,0,0,0,0,0,0,0,0,0,0,9,0,74,0,0,0
1462850019498181,8288,3557,17261,0,0,0,56,3,0,3,1,7,45,4,2,0,0,1,0,2,0,0,0,0,2,1,2,0,0,1,0,0,0,0,0,0,0,4,0,0,0,0,3,0,6,0,36,0,0,0
1462850020938840,6873,599,16022,0,0,0,51,5,0,0,5,0,21,0,0,0,0,0,0,0,0,0,0,0,0,0,0,0,0,5,0,0,0,0,0,0,0,0,0,0,0,0,0,0,3,0,18,0,0,0
1462850021506606,7441,2918,24456,0,0,0,57,10,0,9,2,25,47,16,8,0,0,1,0,8,0,0,0,0,8,1,8,0,0,2,0,0,0,0,0,0,0,16,0,0,0,0,15,0,4,0,28,0,0,0
1462850021739001,6364,0,15115,0,0,0,51,6,0,0,6,0,58,0,0,0,0,0,0,0,0,0,0,0,0,0,0,0,0,6,0,0,0,0,0,0,0,0,0,0,0,0,0,0,6,0,52,0,0,0
1462850021822605,5829,678,14459,0,0,0,49,2,0,0,2,0,39,0,0,0,0,0,0,0,0,0,0,0,0,0,0,0,0,2,0,0,0,0,0,0,0,0,0,0,0,0,0,0,5,0,34,0,0,0
1462850022302323,5393,644,14315,0,0,0,45,4,0,0,4,0,14,0,0,0,0,0,0,0,0,0,0,0,0,0,0,0,0,4,0,0,0,0,0,0,0,0,0,0,0,0,0,0,2,0,12,0,0,0
1462850023208373,5478,601,14296,0,0,0,42,3,0,0,3,0,28,0,0,0,0,0,0,0,0,0,0,0,0,0,0,0,0,3,0,0,0,0,0,0,0,0,0,0,0,0,0,0,4,0,24,0,0,0
1462850023505330,8526,3038,18480,0,0,0,56,18,0,17,2,49,52,32,16,0,0,1,0,16,0,0,0,0,16,1,16,0,0,2,0,0,0,0,0,0,0,32,0,0,0,0,31,0,3,0,18,0,0,0
1462850023629100,5648,618,14103,0,0,0,55,1,0,0,1,0,108,0,0,0,0,0,0,0,0,0,0,0,0,0,0,0,0,1,0,0,0,0,0,0,0,0,0,0,0,0,0,0,12,0,96,0,0,0
1462850024305082,6173,588,14680,0,0,0,50,5,0,0,6,0,7,0,0,0,0,0,0,0,0,0,0,0,0,0,0,0,1,5,0,0,0,0,0,0,0,0,0,0,0,0,0,0,1,0,6,0,0,0
1462850024411015,6108,569,14107,0,0,0,49,1,0,0,1,0,35,0,0,0,0,0,0,0,0,0,0,0,0,0,0,0,0,1,0,0,0,0,0,0,0,0,0,0,0,0,0,0,5,0,30,0,0,0
1462850024496631,5520,0,13622,0,0,0,48,1,0,0,1,0,7,0,0,0,0,0,0,0,0,0,0,0,0,0,0,0,0,1,0,0,0,0,0,0,0,0,0,0,0,0,0,0,1,0,6,0,0,0
1462850024510701,5493,0,13539,0,0,0,47,1,0,0,1,0,7,0,0,0,0,0,0,0,0,0,0,0,0,0,0,0,0,1,0,0,0,0,0,0,0,0,0,0,0,0,0,0,1,0,6,0,0,0
1462850025166421,5310,0,13598,0,0,0,45,2,0,0,2,0,7,0,0,0,0,0,0,0,0,0,0,0,0,0,0,0,0,2,0,0,0,0,0,0,0,0,0,0,0,0,0,0,1,0,6,0,0,0
1462850025312140,5389,2082,13426,0,0,0,43,2,0,0,3,0,14,0,0,0,0,0,0,0,0,0,0,0,0,0,0,0,1,2,0,0,0,0,0,0,0,0,0,0,0,0,0,0,2,0,12,0,0,0
1462850025504005,8070,3064,20656,0,0,0,57,14,0,15,0,43,41,28,14,0,0,1,0,14,0,0,0,0,14,1,14,0,0,0,0,0,0,0,0,0,0,28,0,0,0,0,27,0,2,0,12,0,0,0
1462850026176562,6184,2378,18331,0,0,0,55,2,0,0,2,0,86,0,0,0,0,0,0,0,0,0,0,0,0,0,0,0,0,2,0,0,0,0,0,0,0,0,0,0,0,0,0,0,10,0,76,0,0,0
1462850026436479,6529,709,17230,0,0,0,54,1,0,0,1,0,14,0,0,0,0,0,0,0,0,0,0,0,0,0,0,0,0,1,0,0,0,0,0,0,0,0,0,0,0,0,0,0,2,0,12,0,0,0
1462850027497639,7090,2272,16664,0,0,0,51,7,0,3,8,7,10,4,2,0,0,1,0,2,0,0,0,0,2,1,2,0,3,5,0,0,0,0,0,0,0,4,0,0,0,0,3,0,1,0,6,0,0,0
1462850028245560,6162,581,15957,0,0,0,50,1,0,0,1,0,49,0,0,0,0,0,0,0,0,0,0,0,0,0,0,0,0,1,0,0,0,0,0,0,0,0,0,0,0,0,0,0,7,0,42,0,0,0
1462850028302867,5512,604,14658,0,0,0,49,1,0,0,1,24,7,0,0,0,0,0,0,12,0,0,0,0,12,0,0,0,0,1,0,0,0,0,0,0,0,0,0,0,0,0,0,0,1,0,6,0,0,0
1462850028515418,5918,650,15403,0,0,0,47,2,0,0,2,0,7,0,0,0,0,0,0,0,0,0,0,0,0,0,0,0,0,2,0,0,0,0,0,0,0,0,0,0,0,0,0,0,1,0,6,0,0,0
1462850028546186,5868,618,14802,0,0,0,46,1,0,0,1,0,14,0,0,0,0,0,0,0,0,0,0,0,0,0,0,0,0,1,0,0,0,0,0,0,0,0,0,0,0,0,0,0,2,0,12,0,0,0
1462850028744217,6249,578,15495,0,0,0,44,2,0,0,2,48,7,0,0,0,0,0,0,24,0,0,0,0,24,0,0,0,0,2,0,0,0,0,0,0,0,0,0,0,0,0,0,0,1,0,6,0,0,0
1462850028993565,5435,668,15329,0,0,0,43,1,0,0,1,0,14,0,0,0,0,0,0,0,0,0,0,0,0,0,0,0,0,1,0,0,0,0,0,0,0,0,0,0,0,0,0,0,2,0,12,0,0,0
1462850029034752,6813,645,18167,0,0,0,42,1,0,0,1,0,7,0,0,0,0,0,0,0,0,0,0,0,0,0,0,0,0,1,0,0,0,0,0,0,0,0,0,0,0,0,0,0,1,0,6,0,0,0
1462850029055387,5835,585,15067,0,0,0,41,1,0,0,1,0,7,0,0,0,0,0,0,0,0,0,0,0,0,0,0,0,0,1,0,0,0,0,0,0,0,0,0,0,0,0,0,0,1,0,6,0,0,0
1462850029091732,6317,0,18645,0,0,0,40,1,0,0,1,0,7,0,0,0,0,0,0,0,0,0,0,0,0,0,0,0,0,1,0,0,0,0,0,0,0,0,0,0,0,0,0,0,1,0,6,0,0,0
1462850029242450,6860,578,17838,0,0,0,39,1,0,0,1,0,7,0,0,0,0,0,0,0,0,0,0,0,0,0,0,0,0,1,0,0,0,0,0,0,0,0,0,0,0,0,0,0,1,0,6,0,0,0
1462850029295565,5411,598,13566,0,0,0,38,1,0,0,1,0,7,0,0,0,0,0,0,0,0,0,0,0,0,0,0,0,0,1,0,0,0,0,0,0,0,0,0,0,0,0,0,0,1,0,6,0,0,0
1462850029502581,7950,2747,20378,0,0,0,45,9,0,9,1,25,22,16,8,0,0,1,0,8,0,0,0,0,8,1,8,0,0,1,0,0,0,0,0,0,0,16,0,0,0,0,15,0,1,0,6,0,0,0
1462850029937247,6259,0,15548,0,0,0,44,1,0,0,1,0,63,0,0,0,0,0,0,0,0,0,0,0,0,0,0,0,0,1,0,0,0,0,0,0,0,0,0,0,0,0,0,0,9,0,54,0,0,0
1462850030354688,5570,0,14430,0,0,0,41,3,0,0,3,0,7,0,0,0,0,0,0,0,0,0,0,0,0,0,0,0,0,3,0,0,0,0,0,0,0,0,0,0,0,0,0,0,1,0,6,0,0,0
1462850030734131,5087,729,13990,0,0,0,38,3,0,0,3,0,18,0,0,0,0,0,0,0,0,0,0,0,0,0,0,0,0,3,0,0,0,0,0,0,0,0,0,0,0,0,0,0,2,0,16,0,0,0
1462850031502607,7937,2779,18754,0,0,0,53,17,0,17,2,49,52,32,16,0,0,1,0,16,0,0,0,0,16,1,16,0,1,1,0,0,0,0,0,0,0,32,0,0,0,0,31,0,3,0,18,0,0,0
1462850031516641,5281,4182,13832,0,0,0,52,1,0,0,1,0,101,0,0,0,0,0,0,0,0,0,0,0,0,0,0,0,0,1,0,0,0,0,0,0,0,0,0,0,0,0,0,0,11,0,90,0,0,0
1462850033501111,7862,3308,17733,0,0,0,50,30,0,15,19,43,34,28,14,0,0,1,0,14,0,0,0,0,14,1,14,0,3,16,0,0,0,0,0,0,0,28,0,0,0,0,27,0,1,0,6,0,0,0
1462850035496222,6624,5455,15322,0,0,0,50,4,0,3,3,7,147,4,2,0,0,1,0,2,0,0,0,0,2,1,2,0,1,2,0,0,0,0,0,0,0,4,0,0,0,0,3,0,14,0,130,0,0,0
1462850035509947,5330,0,13509,0,0,0,49,1,0,0,1,0,28,0,0,0,0,0,0,0,0,0,0,0,0,0,0,0,0,1,0,0,0,0,0,0,0,0,0,0,0,0,0,0,4,0,24,0,0,0
1462850036066666,5730,588,14180,0,0,0,47,2,0,0,2,14,7,0,0,0,0,0,0,7,0,0,0,0,7,0,0,0,0,2,0,0,0,0,0,0,0,0,0,0,0,0,0,0,1,0,6,0,0,0
1462850036341958,5405,571,13314,0,0,0,44,3,0,0,4,0,14,0,0,0,0,0,0,0,0,0,0,0,0,0,0,0,1,3,0,0,0,0,0,0,0,0,0,0,0,0,0,0,2,0,12,0,0,0
1462850036499854,6326,0,17945,0,0,0,42,2,0,0,3,0,21,0,0,0,0,0,0,0,0,0,0,0,0,0,0,0,1,2,0,0,0,0,0,0,0,0,0,0,0,0,0,0,3,0,18,0,0,0
1462850036945471,5463,0,13530,0,0,0,40,2,0,0,2,0,14,0,0,0,0,0,0,0,0,0,0,0,0,0,0,0,0,2,0,0,0,0,0,0,0,0,0,0,0,0,0,0,2,0,12,0,0,0
1462850037151977,5333,2048,13249,0,0,0,37,3,0,0,3,0,14,0,0,0,0,0,0,0,0,0,0,0,0,0,0,0,0,3,0,0,0,0,0,0,0,0,0,0,0,0,0,0,2,0,12,0,0,0
1462850037502854,8986,2411,20751,0,0,0,43,10,0,9,2,25,36,16,8,0,0,1,0,8,0,0,0,0,8,1,8,0,0,2,0,0,0,0,0,0,0,16,0,0,0,0,15,0,3,0,18,0,0,0
1462850039504184,9348,1385,20308,0,0,0,54,21,0,17,6,111,101,32,16,0,0,1,0,47,0,0,0,0,47,1,16,0,1,5,0,0,0,0,0,0,0,32,0,0,0,0,31,0,10,0,60,0,0,0
1462850041501455,7594,3176,18133,0,0,0,62,20,0,15,7,43,165,28,14,0,0,1,0,14,0,0,0,0,14,1,14,0,1,6,0,0,0,0,0,0,0,28,0,0,0,0,27,0,18,0,120,0,0,0
1462850042654171,6096,600,14898,0,0,0,58,4,0,0,5,0,98,0,0,0,0,0,0,0,0,0,0,0,0,0,0,0,1,4,0,0,0,0,0,0,0,0,0,0,0,0,0,0,8,0,90,0,0,0
1462850043496640,7028,5953,15719,0,0,0,57,5,0,3,3,7,31,4,2,0,0,1,0,2,0,0,0,0,2,1,2,0,0,3,0,0,0,0,0,0,0,4,0,0,0,0,3,0,4,0,24,0,0,0
1462850043657785,5504,0,14137,0,0,0,56,1,0,0,1,0,35,0,0,0,0,0,0,0,0,0,0,0,0,0,0,0,0,1,0,0,0,0,0,0,0,0,0,0,0,0,0,0,5,0,30,0,0,0
1462850044186720,5681,589,14363,0,0,0,53,3,0,0,3,0,7,0,0,0,0,0,0,0,0,0,0,0,0,0,0,0,0,3,0,0,0,0,0,0,0,0,0,0,0,0,0,0,1,0,6,0,0,0
1462850044695776,6056,0,18280,0,0,0,52,1,0,0,1,0,21,0,0,0,0,0,0,0,0,0,0,0,0,0,0,0,0,1,0,0,0,0,0,0,0,0,0,0,0,0,0,0,3,0,18,0,0,0
1462850044763761,5399,588,13530,0,0,0,51,1,0,0,1,0,7,0,0,0,0,0,0,0,0,0,0,0,0,0,0,0,0,1,0,0,0,0,0,0,0,0,0,0,0,0,0,0,1,0,6,0,0,0
1462850044828796,5397,0,13416,0,0,0,50,1,0,0,1,0,7,0,0,0,0,0,0,0,0,0,0,0,0,0,0,0,0,1,0,0,0,0,0,0,0,0,0,0,0,0,0,0,1,0,6,0,0,0
1462850045373325,5384,575,14103,0,0,0,48,2,0,0,2,0,7,0,0,0,0,0,0,0,0,0,0,0,0,0,0,0,0,2,0,0,0,0,0,0,0,0,0,0,0,0,0,0,1,0,6,0,0,0
1462850045419049,5623,563,13570,0,0,0,47,1,0,0,1,0,14,0,0,0,0,0,0,0,0,0,0,0,0,0,0,0,0,1,0,0,0,0,0,0,0,0,0,0,0,0,0,0,2,0,12,0,0,0
1462850045502378,7529,0,19153,0,0,0,55,8,0,9,0,25,22,16,8,0,0,1,0,8,0,0,0,0,8,1,8,0,0,0,0,0,0,0,0,0,0,16,0,0,0,0,15,0,1,0,6,0,0,0
1462850046704407,5628,2182,14932,0,0,0,50,5,0,0,5,0,56,0,0,0,0,0,0,0,0,0,0,0,0,0,0,0,0,5,0,0,0,0,0,0,0,0,0,0,0,0,0,0,8,0,48,0,0,0
1462850047501609,7781,3271,17810,0,0,0,63,19,0,17,3,49,66,32,16,0,0,1,0,16,0,0,0,0,16,1,16,0,0,3,0,0,0,0,0,0,0,32,0,0,0,0,31,0,5,0,30,0,0,0
1462850049505433,10263,2706,21239,0,0,0,71,20,0,15,8,129,148,28,14,0,0,1,0,57,0,0,0,0,57,1,14,0,2,6,0,0,0,0,0,0,0,28,0,0,0,0,27,0,15,0,106,0,0,0
1462850051327599,5933,670,15054,0,0,0,61,10,0,0,10,0,107,0,0,0,0,0,0,0,0,0,0,0,0,0,0,0,0,10,0,0,0,0,0,0,0,0,0,0,0,0,0,0,9,0,98,0,0,0
1462850051501188,7556,3073,19946,0,0,0,63,2,0,3,0,7,64,4,2,0,0,1,0,2,0,0,0,0,2,1,2,0,0,0,0,0,0,0,0,0,0,4,0,0,0,0,3,0,7,0,54,0,0,0
1462850052054061,6826,638,16374,0,0,0,58,5,0,0,5,0,14,0,0,0,0,0,0,0,0,0,0,0,0,0,0,0,0,5,0,0,0,0,0,0,0,0,0,0,0,0,0,0,2,0,12,0,0,0
1462850052090664,5370,736,14480,0,0,0,57,1,0,0,1,0,32,0,0,0,0,0,0,0,0,0,0,0,0,0,0,0,0,1,0,0,0,0,0,0,0,0,0,0,0,0,0,0,4,0,28,0,0,0
1462850052465042,9367,606,18250,0,0,0,55,2,0,0,2,0,7,0,0,0,0,0,0,0,0,0,0,0,0,0,0,0,0,2,0,0,0,0,0,0,0,0,0,0,0,0,0,0,1,0,6,0,0,0
1462850052977418,7907,780,16786,0,0,0,53,2,0,0,2,0,14,0,0,0,0,0,0,0,0,0,0,0,0,0,0,0,0,2,0,0,0,0,0,0,0,0,0,0,0,0,0,0,2,0,12,0,0,0
1462850053423547,5396,0,14223,0,0,0,49,4,0,0,5,0,14,0,0,0,0,0,0,0,0,0,0,0,0,0,0,0,1,4,0,0,0,0,0,0,0,0,0,0,0,0,0,0,2,0,12,0,0,0
1462850053499460,7691,2314,17216,0,0,0,57,8,0,9,0,25,37,16,8,0,0,1,0,8,0,0,0,0,8,1,8,0,0,0,0,0,0,0,0,0,0,16,0,0,0,0,15,0,2,0,20,0,0,0
1462850054882336,5458,588,14168,0,0,0,41,16,0,0,16,2,56,0,0,0,0,0,0,1,0,0,0,0,1,0,0,0,0,16,0,0,0,0,0,0,0,0,0,0,0,0,0,0,8,0,48,0,0,0
1462850055507439,7875,3041,23541,0,0,0,55,18,0,17,2,49,116,32,16,0,0,1,0,16,0,0,0,0,16,1,16,0,0,2,0,0,0,0,0,0,0,32,0,0,0,0,31,0,8,0,77,0,0,0
1462850055529297,5888,0,16683,0,0,0,54,1,0,0,1,0,99,0,0,0,0,0,0,0,0,0,0,0,0,0,0,0,0,1,0,0,0,0,0,0,0,0,0,0,0,0,0,0,9,0,90,0,0,0
1462850057501894,8417,2385,18227,0,0,0,53,29,0,15,19,43,34,28,14,0,0,1,0,14,0,0,0,0,14,1,14,0,4,15,0,0,0,0,0,0,0,28,0,0,0,0,27,0,1,0,6,0,0,0
1462850059441171,6716,2267,21036,0,0,0,48,5,0,0,5,26,152,0,0,0,0,0,0,13,0,0,0,0,13,0,0,0,0,5,0,0,0,0,0,0,0,0,0,0,0,0,0,0,14,0,138,0,0,0
1462850059497064,7345,3086,16094,0,0,0,49,3,0,3,1,7,38,4,2,0,0,1,0,2,0,0,0,0,2,1,2,0,0,1,0,0,0,0,0,0,0,4,0,0,0,0,3,0,5,0,30,0,0,0
1462850061499543,7307,0,17337,0,0,0,47,18,0,9,12,63,36,16,8,0,0,1,0,27,0,0,0,0,27,1,8,0,2,10,0,0,0,0,0,0,0,16,0,0,0,0,15,0,3,0,18,0,0,0
1462850063241002,6376,2234,19448,0,0,0,45,2,0,0,2,0,126,0,0,0,0,0,0,0,0,0,0,0,0,0,0,0,0,2,0,0,0,0,0,0,0,0,0,0,0,0,0,0,18,0,108,0,0,0
1462850063366455,6142,583,18517,0,0,0,44,1,0,0,1,0,14,0,0,0,0,0,0,0,0,0,0,0,0,0,0,0,0,1,0,0,0,0,0,0,0,0,0,0,0,0,0,0,2,0,12,0,0,0
1462850063514586,8771,3237,30321,0,0,0,59,17,0,17,1,49,38,32,16,0,0,1,0,16,0,0,0,0,16,1,16,0,0,1,0,0,0,0,0,0,0,32,0,0,0,0,31,0,1,0,6,0,0,0
1462850063827779,5690,598,14511,0,0,0,55,4,0,0,5,0,113,0,0,0,0,0,0,0,0,0,0,0,0,0,0,0,1,4,0,0,0,0,0,0,0,0,0,0,0,0,0,0,15,0,98,0,0,0
1462850063879229,5466,0,13625,0,0,0,54,1,0,0,1,0,25,0,0,0,0,0,0,0,0,0,0,0,0,0,0,0,0,1,0,0,0,0,0,0,0,0,0,0,0,0,0,0,3,0,22,0,0,0
1462850063981339,5523,579,13632,0,0,0,53,1,0,0,1,0,7,0,0,0,0,0,0,0,0,0,0,0,0,0,0,0,0,1,0,0,0,0,0,0,0,0,0,0,0,0,0,0,1,0,6,0,0,0
1462850064012790,6342,2198,16193,0,0,0,52,1,0,0,1,0,7,0,0,0,0,0,0,0,0,0,0,0,0,0,0,0,0,1,0,0,0,0,0,0,0,0,0,0,0,0,0,0,1,0,6,0,0,0
1462850064773995,6102,591,18870,0,0,0,49,3,0,0,3,0,7,0,0,0,0,0,0,0,0,0,0,0,0,0,0,0,0,3,0,0,0,0,0,0,0,0,0,0,0,0,0,0,1,0,6,0,0,0
1462850065034389,6041,611,18684,0,0,0,46,3,0,0,3,0,21,0,0,0,0,0,0,0,0,0,0,0,0,0,0,0,0,3,0,0,0,0,0,0,0,0,0,0,0,0,0,0,3,0,18,0,0,0
1462850065127640,6136,0,17678,0,0,0,45,1,0,0,1,0,21,0,0,0,0,0,0,0,0,0,0,0,0,0,0,0,0,1,0,0,0,0,0,0,0,0,0,0,0,0,0,0,3,0,18,0,0,0
1462850065214608,6959,578,18544,0,0,0,44,1,0,0,1,0,7,0,0,0,0,0,0,0,0,0,0,0,0,0,0,0,0,1,0,0,0,0,0,0,0,0,0,0,0,0,0,0,1,0,6,0,0,0
1462850065317000,5850,0,13674,0,0,0,42,2,0,0,2,0,7,0,0,0,0,0,0,0,0,0,0,0,0,0,0,0,0,2,0,0,0,0,0,0,0,0,0,0,0,0,0,0,1,0,6,0,0,0
1462850065500102,7747,3082,16742,0,0,0,56,14,0,15,0,43,41,28,14,0,0,1,0,14,0,0,0,0,14,1,14,0,0,0,0,0,0,0,0,0,0,28,0,0,0,0,27,0,2,0,12,0,0,0
1462850065873079,7388,5058,19416,0,0,0,53,3,0,0,3,0,74,0,0,0,0,0,0,0,0,0,0,0,0,0,0,0,0,3,0,0,0,0,0,0,0,0,0,0,0,0,0,0,6,0,68,0,0,0
1462850067496179,6652,5508,15272,0,0,0,47,10,0,3,10,7,21,4,2,0,0,1,0,2,0,0,0,0,2,1,2,0,2,8,0,0,0,0,0,0,0,4,0,0,0,0,3,0,2,0,16,0,0,0
1462850068522773,8304,710,16933,0,0,0,43,4,0,0,4,0,61,0,0,0,0,0,0,0,0,0,0,0,0,0,0,0,0,4,0,0,0,0,0,0,0,0,0,0,0,0,0,0,7,0,54,0,0,0
1462850069503313,7857,3038,20959,0,0,0,44,15,0,9,7,25,43,16,8,0,0,1,0,8,0,0,0,0,8,1,8,0,0,7,0,0,0,0,0,0,0,16,0,0,0,0,15,0,4,0,24,0,0,0
1462850070970225,6216,579,18425,0,0,0,28,16,0,0,17,0,102,0,0,0,0,0,0,0,0,0,0,0,0,0,0,0,1,16,0,0,0,0,0,0,0,0,0,0,0,0,0,0,14,0,88,0,0,0
1462850071508147,7845,0,24097,0,0,0,43,17,0,17,2,95,134,32,16,0,0,1,0,39,0,0,0,0,39,1,16,0,1,1,0,0,0,0,0,0,0,32,0,0,0,0,31,0,13,0,90,0,0,0
1462850073506611,8673,3381,23054,0,0,0,53,18,0,15,4,43,146,28,14,0,0,1,0,14,0,0,0,0,14,1,14,0,0,4,0,0,0,0,0,0,0,28,0,0,0,0,27,0,17,0,102,0,0,0
1462850075263073,6450,726,16183,0,0,0,47,6,0,0,8,28,111,0,0,0,0,0,0,14,0,0,0,0,14,0,0,0,2,6,0,0,0,0,0,0,0,0,0,0,0,0,0,0,13,0,98,0,0,0
1462850075498036,8126,6285,17001,0,0,0,48,3,0,3,1,7,42,4,2,0,0,1,0,2,0,0,0,0,2,1,2,0,0,1,0,0,0,0,0,0,0,4,0,0,0,0,3,0,5,0,34,0,0,0
1462850076855915,7469,0,17111,0,0,0,43,5,0,0,6,24,21,0,0,0,0,0,0,12,0,0,0,0,12,0,0,0,1,5,0,0,0,0,0,0,0,0,0,0,0,0,0,0,3,0,18,0,0,0
1462850077133931,9781,0,18635,0,0,0,41,2,0,0,2,0,35,0,0,0,0,0,0,0,0,0,0,0,0,0,0,0,0,2,0,0,0,0,0,0,0,0,0,0,0,0,0,0,5,0,30,0,0,0
1462850077152311,7961,590,16629,0,0,0,40,1,0,0,1,0,14,0,0,0,0,0,0,0,0,0,0,0,0,0,0,0,0,1,0,0,0,0,0,0,0,0,0,0,0,0,0,0,2,0,12,0,0,0
1462850077455441,6600,663,20024,0,0,0,39,1,0,0,1,0,7,0,0,0,0,0,0,0,0,0,0,0,0,0,0,0,0,1,0,0,0,0,0,0,0,0,0,0,0,0,0,0,1,0,6,0,0,0
1462850077499189,7422,2474,16991,0,0,0,47,8,0,9,0,25,22,16,8,0,0,1,0,8,0,0,0,0,8,1,8,0,0,0,0,0,0,0,0,0,0,16,0,0,0,0,15,0,1,0,6,0,0,0
1462850077621809,5644,653,14660,0,0,0,44,3,0,0,4,0,56,0,0,0,0,0,0,0,0,0,0,0,0,0,0,0,1,3,0,0,0,0,0,0,0,0,0,0,0,0,0,0,8,0,48,0,0,0
1462850078131032,5231,631,13879,0,0,0,40,4,0,0,4,0,21,0,0,0,0,0,0,0,0,0,0,0,0,0,0,0,0,4,0,0,0,0,0,0,0,0,0,0,0,0,0,0,3,0,18,0,0,0
1462850078491686,6046,614,14348,0,0,0,39,1,0,0,1,0,28,0,0,0,0,0,0,0,0,0,0,0,0,0,0,0,0,1,0,0,0,0,0,0,0,0,0,0,0,0,0,0,4,0,24,0,0,0
1462850078590483,5308,0,13887,0,0,0,38,1,0,0,1,0,7,0,0,0,0,0,0,0,0,0,0,0,0,0,0,0,0,1,0,0,0,0,0,0,0,0,0,0,0,0,0,0,1,0,6,0,0,0
1462850078988515,5913,2189,14521,0,0,0,36,2,0,0,2,0,7,0,0,0,0,0,0,0,0,0,0,0,0,0,0,0,0,2,0,0,0,0,0,0,0,0,0,0,0,0,0,0,1,0,6,0,0,0
1462850079050170,5121,627,13528,0,0,0,35,1,0,0,1,0,14,0,0,0,0,0,0,0,0,0,0,0,0,0,0,0,0,1,0,0,0,0,0,0,0,0,0,0,0,0,0,0,2,0,12,0,0,0
1462850079064491,5404,568,13331,0,0,0,34,1,0,0,1,0,7,0,0,0,0,0,0,0,0,0,0,0,0,0,0,0,0,1,0,0,0,0,0,0,0,0,0,0,0,0,0,0,1,0,6,0,0,0
1462850079378493,6791,572,15321,0,0,0,33,1,0,0,1,0,7,0,0,0,0,0,0,0,0,0,0,0,0,0,0,0,0,1,0,0,0,0,0,0,0,0,0,0,0,0,0,0,1,0,6,0,0,0
1462850079502740,7859,6339,18795,0,0,0,49,16,0,17,0,49,38,32,16,0,0,1,0,16,0,0,0,0,16,1,16,0,0,0,0,0,0,0,0,0,0,32,0,0,0,0,31,0,1,0,6,0,0,0
1462850079547696,7280,0,15513,0,0,0,48,1,0,0,1,0,103,0,0,0,0,0,0,0,0,0,0,0,0,0,0,0,0,1,0,0,0,0,0,0,0,0,0,0,0,0,0,0,13,0,90,0,0,0
1462850079683932,5456,591,14135,0,0,0,47,1,0,0,1,0,7,0,0,0,0,0,0,0,0,0,0,0,0,0,0,0,0,1,0,0,0,0,0,0,0,0,0,0,0,0,0,0,1,0,6,0,0,0
1462850079768435,5442,4199,13427,0,0,0,46,1,0,0,1,0,7,0,0,0,0,0,0,0,0,0,0,0,0,0,0,0,0,1,0,0,0,0,0,0,0,0,0,0,0,0,0,0,1,0,6,0,0,0
1462850079954652,5295,0,13414,0,0,0,45,1,0,0,1,0,7,0,0,0,0,0,0,0,0,0,0,0,0,0,0,0,0,1,0,0,0,0,0,0,0,0,0,0,0,0,0,0,1,0,6,0,0,0
1462850080055294,5329,636,13448,0,0,0,44,1,0,0,1,0,7,0,0,0,0,0,0,0,0,0,0,0,0,0,0,0,0,1,0,0,0,0,0,0,0,0,0,0,0,0,0,0,1,0,6,0,0,0
1462850080221850,5407,0,13266,0,0,0,43,1,0,0,1,0,7,0,0,0,0,0,0,0,0,0,0,0,0,0,0,0,0,1,0,0,0,0,0,0,0,0,0,0,0,0,0,0,1,0,6,0,0,0
1462850080454822,5432,0,13399,0,0,0,42,1,0,0,1,0,7,0,0,0,0,0,0,0,0,0,0,0,0,0,0,0,0,1,0,0,0,0,0,0,0,0,0,0,0,0,0,0,1,0,6,0,0,0
1462850080732044,5267,2092,13388,0,0,0,41,1,0,0,1,0,7,0,0,0,0,0,0,0,0,0,0,0,0,0,0,0,0,1,0,0,0,0,0,0,0,0,0,0,0,0,0,0,1,0,6,0,0,0
1462850081134010,5189,0,13499,0,0,0,40,1,0,0,1,0,7,0,0,0,0,0,0,0,0,0,0,0,0,0,0,0,0,1,0,0,0,0,0,0,0,0,0,0,0,0,0,0,1,0,6,0,0,0
1462850081380148,5556,2178,13654,0,0,0,39,1,0,0,1,0,7,0,0,0,0,0,0,0,0,0,0,0,0,0,0,0,0,1,0,0,0,0,0,0,0,0,0,0,0,0,0,0,1,0,6,0,0,0
1462850081500737,8030,2550,17360,0,0,0,53,14,0,15,0,43,34,28,14,0,0,1,0,14,0,0,0,0,14,1,14,0,0,0,0,0,0,0,0,0,0,28,0,0,0,0,27,0,1,0,6,0,0,0
1462850081702041,5490,0,14860,0,0,0,52,1,0,0,1,80,71,0,0,0,0,0,0,40,0,0,0,0,40,0,0,0,0,1,0,0,0,0,0,0,0,0,0,0,0,0,0,0,5,0,66,0,0,0
1462850082333991,5509,0,14038,0,0,0,50,2,0,0,2,0,7,0,0,0,0,0,0,0,0,0,0,0,0,0,0,0,0,2,0,0,0,0,0,0,0,0,0,0,0,0,0,0,1,0,6,0,0,0
1462850084701042,5383,0,14187,0,0,0,44,6,0,0,6,0,14,0,0,0,0,0,0,0,0,0,0,0,0,0,0,0,0,6,0,0,0,0,0,0,0,0,0,0,0,0,0,0,2,0,12,0,0,0
1462850085993593,5784,590,14404,0,0,0,33,11,0,0,12,0,42,0,0,0,0,0,0,0,0,0,0,0,0,0,0,0,1,11,0,0,0,0,0,0,0,0,0,0,0,0,0,0,6,0,36,0,0,0
1462850087033983,5246,0,13677,0,0,0,24,9,0,0,9,0,74,0,0,0,0,0,0,0,0,0,0,0,0,0,0,0,0,9,0,0,0,0,0,0,0,0,0,0,0,0,0,0,10,0,64,0,0,0
