1473075349772116,,7272616229359465628,5198628003788652644,,0,,,,,,,
1473075349772118,,7272616229359465628,7675612576036545068,,0,,,,,,,
1473075350592427,,7272616229359465628,5198628003788652644,PU #1,1,,,,,,,
1473075350592486,,7272616229359465628,7675612576036545068,PU #4,1,,,,,,,
1473075351772548,,3619886699890031881,7893069434929423308,,0,,,,,,,
1473075351772549,,3619886699890031881,10864666725008521934,,0,,,,,,,
1473075351772550,,3619886699890031881,10864666725008521935,,0,,,,,,,
1473075351772551,,3619886699890031881,10864666725008521932,,0,,,,,,,
1473075351772551,,3619886699890031881,10864666725008521933,,0,,,,,,,
1473075351772552,,3619886699890031881,10864666725008521930,,0,,,,,,,
1473075351772552,,3619886699890031881,10864666725008521931,,0,,,,,,,
1473075351772553,,3619886699890031881,10864666725008521928,,0,,,,,,,
1473075352591297,,3619886699890031881,7893069434929423308,PU #6,1,,,,,,,
1473075352591395,,3619886699890031881,10864666725008521934,PU #7,1,,,,,,,
1473075352591444,,3619886699890031881,10864666725008521935,PU #9,1,,,,,,,
1473075352591504,,3619886699890031881,10864666725008521932,PU #4,1,,,,,,,
1473075352591538,,3619886699890031881,10864666725008521933,PU #8,1,,,,,,,
1473075352591580,,3619886699890031881,10864666725008521930,PU #11,1,,,,,,,
1473075352591661,,3619886699890031881,10864666725008521931,PU #8,1,,,,,,,
1473075352591701,,3619886699890031881,10864666725008521928,PU #11,1,,,,,,,
1473075355774162,,13259274090126095678,2645099471231913700,,0,,,,,,,
1473075355774164,,13259274090126095678,15125602118127787876,,0,,,,,,,
1473075355774164,,13259274090126095678,15125602118127787877,,0,,,,,,,
1473075355774165,,13259274090126095678,15125602118127787874,,0,,,,,,,
1473075355774166,,13259274090126095678,15125602118127787875,,0,,,,,,,
1473075355774166,,13259274090126095678,15125602118127787872,,0,,,,,,,
1473075355774167,,13259274090126095678,15125602118127787873,,0,,,,,,,
1473075355774167,,13259274090126095678,15125602118127787886,,0,,,,,,,
1473075355774168,,13259274090126095678,15125602118127787887,,0,,,,,,,
1473075355774168,,13259274090126095678,15125602118127787884,,0,,,,,,,
1473075355774169,,13259274090126095678,15125602118127787885,,0,,,,,,,
1473075355774169,,13259274090126095678,15125602118127787882,,0,,,,,,,
1473075355774170,,13259274090126095678,15125602118127787883,,0,,,,,,,
1473075355774170,,13259274090126095678,15125602118127787880,,0,,,,,,,
1473075355774171,,13259274090126095678,15125602118127787881,,0,,,,,,,
1473075355774171,,13259274090126095678,15125602118127787894,,0,,,,,,,
1473075356592698,,13259274090126095678,2645099471231913700,PU #2,1,,,,,,,
1473075356592763,,13259274090126095678,15125602118127787876,PU #0,1,,,,,,,
1473075356592891,,13259274090126095678,15125602118127787877,PU #10,1,,,,,,,
1473075356592937,,13259274090126095678,15125602118127787874,PU #6,1,,,,,,,
1473075356592973,,13259274090126095678,15125602118127787875,PU #5,1,,,,,,,
1473075356593040,,13259274090126095678,15125602118127787872,PU #5,1,,,,,,,
1473075356593103,,13259274090126095678,15125602118127787873,PU #7,1,,,,,,,
1473075356593147,,13259274090126095678,15125602118127787886,PU #5,1,,,,,,,
1473075356593182,,13259274090126095678,15125602118127787887,PU #0,1,,,,,,,
1473075356593256,,13259274090126095678,15125602118127787884,PU #4,1,,,,,,,
1473075356593313,,13259274090126095678,15125602118127787885,PU #2,1,,,,,,,
1473075356594674,,13259274090126095678,15125602118127787882,PU #7,1,,,,,,,
1473075356594872,,13259274090126095678,15125602118127787883,PU #1,1,,,,,,,
1473075356594977,,13259274090126095678,15125602118127787880,PU #7,1,,,,,,,
1473075356595071,,13259274090126095678,15125602118127787881,PU #10,1,,,,,,,
1473075356595154,,13259274090126095678,15125602118127787894,PU #2,1,,,,,,,
1473075357710924,,3619886699890031881,10864666725008521934,13934316257598409265,4,,,,,,,
1473075358112898,,3619886699890031881,7893069434929423308,6067198176019562895,4,,,,,,,
1473075358291414,,3619886699890031881,10864666725008521931,4026302462585338931,4,,,,,,,
1473075358396241,,7272616229359465628,7675612576036545068,1337437935416403844,4,,,,,,,
1473075358427323,,7272616229359465628,5198628003788652644,195297945363576455,4,,,,,,,
1473075358467278,,3619886699890031881,10864666725008521930,4820898362058992477,4,,,,,,,
1473075357771333,,12517215369504281565,10970712832169319083,,0,,,,,,,
1473075357771335,,12517215369504281565,18417692224169462297,,0,,,,,,,
1473075358589555,,12517215369504281565,10970712832169319083,PU #0,1,,,,,,,
1473075358589628,,12517215369504281565,18417692224169462297,PU #3,1,,,,,,,
1473075358660838,,3619886699890031881,10864666725008521928,12736264107496397396,4,,,,,,,
1473075358728363,,3619886699890031881,10864666725008521935,11701230885693006666,4,,,,,,,
1473075358903275,,3619886699890031881,10864666725008521932,2084348875902046608,4,,,,,,,
1473075359198011,,3619886699890031881,10864666725008521933,13039987883140361779,4,,,,,,,
1473075360257798,,13259274090126095678,15125602118127787875,16503100467572658213,4,,,,,,,
1473075359772490,,7756406693743552404,9466859440249242596,,0,,,,,,,
1473075359772492,,7756406693743552404,17007998988558823565,,0,,,,,,,
1473075359772493,,7756406693743552404,17007998988558823554,,0,,,,,,,
1473075359772494,,7756406693743552404,17007998988558823555,,0,,,,,,,
1473075359772494,,7756406693743552404,17007998988558823552,,0,,,,,,,
1473075359772495,,7756406693743552404,17007998988558823553,,0,,,,,,,
1473075359772495,,7756406693743552404,17007998988558823558,,0,,,,,,,
1473075359772496,,7756406693743552404,17007998988558823559,,0,,,,,,,
1473075360589549,,7756406693743552404,17007998988558823565,PU #1,1,,,,,,,
1473075360589624,,7756406693743552404,9466859440249242596,PU #3,1,,,,,,,
1473075360589663,,7756406693743552404,17007998988558823559,PU #6,1,,,,,,,
1473075360589737,,7756406693743552404,17007998988558823552,PU #0,1,,,,,,,
1473075360589793,,7756406693743552404,17007998988558823553,PU #5,1,,,,,,,
1473075360590174,,7756406693743552404,17007998988558823558,PU #9,1,,,,,,,
1473075360590230,,7756406693743552404,17007998988558823554,PU #3,1,,,,,,,
1473075360590313,,7756406693743552404,17007998988558823555,PU #10,1,,,,,,,
1473075362192964,,13259274090126095678,15125602118127787876,13697784430342219370,4,,,,,,,
1473075362202478,,13259274090126095678,15125602118127787873,12050253518212834318,4,,,,,,,
1473075362426503,,13259274090126095678,2645099471231913700,18355522308053309118,4,,,,,,,
1473075362583107,,13259274090126095678,15125602118127787877,1094175440307761364,4,,,,,,,
1473075362759209,,13259274090126095678,15125602118127787874,1603601116043418118,4,,,,,,,
1473075362762467,,13259274090126095678,15125602118127787885,7186126359195663679,4,,,,,,,
1473075362764337,,13259274090126095678,15125602118127787887,9049740698325146129,4,,,,,,,
1473075362866559,,13259274090126095678,15125602118127787886,12919694424697511495,4,,,,,,,
1473075363155489,,13259274090126095678,15125602118127787881,2750438000156460888,4,,,,,,,
1473075363427449,,13259274090126095678,15125602118127787884,12833720103675768416,4,,,,,,,
1473075363450756,,13259274090126095678,15125602118127787883,17709315595619392361,4,,,,,,,
1473075363457261,,13259274090126095678,15125602118127787882,15602955387706651931,4,,,,,,,
1473075363667466,,13259274090126095678,15125602118127787880,14240424929944570918,4,,,,,,,
1473075363795300,,13259274090126095678,15125602118127787872,5695274506103495223,4,,,,,,,
1473075363968550,,12517215369504281565,18417692224169462297,11078872499313960592,4,,,,,,,
1473075363774161,,9528924612517116100,12832623367174998920,,0,,,,,,,
1473075363774163,,9528924612517116100,3774780403559106656,,0,,,,,,,
1473075363774163,,9528924612517116100,3774780403559106659,,0,,,,,,,
1473075363774164,,9528924612517116100,3774780403559106658,,0,,,,,,,
1473075363774165,,9528924612517116100,3774780403559106661,,0,,,,,,,
1473075363774165,,9528924612517116100,3774780403559106660,,0,,,,,,,
1473075363774166,,9528924612517116100,3774780403559106663,,0,,,,,,,
1473075363774166,,9528924612517116100,3774780403559106662,,0,,,,,,,
1473075363774167,,9528924612517116100,3774780403559106665,,0,,,,,,,
1473075363774167,,9528924612517116100,3774780403559106664,,0,,,,,,,
1473075363774168,,9528924612517116100,3774780403559106667,,0,,,,,,,
1473075363774168,,9528924612517116100,3774780403559106666,,0,,,,,,,
1473075363774169,,9528924612517116100,3774780403559106669,,0,,,,,,,
1473075363774169,,9528924612517116100,3774780403559106668,,0,,,,,,,
1473075363774170,,9528924612517116100,3774780403559106671,,0,,,,,,,
1473075363774170,,9528924612517116100,3774780403559106670,,0,,,,,,,
1473075364593621,,9528924612517116100,3774780403559106668,PU #3,1,,,,,,,
1473075364593673,,9528924612517116100,3774780403559106656,PU #5,1,,,,,,,
1473075364593736,,9528924612517116100,3774780403559106659,PU #6,1,,,,,,,
1473075364593787,,9528924612517116100,3774780403559106658,PU #4,1,,,,,,,
1473075364593843,,9528924612517116100,3774780403559106669,PU #10,1,,,,,,,
1473075364594038,,9528924612517116100,12832623367174998920,PU #11,1,,,,,,,
1473075364594077,,9528924612517116100,3774780403559106663,PU #9,1,,,,,,,
1473075364594127,,9528924612517116100,3774780403559106660,PU #9,1,,,,,,,
1473075364594163,,9528924612517116100,3774780403559106665,PU #11,1,,,,,,,
1473075364594216,,9528924612517116100,3774780403559106661,PU #3,1,,,,,,,
1473075364594269,,9528924612517116100,3774780403559106667,PU #4,1,,,,,,,
1473075364594306,,9528924612517116100,3774780403559106664,PU #9,1,,,,,,,
1473075364594362,,9528924612517116100,3774780403559106666,PU #9,1,,,,,,,
1473075364594398,,9528924612517116100,3774780403559106662,PU #8,1,,,,,,,
1473075364594439,,9528924612517116100,3774780403559106671,PU #3,1,,,,,,,
1473075364594471,,9528924612517116100,3774780403559106670,PU #5,1,,,,,,,
1473075365274773,,13259274090126095678,15125602118127787894,12556461376693845228,4,,,,,,,
1473075365855336,,7756406693743552404,9466859440249242596,4466402581461595083,4,,,,,,,
1473075366395252,,7756406693743552404,17007998988558823554,5259244566621687088,4,,,,,,,
1473075366522783,,7756406693743552404,17007998988558823553,12837175779377048704,4,,,,,,,
1473075365771246,,7080606026373528766,10723706305025682486,,0,,,,,,,
1473075365771249,,7080606026373528766,9416041782641657627,,0,,,,,,,
1473075366589014,,7080606026373528766,9416041782641657627,PU #11,1,,,,,,,
1473075366589086,,7080606026373528766,10723706305025682486,PU #4,1,,,,,,,
1473075366636847,,7756406693743552404,17007998988558823559,7802321937690140433,4,,,,,,,
1473075366647820,,7756406693743552404,17007998988558823565,1317014969351242130,4,,,,,,,
1473075366698067,,7756406693743552404,17007998988558823555,13392874918875600422,4,,,,,,,
1473075366910521,,7756406693743552404,17007998988558823558,15150419199718058823,4,,,,,,,
1473075367015695,,7756406693743552404,17007998988558823552,4532088033206191439,4,,,,,,,
1473075367374126,,12517215369504281565,10970712832169319083,5711914675205049811,4,,,,,,,
1473075367772573,,13497755720344871734,6719940525079354095,,0,,,,,,,
1473075367772575,,13497755720344871734,13333680593888175125,,0,,,,,,,
1473075367772576,,13497755720344871734,13333680593888175124,,0,,,,,,,
1473075367772577,,13497755720344871734,13333680593888175127,,0,,,,,,,
1473075367772577,,13497755720344871734,13333680593888175126,,0,,,,,,,
1473075367772578,,13497755720344871734,13333680593888175121,,0,,,,,,,
1473075367772579,,13497755720344871734,13333680593888175120,,0,,,,,,,
1473075367772579,,13497755720344871734,13333680593888175123,,0,,,,,,,
1473075368591591,,13497755720344871734,13333680593888175124,PU #10,1,,,,,,,
1473075368591646,,13497755720344871734,13333680593888175120,PU #1,1,,,,,,,
1473075368591711,,13497755720344871734,13333680593888175125,PU #7,1,,,,,,,
1473075368591761,,13497755720344871734,13333680593888175123,PU #0,1,,,,,,,
1473075368591817,,13497755720344871734,13333680593888175121,PU #11,1,,,,,,,
1473075368591906,,13497755720344871734,6719940525079354095,PU #2,1,,,,,,,
1473075368591974,,13497755720344871734,13333680593888175126,PU #1,1,,,,,,,
1473075368592011,,13497755720344871734,13333680593888175127,PU #6,1,,,,,,,
1473075370561143,,9528924612517116100,3774780403559106663,3480663831405207196,4,,,,,,,
1473075370642645,,9528924612517116100,12832623367174998920,1671513869473439811,4,,,,,,,
1473075370660771,,9528924612517116100,3774780403559106665,10852441287475671024,4,,,,,,,
1473075370708190,,9528924612517116100,3774780403559106659,15573022927344196655,4,,,,,,,
1473075371115888,,9528924612517116100,3774780403559106669,16783572837087526016,4,,,,,,,
1473075371229896,,9528924612517116100,3774780403559106666,13447469031811998792,4,,,,,,,
1473075371294795,,9528924612517116100,3774780403559106662,18357027331939276717,4,,,,,,,
1473075371296869,,9528924612517116100,3774780403559106661,5687306131573677789,4,,,,,,,
1473075371487853,,9528924612517116100,3774780403559106658,4615245504006647509,4,,,,,,,
1473075371684920,,9528924612517116100,3774780403559106656,3090027667011811656,4,,,,,,,
1473075371761468,,7080606026373528766,9416041782641657627,17548281846970543355,4,,,,,,,
1473075371802491,,9528924612517116100,3774780403559106667,9840361996135650556,4,,,,,,,
1473075371827290,,9528924612517116100,3774780403559106670,11345873810609397285,4,,,,,,,
1473075371830674,,9528924612517116100,3774780403559106660,8783068781425628900,4,,,,,,,
1473075371937065,,9528924612517116100,3774780403559106671,6317997230571526151,4,,,,,,,
1473075372183292,,9528924612517116100,3774780403559106664,10692232023399241591,4,,,,,,,
1473075372197902,,13497755720344871734,13333680593888175127,6067198176019562895,4,,,,,,,
1473075371774653,,13504232043260916938,3243496152900521284,,0,,,,,,,
1473075371774655,,13504232043260916938,16837323535648980616,,0,,,,,,,
1473075371774656,,13504232043260916938,16837323535648980619,,0,,,,,,,
1473075371774657,,13504232043260916938,16837323535648980618,,0,,,,,,,
1473075371774659,,13504232043260916938,16837323535648980621,,0,,,,,,,
1473075371774660,,13504232043260916938,16837323535648980620,,0,,,,,,,
1473075371774661,,13504232043260916938,16837323535648980623,,0,,,,,,,
1473075371774662,,13504232043260916938,16837323535648980622,,0,,,,,,,
1473075371774662,,13504232043260916938,16837323535648980625,,0,,,,,,,
1473075371774663,,13504232043260916938,16837323535648980624,,0,,,,,,,
1473075371774664,,13504232043260916938,16837323535648980627,,0,,,,,,,
1473075371774665,,13504232043260916938,16837323535648980626,,0,,,,,,,
1473075371774666,,13504232043260916938,16837323535648980629,,0,,,,,,,
1473075371774667,,13504232043260916938,16837323535648980628,,0,,,,,,,
1473075371774667,,13504232043260916938,16837323535648980631,,0,,,,,,,
1473075371774668,,13504232043260916938,16837323535648980630,,0,,,,,,,
1473075372599555,,13504232043260916938,16837323535648980627,PU #7,1,,,,,,,
1473075372599654,,13504232043260916938,16837323535648980624,PU #11,1,,,,,,,
1473075372599912,,13504232043260916938,16837323535648980618,PU #11,1,,,,,,,
1473075372599967,,13504232043260916938,16837323535648980625,PU #10,1,,,,,,,
1473075372600018,,13504232043260916938,16837323535648980621,PU #4,1,,,,,,,
1473075372600069,,13504232043260916938,16837323535648980616,PU #3,1,,,,,,,
1473075372601446,,13504232043260916938,3243496152900521284,PU #7,1,,,,,,,
1473075372601517,,13504232043260916938,16837323535648980628,PU #7,1,,,,,,,
1473075372601565,,13504232043260916938,16837323535648980619,PU #7,1,,,,,,,
1473075372601998,,13504232043260916938,16837323535648980622,PU #5,1,,,,,,,
1473075372602343,,13504232043260916938,16837323535648980626,PU #0,1,,,,,,,
1473075372602390,,13504232043260916938,16837323535648980630,PU #6,1,,,,,,,
1473075372602439,,13504232043260916938,16837323535648980620,PU #10,1,,,,,,,
1473075372602954,,13504232043260916938,16837323535648980623,PU #5,1,,,,,,,
1473075372603006,,13504232043260916938,16837323535648980631,PU #0,1,,,,,,,
1473075372603050,,13504232043260916938,16837323535648980629,PU #5,1,,,,,,,
1473075372886270,,7080606026373528766,10723706305025682486,10174627833632209238,4,,,,,,,
1473075374011082,,9528924612517116100,3774780403559106668,11002865075290528818,4,,,,,,,
1473075374141632,,13497755720344871734,13333680593888175125,7387934833749858991,4,,,,,,,
1473075374173797,,13497755720344871734,13333680593888175124,14302353196813480184,4,,,,,,,
1473075374428377,,13497755720344871734,6719940525079354095,10615991138680815920,4,,,,,,,
1473075373771359,,16352355140970626715,9879730582417270672,,0,,,,,,,
1473075373771361,,16352355140970626715,3807618784005711345,,0,,,,,,,
1473075374595010,,16352355140970626715,9879730582417270672,PU #6,1,,,,,,,
1473075374595585,,16352355140970626715,3807618784005711345,PU #2,1,,,,,,,
1473075374646281,,13497755720344871734,13333680593888175126,8291607312867417937,4,,,,,,,
1473075374816124,,13497755720344871734,13333680593888175123,14706926863855190454,4,,,,,,,
1473075374969756,,13497755720344871734,13333680593888175120,13333423372283111872,4,,,,,,,
1473075375440449,,13497755720344871734,13333680593888175121,15363710274740827665,4,,,,,,,
1473075375772546,,8130837636746283582,12778985751293823802,,0,,,,,,,
1473075375772548,,8130837636746283582,7992495900324744637,,0,,,,,,,
1473075375772550,,8130837636746283582,7992495900324744638,,0,,,,,,,
1473075375772550,,8130837636746283582,7992495900324744639,,0,,,,,,,
1473075375772551,,8130837636746283582,7992495900324744608,,0,,,,,,,
1473075375772551,,8130837636746283582,7992495900324744609,,0,,,,,,,
1473075375772552,,8130837636746283582,7992495900324744610,,0,,,,,,,
1473075375772553,,8130837636746283582,7992495900324744611,,0,,,,,,,
1473075376591690,,8130837636746283582,7992495900324744638,PU #9,1,,,,,,,
1473075376591774,,8130837636746283582,7992495900324744610,PU #0,1,,,,,,,
1473075376591830,,8130837636746283582,7992495900324744637,PU #6,1,,,,,,,
1473075376591883,,8130837636746283582,7992495900324744609,PU #6,1,,,,,,,
1473075376591938,,8130837636746283582,7992495900324744611,PU #5,1,,,,,,,
1473075376591982,,8130837636746283582,7992495900324744639,PU #3,1,,,,,,,
1473075376592020,,8130837636746283582,7992495900324744608,PU #7,1,,,,,,,
1473075376592092,,8130837636746283582,12778985751293823802,PU #9,1,,,,,,,
1473075377900711,,13504232043260916938,3243496152900521284,7508694909308569378,4,,,,,,,
1473075378952317,,13504232043260916938,16837323535648980625,17500053773440512882,4,,,,,,,
1473075379188622,,13504232043260916938,16837323535648980622,10186407093138846630,4,,,,,,,
1473075379216802,,13504232043260916938,16837323535648980619,13594143336871392179,4,,,,,,,
1473075379219051,,13504232043260916938,16837323535648980629,11345873810609397285,4,,,,,,,
1473075379265195,,13504232043260916938,16837323535648980627,12050253518212834318,4,,,,,,,
1473075379349538,,13504232043260916938,16837323535648980621,17711650908496763263,4,,,,,,,
1473075379539436,,13504232043260916938,16837323535648980620,6632285673723748094,4,,,,,,,
1473075379653746,,16352355140970626715,9879730582417270672,546457904509994483,4,,,,,,,
1473075379778716,,13504232043260916938,16837323535648980616,11078872499313960592,4,,,,,,,
1473075379817803,,13504232043260916938,16837323535648980626,7358453616137503730,4,,,,,,,
1473075379843714,,13504232043260916938,16837323535648980628,17816259169061586227,4,,,,,,,
1473075379849311,,13504232043260916938,16837323535648980618,813429657334564310,4,,,,,,,
1473075379935624,,13504232043260916938,16837323535648980624,13919973464436229250,4,,,,,,,
1473075379964558,,13504232043260916938,16837323535648980623,16153398807836512180,4,,,,,,,
1473075379967244,,13504232043260916938,16837323535648980630,6104904623491109916,4,,,,,,,
1473075380029558,,8130837636746283582,12778985751293823802,3964289354796414637,4,,,,,,,
1473075379774628,,7341961312665271752,4000486285316103821,,0,,,,,,,
1473075379774641,,7341961312665271752,15257043297875380332,,0,,,,,,,
1473075379774642,,7341961312665271752,15257043297875380333,,0,,,,,,,
1473075379774643,,7341961312665271752,15257043297875380334,,0,,,,,,,
1473075379774644,,7341961312665271752,15257043297875380335,,0,,,,,,,
1473075379774645,,7341961312665271752,15257043297875380328,,0,,,,,,,
1473075379774646,,7341961312665271752,15257043297875380329,,0,,,,,,,
1473075379774647,,7341961312665271752,15257043297875380330,,0,,,,,,,
1473075379774648,,7341961312665271752,15257043297875380331,,0,,,,,,,
1473075379774649,,7341961312665271752,15257043297875380324,,0,,,,,,,
1473075379774650,,7341961312665271752,15257043297875380325,,0,,,,,,,
1473075379774651,,7341961312665271752,15257043297875380326,,0,,,,,,,
1473075379774652,,7341961312665271752,15257043297875380327,,0,,,,,,,
1473075379774653,,7341961312665271752,15257043297875380320,,0,,,,,,,
1473075379774654,,7341961312665271752,15257043297875380321,,0,,,,,,,
1473075379774654,,7341961312665271752,15257043297875380322,,0,,,,,,,
1473075380599987,,7341961312665271752,15257043297875380332,PU #7,1,,,,,,,
1473075380600115,,7341961312665271752,4000486285316103821,PU #0,1,,,,,,,
1473075380600172,,7341961312665271752,15257043297875380335,PU #0,1,,,,,,,
1473075380600257,,7341961312665271752,15257043297875380328,PU #1,1,,,,,,,
1473075380600303,,7341961312665271752,15257043297875380333,PU #3,1,,,,,,,
1473075380601272,,7341961312665271752,15257043297875380334,PU #7,1,,,,,,,
1473075380601892,,7341961312665271752,15257043297875380329,PU #3,1,,,,,,,
1473075380602016,,7341961312665271752,15257043297875380321,PU #7,1,,,,,,,
1473075380602117,,7341961312665271752,15257043297875380322,PU #11,1,,,,,,,
1473075380602183,,7341961312665271752,15257043297875380331,PU #4,1,,,,,,,
1473075380602234,,7341961312665271752,15257043297875380325,PU #0,1,,,,,,,
1473075380602284,,7341961312665271752,15257043297875380324,PU #4,1,,,,,,,
1473075380602570,,7341961312665271752,15257043297875380327,PU #6,1,,,,,,,
1473075380602970,,7341961312665271752,15257043297875380326,PU #10,1,,,,,,,
1473075380603178,,7341961312665271752,15257043297875380320,PU #5,1,,,,,,,
1473075380603228,,7341961312665271752,15257043297875380330,PU #8,1,,,,,,,
1473075380827140,,16352355140970626715,3807618784005711345,15196472547211035651,4,,,,,,,
1473075380985250,,13504232043260916938,16837323535648980631,5711914675205049811,4,,,,,,,
1473075382089040,,8130837636746283582,7992495900324744639,5259244566621687088,4,,,,,,,
1473075382319492,,8130837636746283582,7992495900324744609,7704786824220362297,4,,,,,,,
1473075382471638,,8130837636746283582,7992495900324744610,7689559664786413000,4,,,,,,,
1473075381771267,,8854135677466993799,5542033037285218853,,0,,,,,,,
1473075381771269,,8854135677466993799,18283152466336945439,,0,,,,,,,
1473075382588974,,8854135677466993799,18283152466336945439,PU #0,1,,,,,,,
1473075382589026,,8854135677466993799,5542033037285218853,PU #6,1,,,,,,,
1473075382638536,,8130837636746283582,7992495900324744608,2477456734015409495,4,,,,,,,
1473075382897996,,8130837636746283582,7992495900324744637,8375227504753369829,4,,,,,,,
1473075382930585,,8130837636746283582,7992495900324744611,14358626403815339814,4,,,,,,,
1473075383301002,,8130837636746283582,7992495900324744638,8783068781425628900,4,,,,,,,
1473075383772468,,17883826734239450622,3638553233027358669,,0,,,,,,,
1473075383772470,,17883826734239450622,11185889588672147884,,0,,,,,,,
1473075383772472,,17883826734239450622,11185889588672147885,,0,,,,,,,
1473075383772472,,17883826734239450622,11185889588672147882,,0,,,,,,,
1473075383772473,,17883826734239450622,11185889588672147883,,0,,,,,,,
1473075383772474,,17883826734239450622,11185889588672147880,,0,,,,,,,
1473075383772474,,17883826734239450622,11185889588672147881,,0,,,,,,,
1473075383772475,,17883826734239450622,11185889588672147894,,0,,,,,,,
1473075384590189,,17883826734239450622,11185889588672147894,PU #0,1,,,,,,,
1473075384590263,,17883826734239450622,11185889588672147880,PU #9,1,,,,,,,
1473075384592024,,17883826734239450622,3638553233027358669,PU #4,1,,,,,,,
1473075384592335,,17883826734239450622,11185889588672147882,PU #6,1,,,,,,,
1473075384592502,,17883826734239450622,11185889588672147885,PU #7,1,,,,,,,
1473075384592631,,17883826734239450622,11185889588672147884,PU #2,1,,,,,,,
1473075384592717,,17883826734239450622,11185889588672147883,PU #4,1,,,,,,,
1473075384592827,,17883826734239450622,11185889588672147881,PU #4,1,,,,,,,
1473075386459388,,7341961312665271752,15257043297875380326,16418008010490895386,4,,,,,,,
1473075386923239,,7341961312665271752,15257043297875380325,14376944105375353583,4,,,,,,,
1473075386998273,,7341961312665271752,15257043297875380321,13594143336871392179,4,,,,,,,
1473075387023034,,7341961312665271752,15257043297875380334,12050253518212834318,4,,,,,,,
1473075387028049,,7341961312665271752,15257043297875380331,16128664823816738966,4,,,,,,,
1473075387100837,,7341961312665271752,15257043297875380329,17720546561729005427,4,,,,,,,
1473075387141619,,7341961312665271752,15257043297875380322,17548281846970543355,4,,,,,,,
1473075387211828,,7341961312665271752,15257043297875380327,3709103589954386985,4,,,,,,,
1473075387230426,,7341961312665271752,15257043297875380324,16533785139764650990,4,,,,,,,
1473075387310257,,7341961312665271752,15257043297875380335,11032170776854082651,4,,,,,,,
1473075387335894,,7341961312665271752,15257043297875380330,17684532169584682059,4,,,,,,,
1473075387404977,,7341961312665271752,15257043297875380320,5695274506103495223,4,,,,,,,
1473075387546943,,7341961312665271752,15257043297875380332,14240424929944570918,4,,,,,,,
1473075387671668,,7341961312665271752,15257043297875380333,7752864421705534428,4,,,,,,,
1473075387763976,,7341961312665271752,4000486285316103821,7358453616137503730,4,,,,,,,
1473075388460103,,8854135677466993799,5542033037285218853,1732732006999019066,4,,,,,,,
1473075387774238,,10390025207857281433,7318409564290224360,,0,,,,,,,
1473075387774241,,10390025207857281433,7063708877602160153,,0,,,,,,,
1473075387774242,,10390025207857281433,7063708877602160152,,0,,,,,,,
1473075387774243,,10390025207857281433,7063708877602160135,,0,,,,,,,
1473075387774244,,10390025207857281433,7063708877602160134,,0,,,,,,,
1473075387774245,,10390025207857281433,7063708877602160133,,0,,,,,,,
1473075387774246,,10390025207857281433,7063708877602160132,,0,,,,,,,
1473075387774246,,10390025207857281433,7063708877602160131,,0,,,,,,,
1473075387774247,,10390025207857281433,7063708877602160130,,0,,,,,,,
1473075387774248,,10390025207857281433,7063708877602160129,,0,,,,,,,
1473075387774249,,10390025207857281433,7063708877602160128,,0,,,,,,,
1473075387774249,,10390025207857281433,7063708877602160143,,0,,,,,,,
1473075387774250,,10390025207857281433,7063708877602160142,,0,,,,,,,
1473075387774251,,10390025207857281433,7063708877602160141,,0,,,,,,,
1473075387774252,,10390025207857281433,7063708877602160140,,0,,,,,,,
1473075387774253,,10390025207857281433,7063708877602160139,,0,,,,,,,
1473075388595806,,10390025207857281433,7318409564290224360,PU #6,1,,,,,,,
1473075388595943,,10390025207857281433,7063708877602160140,PU #0,1,,,,,,,
1473075388596030,,10390025207857281433,7063708877602160143,PU #5,1,,,,,,,
1473075388596116,,10390025207857281433,7063708877602160139,PU #4,1,,,,,,,
1473075388596178,,10390025207857281433,7063708877602160133,PU #8,1,,,,,,,
1473075388596240,,10390025207857281433,7063708877602160131,PU #0,1,,,,,,,
1473075388596295,,10390025207857281433,7063708877602160134,PU #1,1,,,,,,,
1473075388596332,,10390025207857281433,7063708877602160130,PU #6,1,,,,,,,
1473075388596580,,10390025207857281433,7063708877602160132,PU #10,1,,,,,,,
1473075388596618,,10390025207857281433,7063708877602160135,PU #10,1,,,,,,,
1473075388596684,,10390025207857281433,7063708877602160128,PU #5,1,,,,,,,
1473075388596744,,10390025207857281433,7063708877602160129,PU #9,1,,,,,,,
1473075388596794,,10390025207857281433,7063708877602160152,PU #4,1,,,,,,,
1473075388596834,,10390025207857281433,7063708877602160141,PU #0,1,,,,,,,
1473075388596898,,10390025207857281433,7063708877602160153,PU #0,1,,,,,,,
1473075388596948,,10390025207857281433,7063708877602160142,PU #6,1,,,,,,,
1473075388639911,,7341961312665271752,15257043297875380328,13434545754993672051,4,,,,,,,
1473075388655868,,8854135677466993799,18283152466336945439,5711914675205049811,4,,,,,,,
1473075390482699,,17883826734239450622,3638553233027358669,13725848448056813429,4,,,,,,,
1473075389771269,,16437887706491424423,3102090987084924827,,0,,,,,,,
1473075389771271,,16437887706491424423,15618941657761170768,,0,,,,,,,
1473075390589912,,16437887706491424423,3102090987084924827,PU #3,1,,,,,,,
1473075390589967,,16437887706491424423,15618941657761170768,PU #10,1,,,,,,,
1473075390726037,,17883826734239450622,11185889588672147885,15001999937617992972,4,,,,,,,
1473075390732868,,17883826734239450622,11185889588672147894,13697784430342219370,4,,,,,,,
1473075390853807,,17883826734239450622,11185889588672147882,7802321937690140433,4,,,,,,,
1473075391073481,,17883826734239450622,11185889588672147883,8073097341783518947,4,,,,,,,
1473075391518811,,17883826734239450622,11185889588672147881,4359099637834760721,4,,,,,,,
1473075391861498,,17883826734239450622,11185889588672147880,2140571017597925379,4,,,,,,,
1473075392191989,,17883826734239450622,11185889588672147884,2096433030540452871,4,,,,,,,
1473075391772516,,15829529596910750142,7821313463692759143,,0,,,,,,,
1473075391772518,,15829529596910750142,17999452938818586182,,0,,,,,,,
1473075391772519,,15829529596910750142,17999452938818586183,,0,,,,,,,
1473075391772520,,15829529596910750142,17999452938818586176,,0,,,,,,,
1473075391772521,,15829529596910750142,17999452938818586177,,0,,,,,,,
1473075391772521,,15829529596910750142,17999452938818586178,,0,,,,,,,
1473075391772522,,15829529596910750142,17999452938818586179,,0,,,,,,,
1473075391772522,,15829529596910750142,17999452938818586188,,0,,,,,,,
1473075392590383,,15829529596910750142,7821313463692759143,PU #6,1,,,,,,,
1473075392590430,,15829529596910750142,17999452938818586176,PU #11,1,,,,,,,
1473075392592231,,15829529596910750142,17999452938818586188,PU #9,1,,,,,,,
1473075392592521,,15829529596910750142,17999452938818586182,PU #2,1,,,,,,,
1473075392592691,,15829529596910750142,17999452938818586177,PU #9,1,,,,,,,
1473075392592852,,15829529596910750142,17999452938818586183,PU #4,1,,,,,,,
1473075392592981,,15829529596910750142,17999452938818586178,PU #11,1,,,,,,,
1473075392593076,,15829529596910750142,17999452938818586179,PU #5,1,,,,,,,
1473075394500934,,10390025207857281433,7318409564290224360,1732732006999019066,4,,,,,,,
1473075394701077,,10390025207857281433,7063708877602160139,9324168985851003647,4,,,,,,,
1473075394878303,,10390025207857281433,7063708877602160134,14874091376838018736,4,,,,,,,
1473075395173741,,10390025207857281433,7063708877602160131,2979955948507252744,4,,,,,,,
1473075395205279,,10390025207857281433,7063708877602160130,10969028466315656022,4,,,,,,,
1473075395208720,,10390025207857281433,7063708877602160135,6632285673723748094,4,,,,,,,
1473075395406156,,10390025207857281433,7063708877602160140,14376944105375353583,4,,,,,,,
1473075395439944,,10390025207857281433,7063708877602160143,12154387851321249086,4,,,,,,,
1473075395470570,,10390025207857281433,7063708877602160133,3816781413896891505,4,,,,,,,
1473075395496891,,10390025207857281433,7063708877602160141,673881180831659195,4,,,,,,,
1473075395539689,,10390025207857281433,7063708877602160132,9774505730620387701,4,,,,,,,
1473075395613182,,10390025207857281433,7063708877602160142,15573022927344196655,4,,,,,,,
1473075395742604,,16437887706491424423,3102090987084924827,17914410777549336792,4,,,,,,,
1473075395881120,,10390025207857281433,7063708877602160129,17630636331982742001,4,,,,,,,
1473075396013727,,16437887706491424423,15618941657761170768,16783572837087526016,4,,,,,,,
1473075396271245,,10390025207857281433,7063708877602160153,2709143838374946510,4,,,,,,,
1473075396539753,,10390025207857281433,7063708877602160128,16153398807836512180,4,,,,,,,
1473075395774199,,6668612172445272388,3095072451801980859,,0,,,,,,,
1473075395774202,,6668612172445272388,14466306371446881757,,0,,,,,,,
1473075395774204,,6668612172445272388,14466306371446881756,,0,,,,,,,
1473075395774205,,6668612172445272388,14466306371446881759,,0,,,,,,,
1473075395774206,,6668612172445272388,14466306371446881758,,0,,,,,,,
1473075395774206,,6668612172445272388,14466306371446881753,,0,,,,,,,
1473075395774207,,6668612172445272388,14466306371446881752,,0,,,,,,,
1473075395774207,,6668612172445272388,14466306371446881755,,0,,,,,,,
1473075395774209,,6668612172445272388,14466306371446881754,,0,,,,,,,
1473075395774209,,6668612172445272388,14466306371446881749,,0,,,,,,,
1473075395774210,,6668612172445272388,14466306371446881748,,0,,,,,,,
1473075395774210,,6668612172445272388,14466306371446881751,,0,,,,,,,
1473075395774211,,6668612172445272388,14466306371446881750,,0,,,,,,,
1473075395774211,,6668612172445272388,14466306371446881745,,0,,,,,,,
1473075395774212,,6668612172445272388,14466306371446881744,,0,,,,,,,
1473075395774213,,6668612172445272388,14466306371446881747,,0,,,,,,,
1473075396593619,,6668612172445272388,14466306371446881757,PU #7,1,,,,,,,
1473075396593661,,6668612172445272388,14466306371446881755,PU #2,1,,,,,,,
1473075396593694,,6668612172445272388,14466306371446881754,PU #2,1,,,,,,,
1473075396593724,,6668612172445272388,14466306371446881745,PU #2,1,,,,,,,
1473075396593755,,6668612172445272388,14466306371446881756,PU #3,1,,,,,,,
1473075396593785,,6668612172445272388,14466306371446881749,PU #10,1,,,,,,,
1473075396593817,,6668612172445272388,14466306371446881758,PU #6,1,,,,,,,
1473075396593846,,6668612172445272388,14466306371446881759,PU #4,1,,,,,,,
1473075396593878,,6668612172445272388,14466306371446881753,PU #3,1,,,,,,,
1473075396593909,,6668612172445272388,14466306371446881751,PU #7,1,,,,,,,
1473075396593941,,6668612172445272388,14466306371446881752,PU #1,1,,,,,,,
1473075396593972,,6668612172445272388,14466306371446881744,PU #4,1,,,,,,,
1473075396594003,,6668612172445272388,14466306371446881748,PU #9,1,,,,,,,
1473075396594041,,6668612172445272388,14466306371446881747,PU #8,1,,,,,,,
1473075396594077,,6668612172445272388,14466306371446881750,PU #1,1,,,,,,,
1473075396594169,,6668612172445272388,3095072451801980859,PU #7,1,,,,,,,
1473075397903083,,15829529596910750142,7821313463692759143,7277157775948672467,4,,,,,,,
1473075397946004,,15829529596910750142,17999452938818586182,5820712895423749307,4,,,,,,,
1473075398389336,,10390025207857281433,7063708877602160152,1337437935416403844,4,,,,,,,
1473075398442271,,15829529596910750142,17999452938818586177,2082520723073042301,4,,,,,,,
1473075398470814,,15829529596910750142,17999452938818586176,18219205717424622317,4,,,,,,,
1473075398521444,,15829529596910750142,17999452938818586179,14358626403815339814,4,,,,,,,
1473075397771260,,13113517856360080385,10513657170332173772,,0,,,,,,,
1473075397771262,,13113517856360080385,1556338476732134075,,0,,,,,,,
1473075398589925,,13113517856360080385,1556338476732134075,PU #5,1,,,,,,,
1473075398589988,,13113517856360080385,10513657170332173772,PU #8,1,,,,,,,
1473075398808635,,15829529596910750142,17999452938818586178,10978064067314904595,4,,,,,,,
1473075399364061,,15829529596910750142,17999452938818586188,15474683841843320636,4,,,,,,,
1473075400460479,,6668612172445272388,14466306371446881752,14746761581905079354,4,,,,,,,
1473075399772462,,17791419513990692563,13902580025216557498,,0,,,,,,,
1473075399772464,,17791419513990692563,4878392893627877153,,0,,,,,,,
1473075399772466,,17791419513990692563,4878392893627877152,,0,,,,,,,
1473075399772466,,17791419513990692563,4878392893627877155,,0,,,,,,,
1473075399772467,,17791419513990692563,4878392893627877154,,0,,,,,,,
1473075399772468,,17791419513990692563,4878392893627877181,,0,,,,,,,
1473075399772468,,17791419513990692563,4878392893627877180,,0,,,,,,,
1473075399772469,,17791419513990692563,4878392893627877183,,0,,,,,,,
1473075400591092,,17791419513990692563,4878392893627877153,PU #11,1,,,,,,,
1473075400591174,,17791419513990692563,4878392893627877154,PU #3,1,,,,,,,
1473075400591242,,17791419513990692563,4878392893627877152,PU #7,1,,,,,,,
1473075400591294,,17791419513990692563,4878392893627877183,PU #7,1,,,,,,,
1473075400591392,,17791419513990692563,13902580025216557498,PU #5,1,,,,,,,
1473075400591444,,17791419513990692563,4878392893627877155,PU #6,1,,,,,,,
1473075400591488,,17791419513990692563,4878392893627877180,PU #4,1,,,,,,,
1473075400591532,,17791419513990692563,4878392893627877181,PU #1,1,,,,,,,
1473075401221394,,15829529596910750142,17999452938818586183,9935764497571253468,4,,,,,,,
1473075402329160,,6668612172445272388,14466306371446881759,12833720103675768416,4,,,,,,,
1473075402353957,,6668612172445272388,14466306371446881754,1514863780550564736,4,,,,,,,
1473075402607331,,6668612172445272388,14466306371446881748,13332782237581996620,4,,,,,,,
1473075402706073,,6668612172445272388,14466306371446881750,12452940195817875520,4,,,,,,,
1473075402901832,,6668612172445272388,14466306371446881755,11003231472336175934,4,,,,,,,
1473075402915068,,6668612172445272388,14466306371446881744,16235727350845828058,4,,,,,,,
1473075403064971,,6668612172445272388,3095072451801980859,17816259169061586227,4,,,,,,,
1473075403094619,,6668612172445272388,14466306371446881757,2889704414760875669,4,,,,,,,
1473075403187993,,6668612172445272388,14466306371446881749,16783572837087526016,4,,,,,,,
1473075403219306,,6668612172445272388,14466306371446881747,18357027331939276717,4,,,,,,,
1473075403241137,,6668612172445272388,14466306371446881751,14240424929944570918,4,,,,,,,
1473075403543464,,6668612172445272388,14466306371446881753,15777792779537549541,4,,,,,,,
1473075403609181,,6668612172445272388,14466306371446881758,1097693179345526455,4,,,,,,,
1473075404134458,,17791419513990692563,4878392893627877153,14624978681244271309,4,,,,,,,
1473075404496258,,13113517856360080385,1556338476732134075,10047689061321597703,4,,,,,,,
1473075403774169,,3515536236288841187,13631072441691646733,,0,,,,,,,
1473075403774172,,3515536236288841187,11193285163854750770,,0,,,,,,,
1473075403774173,,3515536236288841187,11193285163854750771,,0,,,,,,,
1473075403774174,,3515536236288841187,11193285163854750780,,0,,,,,,,
1473075403774175,,3515536236288841187,11193285163854750781,,0,,,,,,,
1473075403774176,,3515536236288841187,11193285163854750782,,0,,,,,,,
1473075403774176,,3515536236288841187,11193285163854750783,,0,,,,,,,
1473075403774177,,3515536236288841187,11193285163854750776,,0,,,,,,,
1473075403774178,,3515536236288841187,11193285163854750777,,0,,,,,,,
1473075403774179,,3515536236288841187,11193285163854750778,,0,,,,,,,
1473075403774179,,3515536236288841187,11193285163854750779,,0,,,,,,,
1473075403774180,,3515536236288841187,11193285163854750756,,0,,,,,,,
1473075403774181,,3515536236288841187,11193285163854750757,,0,,,,,,,
1473075403774182,,3515536236288841187,11193285163854750758,,0,,,,,,,
1473075403774183,,3515536236288841187,11193285163854750759,,0,,,,,,,
1473075403774183,,3515536236288841187,11193285163854750752,,0,,,,,,,
1473075404593764,,3515536236288841187,11193285163854750777,PU #5,1,,,,,,,
1473075404593808,,3515536236288841187,11193285163854750782,PU #4,1,,,,,,,
1473075404593841,,3515536236288841187,11193285163854750771,PU #10,1,,,,,,,
1473075404593875,,3515536236288841187,11193285163854750778,PU #9,1,,,,,,,
1473075404593906,,3515536236288841187,11193285163854750758,PU #10,1,,,,,,,
1473075404593936,,3515536236288841187,11193285163854750770,PU #8,1,,,,,,,
1473075404593968,,3515536236288841187,11193285163854750757,PU #0,1,,,,,,,
1473075404593999,,3515536236288841187,11193285163854750756,PU #4,1,,,,,,,
1473075404594029,,3515536236288841187,11193285163854750752,PU #3,1,,,,,,,
1473075404594059,,3515536236288841187,11193285163854750783,PU #3,1,,,,,,,
1473075404594089,,3515536236288841187,11193285163854750759,PU #2,1,,,,,,,
1473075404594121,,3515536236288841187,11193285163854750780,PU #7,1,,,,,,,
1473075404594198,,3515536236288841187,13631072441691646733,PU #1,1,,,,,,,
1473075404594234,,3515536236288841187,11193285163854750779,PU #11,1,,,,,,,
1473075404594265,,3515536236288841187,11193285163854750781,PU #0,1,,,,,,,
1473075404594306,,3515536236288841187,11193285163854750776,PU #5,1,,,,,,,
1473075404611347,,13113517856360080385,10513657170332173772,1194854581113672434,4,,,,,,,
1473075404854632,,6668612172445272388,14466306371446881745,4211326425742781729,4,,,,,,,
1473075405203023,,6668612172445272388,14466306371446881756,601339416012259820,4,,,,,,,
1473075406295218,,17791419513990692563,13902580025216557498,10271788448207049051,4,,,,,,,
1473075406401948,,17791419513990692563,4878392893627877155,7704786824220362297,4,,,,,,,
1473075405771302,,14544502915143534380,6848664463873881981,,0,,,,,,,
1473075405771305,,14544502915143534380,13142504389050794959,,0,,,,,,,
1473075406589195,,14544502915143534380,6848664463873881981,PU #10,1,,,,,,,
1473075406589274,,14544502915143534380,13142504389050794959,PU #5,1,,,,,,,
1473075406788494,,17791419513990692563,4878392893627877152,7391601151319146815,4,,,,,,,
1473075406976914,,17791419513990692563,4878392893627877181,1317014969351242130,4,,,,,,,
1473075407004543,,17791419513990692563,4878392893627877183,8082559973412905623,4,,,,,,,
1473075407103374,,17791419513990692563,4878392893627877180,949826589356521781,4,,,,,,,
1473075408219705,,3515536236288841187,11193285163854750781,5271879208164413088,4,,,,,,,
1473075408565400,,17791419513990692563,4878392893627877154,11002865075290528818,4,,,,,,,
1473075407772443,,5708787454802549899,11039327274699513796,,0,,,,,,,
1473075407772445,,5708787454802549899,8326487666043590333,,0,,,,,,,
1473075407772446,,5708787454802549899,8326487666043590334,,0,,,,,,,
1473075407772447,,5708787454802549899,8326487666043590335,,0,,,,,,,
1473075407772447,,5708787454802549899,8326487666043590304,,0,,,,,,,
1473075407772448,,5708787454802549899,8326487666043590305,,0,,,,,,,
1473075407772449,,5708787454802549899,8326487666043590306,,0,,,,,,,
1473075407772449,,5708787454802549899,8326487666043590307,,0,,,,,,,
1473075408590766,,5708787454802549899,8326487666043590334,PU #7,1,,,,,,,
1473075408590816,,5708787454802549899,8326487666043590335,PU #4,1,,,,,,,
1473075408590854,,5708787454802549899,8326487666043590333,PU #11,1,,,,,,,
1473075408590919,,5708787454802549899,8326487666043590307,PU #8,1,,,,,,,
1473075408590981,,5708787454802549899,11039327274699513796,PU #9,1,,,,,,,
1473075408591038,,5708787454802549899,8326487666043590305,PU #2,1,,,,,,,
1473075408591083,,5708787454802549899,8326487666043590306,PU #7,1,,,,,,,
1473075408591127,,5708787454802549899,8326487666043590304,PU #5,1,,,,,,,
1473075410510237,,3515536236288841187,11193285163854750777,2241597724501598327,4,,,,,,,
1473075410874962,,3515536236288841187,11193285163854750759,14166014483846167229,4,,,,,,,
1473075410927718,,3515536236288841187,11193285163854750758,12557099803895192650,4,,,,,,,
1473075410937318,,3515536236288841187,11193285163854750757,10765325155971975255,4,,,,,,,
1473075410947702,,3515536236288841187,11193285163854750780,2537293293005110808,4,,,,,,,
1473075410991952,,3515536236288841187,13631072441691646733,13438039158294865620,4,,,,,,,
1473075411022132,,3515536236288841187,11193285163854750779,12460379842114343060,4,,,,,,,
1473075411066994,,3515536236288841187,11193285163854750770,5863318671790056353,4,,,,,,,
1473075411165104,,3515536236288841187,11193285163854750771,5516936992123921626,4,,,,,,,
1473075411451481,,3515536236288841187,11193285163854750756,10174627833632209238,4,,,,,,,
1473075411727887,,3515536236288841187,11193285163854750778,10751007387648689429,4,,,,,,,
1473075411782707,,3515536236288841187,11193285163854750782,17019520688454287513,4,,,,,,,
1473075412119269,,14544502915143534380,13142504389050794959,6141208748793497031,4,,,,,,,
1473075412304581,,3515536236288841187,11193285163854750776,5394505087920769274,4,,,,,,,
1473075412332019,,3515536236288841187,11193285163854750783,11707690061920952435,4,,,,,,,
1473075411774146,,11856115573455445177,938068151228990417,,0,,,,,,,
1473075411774148,,11856115573455445177,1449560810184361933,,0,,,,,,,
1473075411774148,,11856115573455445177,1449560810184361922,,0,,,,,,,
1473075411774149,,11856115573455445177,1449560810184361923,,0,,,,,,,
1473075411774150,,11856115573455445177,1449560810184361920,,0,,,,,,,
1473075411774151,,11856115573455445177,1449560810184361921,,0,,,,,,,
1473075411774151,,11856115573455445177,1449560810184361926,,0,,,,,,,
1473075411774152,,11856115573455445177,1449560810184361927,,0,,,,,,,
1473075411774152,,11856115573455445177,1449560810184361924,,0,,,,,,,
1473075411774153,,11856115573455445177,1449560810184361925,,0,,,,,,,
1473075411774153,,11856115573455445177,1449560810184361914,,0,,,,,,,
1473075411774154,,11856115573455445177,1449560810184361915,,0,,,,,,,
1473075411774155,,11856115573455445177,1449560810184361912,,0,,,,,,,
1473075411774155,,11856115573455445177,1449560810184361913,,0,,,,,,,
1473075411774156,,11856115573455445177,1449560810184361918,,0,,,,,,,
1473075411774156,,11856115573455445177,1449560810184361919,,0,,,,,,,
1473075412595446,,11856115573455445177,1449560810184361923,PU #4,1,,,,,,,
1473075412595505,,11856115573455445177,1449560810184361918,PU #3,1,,,,,,,
1473075412595554,,11856115573455445177,1449560810184361915,PU #2,1,,,,,,,
1473075412595592,,11856115573455445177,1449560810184361913,PU #11,1,,,,,,,
1473075412595667,,11856115573455445177,1449560810184361921,PU #10,1,,,,,,,
1473075412595723,,11856115573455445177,1449560810184361914,PU #1,1,,,,,,,
1473075412595761,,11856115573455445177,1449560810184361926,PU #0,1,,,,,,,
1473075412595824,,11856115573455445177,1449560810184361912,PU #3,1,,,,,,,
1473075412595861,,11856115573455445177,1449560810184361920,PU #11,1,,,,,,,
1473075412595918,,11856115573455445177,1449560810184361927,PU #0,1,,,,,,,
1473075412595962,,11856115573455445177,1449560810184361919,PU #7,1,,,,,,,
1473075412595999,,11856115573455445177,1449560810184361924,PU #4,1,,,,,,,
1473075412596056,,11856115573455445177,1449560810184361922,PU #2,1,,,,,,,
1473075412596093,,11856115573455445177,1449560810184361933,PU #7,1,,,,,,,
1473075412596146,,11856115573455445177,1449560810184361925,PU #0,1,,,,,,,
1473075412596222,,11856115573455445177,938068151228990417,PU #0,1,,,,,,,
1473075412811151,,14544502915143534380,6848664463873881981,17500053773440512882,4,,,,,,,
1473075413748127,,3515536236288841187,11193285163854750752,6317997230571526151,4,,,,,,,
1473075414262156,,5708787454802549899,8326487666043590333,2714563556218833714,4,,,,,,,
1473075414313042,,5708787454802549899,11039327274699513796,13332782237581996620,4,,,,,,,
1473075413771242,,984160008997824690,3402493468649950672,,0,,,,,,,
1473075413771244,,984160008997824690,6855158542287003731,,0,,,,,,,
1473075414589373,,984160008997824690,6855158542287003731,PU #2,1,,,,,,,
1473075414589426,,984160008997824690,3402493468649950672,PU #5,1,,,,,,,
1473075414730388,,5708787454802549899,8326487666043590307,901725820608602411,4,,,,,,,
1473075414872560,,5708787454802549899,8326487666043590306,4031225411275238912,4,,,,,,,
1473075414967396,,5708787454802549899,8326487666043590304,10565564586520261190,4,,,,,,,
1473075414968528,,5708787454802549899,8326487666043590335,1337437935416403844,4,,,,,,,
1473075415104036,,5708787454802549899,8326487666043590334,12204778727992707733,4,,,,,,,
1473075415988783,,5708787454802549899,8326487666043590305,6687346615178622198,4,,,,,,,
1473075415772479,,5060572860392896514,15238230181313582546,,0,,,,,,,
1473075415772481,,5060572860392896514,4804829590341230127,,0,,,,,,,
1473075415772482,,5060572860392896514,4804829590341230126,,0,,,,,,,
1473075415772483,,5060572860392896514,4804829590341230125,,0,,,,,,,
1473075415772483,,5060572860392896514,4804829590341230124,,0,,,,,,,
1473075415772484,,5060572860392896514,4804829590341230123,,0,,,,,,,
1473075415772485,,5060572860392896514,4804829590341230122,,0,,,,,,,
1473075415772485,,5060572860392896514,4804829590341230121,,0,,,,,,,
1473075416590189,,5060572860392896514,4804829590341230121,PU #5,1,,,,,,,
1473075416590267,,5060572860392896514,4804829590341230122,PU #1,1,,,,,,,
1473075416590307,,5060572860392896514,4804829590341230127,PU #6,1,,,,,,,
1473075416590361,,5060572860392896514,4804829590341230125,PU #3,1,,,,,,,
1473075416590417,,5060572860392896514,4804829590341230126,PU #9,1,,,,,,,
1473075416590462,,5060572860392896514,4804829590341230124,PU #11,1,,,,,,,
1473075416590534,,5060572860392896514,15238230181313582546,PU #3,1,,,,,,,
1473075416590571,,5060572860392896514,4804829590341230123,PU #6,1,,,,,,,
1473075417822642,,984160008997824690,3402493468649950672,2336196215452621013,4,,,,,,,
1473075418283719,,11856115573455445177,938068151228990417,1970804340454449428,4,,,,,,,
1473075418704747,,11856115573455445177,1449560810184361924,16235727350845828058,4,,,,,,,
1473075418834910,,11856115573455445177,1449560810184361920,813429657334564310,4,,,,,,,
1473075418840319,,11856115573455445177,1449560810184361927,8173000874349205772,4,,,,,,,
1473075418859759,,11856115573455445177,1449560810184361926,10765325155971975255,4,,,,,,,
1473075418868836,,11856115573455445177,1449560810184361923,4359099637834760721,4,,,,,,,
1473075418896143,,11856115573455445177,1449560810184361914,14874091376838018736,4,,,,,,,
1473075419274602,,11856115573455445177,1449560810184361913,14624978681244271309,4,,,,,,,
1473075419369788,,11856115573455445177,1449560810184361925,11666615854676652007,4,,,,,,,
1473075419408712,,11856115573455445177,1449560810184361919,2889704414760875669,4,,,,,,,
1473075419569154,,11856115573455445177,1449560810184361933,15001999937617992972,4,,,,,,,
1473075419803538,,11856115573455445177,1449560810184361912,396637621060555347,4,,,,,,,
1473075420035832,,11856115573455445177,1449560810184361921,12557099803895192650,4,,,,,,,
1473075420102124,,11856115573455445177,1449560810184361918,13244780307630691482,4,,,,,,,
1473075419774208,,1616389202300986714,2264003087557435875,,0,,,,,,,
1473075419774210,,1616389202300986714,2521744366585763582,,0,,,,,,,
1473075419774211,,1616389202300986714,2521744366585763569,,0,,,,,,,
1473075419774211,,1616389202300986714,2521744366585763568,,0,,,,,,,
1473075419774212,,1616389202300986714,2521744366585763571,,0,,,,,,,
1473075419774213,,1616389202300986714,2521744366585763570,,0,,,,,,,
1473075419774213,,1616389202300986714,2521744366585763573,,0,,,,,,,
1473075419774214,,1616389202300986714,2521744366585763572,,0,,,,,,,
1473075419774214,,1616389202300986714,2521744366585763575,,0,,,,,,,
1473075419774215,,1616389202300986714,2521744366585763574,,0,,,,,,,
1473075419774216,,1616389202300986714,2521744366585763561,,0,,,,,,,
1473075419774216,,1616389202300986714,2521744366585763560,,0,,,,,,,
1473075419774217,,1616389202300986714,2521744366585763563,,0,,,,,,,
1473075419774217,,1616389202300986714,2521744366585763562,,0,,,,,,,
1473075419774218,,1616389202300986714,2521744366585763565,,0,,,,,,,
1473075419774219,,1616389202300986714,2521744366585763564,,0,,,,,,,
1473075420593725,,1616389202300986714,2521744366585763572,PU #8,1,,,,,,,
1473075420593815,,1616389202300986714,2521744366585763564,PU #1,1,,,,,,,
1473075420593933,,1616389202300986714,2264003087557435875,PU #0,1,,,,,,,
1473075420594004,,1616389202300986714,2521744366585763574,PU #1,1,,,,,,,
1473075420594042,,1616389202300986714,2521744366585763565,PU #0,1,,,,,,,
1473075420594092,,1616389202300986714,2521744366585763575,PU #2,1,,,,,,,
1473075420594147,,1616389202300986714,2521744366585763573,PU #0,1,,,,,,,
1473075420594184,,1616389202300986714,2521744366585763562,PU #1,1,,,,,,,
1473075420594234,,1616389202300986714,2521744366585763582,PU #1,1,,,,,,,
1473075420594290,,1616389202300986714,2521744366585763571,PU #10,1,,,,,,,
1473075420594323,,1616389202300986714,2521744366585763570,PU #8,1,,,,,,,
1473075420594357,,1616389202300986714,2521744366585763560,PU #8,1,,,,,,,
1473075420594389,,1616389202300986714,2521744366585763568,PU #5,1,,,,,,,
1473075420594416,,1616389202300986714,2521744366585763563,PU #2,1,,,,,,,
1473075420594446,,1616389202300986714,2521744366585763561,PU #1,1,,,,,,,
1473075420594478,,1616389202300986714,2521744366585763569,PU #2,1,,,,,,,
1473075420808826,,11856115573455445177,1449560810184361915,4211326425742781729,4,,,,,,,
1473075421004640,,984160008997824690,6855158542287003731,11003231472336175934,4,,,,,,,
1473075422065464,,5060572860392896514,15238230181313582546,16287133358222748034,4,,,,,,,
1473075422278036,,5060572860392896514,4804829590341230121,9683815059672152493,4,,,,,,,
1473075422304999,,5060572860392896514,4804829590341230126,10751007387648689429,4,,,,,,,
1473075422562467,,11856115573455445177,1449560810184361922,579758872671168809,4,,,,,,,
1473075421771279,,4178755649305996464,13752185064994147886,,0,,,,,,,
1473075421771283,,4178755649305996464,9220749505650418094,,0,,,,,,,
1473075422588633,,4178755649305996464,13752185064994147886,PU #4,1,,,,,,,
1473075422588696,,4178755649305996464,9220749505650418094,PU #5,1,,,,,,,
1473075422635936,,5060572860392896514,4804829590341230124,4823014612536374685,4,,,,,,,
1473075423041839,,5060572860392896514,4804829590341230123,7802321937690140433,4,,,,,,,
1473075423226813,,5060572860392896514,4804829590341230127,15573022927344196655,4,,,,,,,
1473075423866464,,5060572860392896514,4804829590341230122,13434545754993672051,4,,,,,,,
1473075423772449,,4845768956136653412,13800272096493987201,,0,,,,,,,
1473075423772452,,4845768956136653412,13540703469899153361,,0,,,,,,,
1473075423772453,,4845768956136653412,13540703469899153362,,0,,,,,,,
1473075423772453,,4845768956136653412,13540703469899153363,,0,,,,,,,
1473075423772455,,4845768956136653412,13540703469899153364,,0,,,,,,,
1473075423772455,,4845768956136653412,13540703469899153365,,0,,,,,,,
1473075423772456,,4845768956136653412,13540703469899153366,,0,,,,,,,
1473075423772456,,4845768956136653412,13540703469899153367,,0,,,,,,,
1473075424591579,,4845768956136653412,13800272096493987201,PU #8,1,,,,,,,
1473075424591636,,4845768956136653412,13540703469899153367,PU #1,1,,,,,,,
1473075424591671,,4845768956136653412,13540703469899153366,PU #7,1,,,,,,,
1473075424591744,,4845768956136653412,13540703469899153362,PU #4,1,,,,,,,
1473075424591793,,4845768956136653412,13540703469899153361,PU #1,1,,,,,,,
1473075424591854,,4845768956136653412,13540703469899153364,PU #8,1,,,,,,,
1473075424591922,,4845768956136653412,13540703469899153365,PU #4,1,,,,,,,
1473075424591988,,4845768956136653412,13540703469899153363,PU #2,1,,,,,,,
1473075424592063,,1616389202300986714,2521744366585763562,10190019964829034468,4,,,,,,,
1473075424818698,,5060572860392896514,4804829590341230125,6317997230571526151,4,,,,,,,
1473075426549997,,1616389202300986714,2521744366585763568,7756253172495085725,4,,,,,,,
1473075426691604,,1616389202300986714,2521744366585763572,8302627968101153554,4,,,,,,,
1473075426765343,,1616389202300986714,2521744366585763573,10765325155971975255,4,,,,,,,
1473075426853508,,1616389202300986714,2521744366585763569,16496069401970343120,4,,,,,,,
1473075426946799,,1616389202300986714,2521744366585763560,4026302462585338931,4,,,,,,,
1473075427129058,,1616389202300986714,2264003087557435875,14706926863855190454,4,,,,,,,
1473075427129398,,1616389202300986714,2521744366585763570,15826476701138252334,4,,,,,,,
1473075427151359,,1616389202300986714,2521744366585763582,17369185670323018193,4,,,,,,,
1473075427288695,,1616389202300986714,2521744366585763564,10400827500498334528,4,,,,,,,
1473075427469547,,1616389202300986714,2521744366585763575,12894803352922165274,4,,,,,,,
1473075427577156,,1616389202300986714,2521744366585763563,6687346615178622198,4,,,,,,,
1473075427779806,,1616389202300986714,2521744366585763565,2979955948507252744,4,,,,,,,
1473075427800583,,1616389202300986714,2521744366585763571,17500053773440512882,4,,,,,,,
1473075427971676,,4178755649305996464,9220749505650418094,3090027667011811656,4,,,,,,,
1473075428091871,,1616389202300986714,2521744366585763574,6464439403077693458,4,,,,,,,
1473075428276765,,4845768956136653412,13540703469899153361,5043229967611942132,4,,,,,,,
1473075428471497,,1616389202300986714,2521744366585763561,195297945363576455,4,,,,,,,
1473075427774165,,5074726299175679628,15214896880935843826,,0,,,,,,,
1473075427774167,,5074726299175679628,16030855591582812288,,0,,,,,,,
1473075427774168,,5074726299175679628,16030855591582812289,,0,,,,,,,
1473075427774169,,5074726299175679628,16030855591582812302,,0,,,,,,,
1473075427774170,,5074726299175679628,16030855591582812303,,0,,,,,,,
1473075427774170,,5074726299175679628,16030855591582812300,,0,,,,,,,
1473075427774171,,5074726299175679628,16030855591582812301,,0,,,,,,,
1473075427774172,,5074726299175679628,16030855591582812298,,0,,,,,,,
1473075427774172,,5074726299175679628,16030855591582812299,,0,,,,,,,
1473075427774173,,5074726299175679628,16030855591582812296,,0,,,,,,,
1473075427774173,,5074726299175679628,16030855591582812297,,0,,,,,,,
1473075427774174,,5074726299175679628,16030855591582812278,,0,,,,,,,
1473075427774174,,5074726299175679628,16030855591582812279,,0,,,,,,,
1473075427774175,,5074726299175679628,16030855591582812276,,0,,,,,,,
1473075427774176,,5074726299175679628,16030855591582812277,,0,,,,,,,
1473075427774176,,5074726299175679628,16030855591582812274,,0,,,,,,,
1473075428594830,,5074726299175679628,16030855591582812302,PU #10,1,,,,,,,
1473075428594882,,5074726299175679628,16030855591582812297,PU #0,1,,,,,,,
1473075428594933,,5074726299175679628,16030855591582812298,PU #2,1,,,,,,,
1473075428594986,,5074726299175679628,16030855591582812276,PU #2,1,,,,,,,
1473075428595034,,5074726299175679628,16030855591582812278,PU #6,1,,,,,,,
1473075428595081,,5074726299175679628,16030855591582812303,PU #2,1,,,,,,,
1473075428595128,,5074726299175679628,16030855591582812288,PU #10,1,,,,,,,
1473075428595183,,5074726299175679628,16030855591582812296,PU #4,1,,,,,,,
1473075428595230,,5074726299175679628,16030855591582812277,PU #5,1,,,,,,,
1473075428595278,,5074726299175679628,16030855591582812299,PU #7,1,,,,,,,
1473075428595332,,5074726299175679628,16030855591582812301,PU #2,1,,,,,,,
1473075428595383,,5074726299175679628,16030855591582812289,PU #4,1,,,,,,,
1473075428595432,,5074726299175679628,16030855591582812279,PU #6,1,,,,,,,
1473075428595565,,5074726299175679628,15214896880935843826,PU #2,1,,,,,,,
1473075428595657,,5074726299175679628,16030855591582812300,PU #3,1,,,,,,,
1473075428595892,,5074726299175679628,16030855591582812274,PU #6,1,,,,,,,
1473075429349628,,4178755649305996464,13752185064994147886,16533785139764650990,4,,,,,,,
1473075430069122,,4845768956136653412,13540703469899153362,15942517049696606813,4,,,,,,,
1473075430072134,,4845768956136653412,13800272096493987201,10491747474756303979,4,,,,,,,
1473075430327514,,4845768956136653412,13540703469899153365,17707286483351613960,4,,,,,,,
1473075430370754,,4845768956136653412,13540703469899153363,5578538654463802037,4,,,,,,,
1473075429771275,,11818910910608696399,2635426044032942888,,0,,,,,,,
1473075429771277,,11818910910608696399,4804976839359192629,,0,,,,,,,
1473075430588210,,11818910910608696399,4804976839359192629,PU #6,1,,,,,,,
1473075430588290,,11818910910608696399,2635426044032942888,PU #7,1,,,,,,,
1473075430818813,,4845768956136653412,13540703469899153366,7391601151319146815,4,,,,,,,
1473075431550894,,4845768956136653412,13540703469899153367,10520257741492348593,4,,,,,,,
1473075431620042,,4845768956136653412,13540703469899153364,9562532040604333167,4,,,,,,,
1473075431772459,,7884551573183232902,6594512025822296663,,0,,,,,,,
1473075431772460,,7884551573183232902,1034108812157484939,,0,,,,,,,
1473075431772462,,7884551573183232902,1034108812157484938,,0,,,,,,,
1473075431772463,,7884551573183232902,1034108812157484937,,0,,,,,,,
1473075431772463,,7884551573183232902,1034108812157484936,,0,,,,,,,
1473075431772464,,7884551573183232902,1034108812157484935,,0,,,,,,,
1473075431772465,,7884551573183232902,1034108812157484934,,0,,,,,,,
1473075431772465,,7884551573183232902,1034108812157484933,,0,,,,,,,
1473075432595389,,7884551573183232902,1034108812157484939,PU #2,1,,,,,,,
1473075432595442,,7884551573183232902,1034108812157484937,PU #10,1,,,,,,,
1473075432597267,,7884551573183232902,1034108812157484934,PU #0,1,,,,,,,
1473075432597630,,7884551573183232902,6594512025822296663,PU #7,1,,,,,,,
1473075432597709,,7884551573183232902,1034108812157484933,PU #9,1,,,,,,,
1473075432597928,,7884551573183232902,1034108812157484938,PU #3,1,,,,,,,
1473075432598046,,7884551573183232902,1034108812157484936,PU #4,1,,,,,,,
1473075432598120,,7884551573183232902,1034108812157484935,PU #1,1,,,,,,,
1473075434627187,,5074726299175679628,16030855591582812279,6104904623491109916,4,,,,,,,
1473075434715965,,5074726299175679628,16030855591582812276,10615991138680815920,4,,,,,,,
1473075434900565,,5074726299175679628,16030855591582812302,14302353196813480184,4,,,,,,,
1473075434925561,,5074726299175679628,16030855591582812301,7553729303218201120,4,,,,,,,
1473075435034050,,5074726299175679628,16030855591582812298,4576144087033202768,4,,,,,,,
1473075435061374,,5074726299175679628,16030855591582812297,14706926863855190454,4,,,,,,,
1473075435114399,,5074726299175679628,16030855591582812288,1094175440307761364,4,,,,,,,
1473075435137859,,5074726299175679628,16030855591582812299,7508694909308569378,4,,,,,,,
1473075435140523,,5074726299175679628,16030855591582812278,1732732006999019066,4,,,,,,,
1473075435288715,,5074726299175679628,16030855591582812300,7752864421705534428,4,,,,,,,
1473075435307310,,5074726299175679628,16030855591582812303,7186126359195663679,4,,,,,,,
1473075435335070,,11818910910608696399,2635426044032942888,7387934833749858991,4,,,,,,,
1473075435396705,,5074726299175679628,16030855591582812274,8429845321832454827,4,,,,,,,
1473075435714493,,5074726299175679628,16030855591582812277,3090027667011811656,4,,,,,,,
1473075435720987,,5074726299175679628,16030855591582812296,1337437935416403844,4,,,,,,,
1473075436087132,,7884551573183232902,1034108812157484937,14367799139054039917,4,,,,,,,
1473075436307139,,11818910910608696399,4804976839359192629,10969028466315656022,4,,,,,,,
1473075435774324,,4519448179709661148,354583056583709401,,0,,,,,,,
1473075435774326,,4519448179709661148,1094954755331407289,,0,,,,,,,
1473075435774327,,4519448179709661148,1094954755331407294,,0,,,,,,,
1473075435774327,,4519448179709661148,1094954755331407295,,0,,,,,,,
1473075435774328,,4519448179709661148,1094954755331407292,,0,,,,,,,
1473075435774328,,4519448179709661148,1094954755331407293,,0,,,,,,,
1473075435774329,,4519448179709661148,1094954755331407282,,0,,,,,,,
1473075435774330,,4519448179709661148,1094954755331407283,,0,,,,,,,
1473075435774330,,4519448179709661148,1094954755331407280,,0,,,,,,,
1473075435774333,,4519448179709661148,1094954755331407281,,0,,,,,,,
1473075435774333,,4519448179709661148,1094954755331407286,,0,,,,,,,
1473075435774334,,4519448179709661148,1094954755331407287,,0,,,,,,,
1473075435774334,,4519448179709661148,1094954755331407284,,0,,,,,,,
1473075435774335,,4519448179709661148,1094954755331407285,,0,,,,,,,
1473075435774336,,4519448179709661148,1094954755331407242,,0,,,,,,,
1473075435774336,,4519448179709661148,1094954755331407243,,0,,,,,,,
1473075436595964,,4519448179709661148,1094954755331407243,PU #6,1,,,,,,,
1473075436596019,,4519448179709661148,1094954755331407284,PU #5,1,,,,,,,
1473075436596058,,4519448179709661148,1094954755331407282,PU #4,1,,,,,,,
1473075436596124,,4519448179709661148,1094954755331407285,PU #10,1,,,,,,,
1473075436596172,,4519448179709661148,1094954755331407280,PU #3,1,,,,,,,
1473075436596244,,4519448179709661148,1094954755331407292,PU #0,1,,,,,,,
1473075436596346,,4519448179709661148,354583056583709401,PU #7,1,,,,,,,
1473075436596384,,4519448179709661148,1094954755331407289,PU #6,1,,,,,,,
1473075436596425,,4519448179709661148,1094954755331407294,PU #8,1,,,,,,,
1473075436596467,,4519448179709661148,1094954755331407242,PU #7,1,,,,,,,
1473075436596506,,4519448179709661148,1094954755331407295,PU #4,1,,,,,,,
1473075436596537,,4519448179709661148,1094954755331407293,PU #9,1,,,,,,,
1473075436596675,,4519448179709661148,1094954755331407286,PU #0,1,,,,,,,
1473075436596719,,4519448179709661148,1094954755331407281,PU #3,1,,,,,,,
1473075436596761,,4519448179709661148,1094954755331407287,PU #2,1,,,,,,,
1473075436596840,,4519448179709661148,1094954755331407283,PU #5,1,,,,,,,
1473075437194051,,5074726299175679628,16030855591582812289,1433790454915598971,4,,,,,,,
1473075437375951,,5074726299175679628,15214896880935843826,4211326425742781729,4,,,,,,,
1473075438086978,,7884551573183232902,6594512025822296663,15001999937617992972,4,,,,,,,
1473075438174094,,7884551573183232902,1034108812157484935,13438039158294865620,4,,,,,,,
1473075438200191,,7884551573183232902,1034108812157484939,385669334771756718,4,,,,,,,
1473075437771318,,5344682480639786268,8979526089346932948,,0,,,,,,,
1473075437771326,,5344682480639786268,10877617333814787963,,0,,,,,,,
1473075438588663,,5344682480639786268,8979526089346932948,PU #0,1,,,,,,,
1473075438588726,,5344682480639786268,10877617333814787963,PU #0,1,,,,,,,
1473075438837209,,7884551573183232902,1034108812157484936,17773903813606055295,4,,,,,,,
1473075439135620,,7884551573183232902,1034108812157484933,8618896319653096782,4,,,,,,,
1473075440129754,,7884551573183232902,1034108812157484938,17950505822994386962,4,,,,,,,
1473075440193592,,4519448179709661148,1094954755331407281,601339416012259820,4,,,,,,,
1473075440281733,,7884551573183232902,1034108812157484934,1091106185567335342,4,,,,,,,
1473075439772499,,18250758956428369668,4075541838023115854,,0,,,,,,,
1473075439772502,,18250758956428369668,13949894771310606579,,0,,,,,,,
1473075439772504,,18250758956428369668,13949894771310606578,,0,,,,,,,
1473075439772504,,18250758956428369668,13949894771310606589,,0,,,,,,,
1473075439772505,,18250758956428369668,13949894771310606588,,0,,,,,,,
1473075439772506,,18250758956428369668,13949894771310606591,,0,,,,,,,
1473075439772506,,18250758956428369668,13949894771310606590,,0,,,,,,,
1473075439772507,,18250758956428369668,13949894771310606585,,0,,,,,,,
1473075440591408,,18250758956428369668,13949894771310606590,PU #6,1,,,,,,,
1473075440591479,,18250758956428369668,4075541838023115854,PU #2,1,,,,,,,
1473075440591539,,18250758956428369668,13949894771310606588,PU #10,1,,,,,,,
1473075440591586,,18250758956428369668,13949894771310606589,PU #5,1,,,,,,,
1473075440591645,,18250758956428369668,13949894771310606579,PU #0,1,,,,,,,
1473075440591680,,18250758956428369668,13949894771310606578,PU #1,1,,,,,,,
1473075440591737,,18250758956428369668,13949894771310606585,PU #3,1,,,,,,,
1473075440591793,,18250758956428369668,13949894771310606591,PU #6,1,,,,,,,
1473075441947807,,5344682480639786268,10877617333814787963,2202284851991273404,4,,,,,,,
1473075441970904,,4519448179709661148,354583056583709401,2477456734015409495,4,,,,,,,
1473075442294441,,4519448179709661148,1094954755331407285,12557099803895192650,4,,,,,,,
1473075442503994,,4519448179709661148,1094954755331407280,12728293783028477144,4,,,,,,,
1473075442652498,,4519448179709661148,1094954755331407293,2082520723073042301,4,,,,,,,
1473075442865941,,4519448179709661148,1094954755331407292,12077187904412646427,4,,,,,,,
1473075443229116,,4519448179709661148,1094954755331407243,546457904509994483,4,,,,,,,
1473075443411810,,4519448179709661148,1094954755331407295,9840361996135650556,4,,,,,,,
1473075443440084,,4519448179709661148,1094954755331407294,15826476701138252334,4,,,,,,,
1473075443466576,,4519448179709661148,1094954755331407282,949826589356521781,4,,,,,,,
1473075443467967,,4519448179709661148,1094954755331407287,13053039282336638059,4,,,,,,,
1473075443725958,,4519448179709661148,1094954755331407242,2537293293005110808,4,,,,,,,
1473075443848338,,4519448179709661148,1094954755331407289,1484233998206370020,4,,,,,,,
1473075444223993,,5344682480639786268,8979526089346932948,2859969463153354319,4,,,,,,,
1473075444326860,,4519448179709661148,1094954755331407283,10565564586520261190,4,,,,,,,
1473075444521738,,4519448179709661148,1094954755331407284,12154387851321249086,4,,,,,,,
1473075443774183,,5509924630547133742,10674796169714153110,,0,,,,,,,
1473075443774185,,5509924630547133742,18048289495206031448,,0,,,,,,,
1473075443774187,,5509924630547133742,18048289495206031449,,0,,,,,,,
1473075443774187,,5509924630547133742,18048289495206031430,,0,,,,,,,
1473075443774188,,5509924630547133742,18048289495206031431,,0,,,,,,,
1473075443774189,,5509924630547133742,18048289495206031428,,0,,,,,,,
1473075443774189,,5509924630547133742,18048289495206031429,,0,,,,,,,
1473075443774190,,5509924630547133742,18048289495206031426,,0,,,,,,,
1473075443774191,,5509924630547133742,18048289495206031427,,0,,,,,,,
1473075443774191,,5509924630547133742,18048289495206031424,,0,,,,,,,
1473075443774192,,5509924630547133742,18048289495206031425,,0,,,,,,,
1473075443774192,,5509924630547133742,18048289495206031438,,0,,,,,,,
1473075443774193,,5509924630547133742,18048289495206031439,,0,,,,,,,
1473075443774193,,5509924630547133742,18048289495206031436,,0,,,,,,,
1473075443774194,,5509924630547133742,18048289495206031437,,0,,,,,,,
1473075443774194,,5509924630547133742,18048289495206031434,,0,,,,,,,
1473075444593203,,5509924630547133742,18048289495206031424,PU #4,1,,,,,,,
1473075444593261,,5509924630547133742,18048289495206031439,PU #0,1,,,,,,,
1473075444593311,,5509924630547133742,18048289495206031428,PU #1,1,,,,,,,
1473075444593365,,5509924630547133742,18048289495206031429,PU #4,1,,,,,,,
1473075444593409,,5509924630547133742,18048289495206031427,PU #7,1,,,,,,,
1473075444593453,,5509924630547133742,18048289495206031431,PU #11,1,,,,,,,
1473075444593491,,5509924630547133742,18048289495206031448,PU #7,1,,,,,,,
1473075444593528,,5509924630547133742,18048289495206031434,PU #10,1,,,,,,,
1473075444593597,,5509924630547133742,18048289495206031438,PU #6,1,,,,,,,
1473075444593731,,5509924630547133742,18048289495206031437,PU #6,1,,,,,,,
1473075444593787,,5509924630547133742,18048289495206031425,PU #3,1,,,,,,,
1473075444593929,,5509924630547133742,18048289495206031426,PU #5,1,,,,,,,
1473075444594039,,5509924630547133742,18048289495206031430,PU #8,1,,,,,,,
1473075444594122,,5509924630547133742,10674796169714153110,PU #3,1,,,,,,,
1473075444594166,,5509924630547133742,18048289495206031449,PU #5,1,,,,,,,
1473075444594217,,5509924630547133742,18048289495206031436,PU #4,1,,,,,,,
1473075444944200,,4519448179709661148,1094954755331407286,1030441944195946081,4,,,,,,,
1473075445689841,,18250758956428369668,4075541838023115854,14166014483846167229,4,,,,,,,
1473075446292688,,18250758956428369668,13949894771310606579,11726201298440472361,4,,,,,,,
1473075446532850,,18250758956428369668,13949894771310606588,6408163282291632118,4,,,,,,,
1473075446590945,,18250758956428369668,13949894771310606590,8375227504753369829,4,,,,,,,
1473075446643857,,18250758956428369668,13949894771310606578,15247786840751950142,4,,,,,,,
1473075446941059,,18250758956428369668,13949894771310606589,2997059870161885313,4,,,,,,,
1473075447199580,,18250758956428369668,13949894771310606591,3709103589954386985,4,,,,,,,
1473075448131207,,18250758956428369668,13949894771310606585,6317997230571526151,4,,,,,,,
1473075450468166,,5509924630547133742,18048289495206031427,4031225411275238912,4,,,,,,,
1473075450721225,,5509924630547133742,18048289495206031425,14898056167053154783,4,,,,,,,
1473075450734640,,5509924630547133742,18048289495206031434,15445664506677349619,4,,,,,,,
1473075450748897,,5509924630547133742,10674796169714153110,6650594162456571482,4,,,,,,,
1473075450758266,,5509924630547133742,18048289495206031429,4359099637834760721,4,,,,,,,
1473075450816181,,5509924630547133742,18048289495206031436,17707286483351613960,4,,,,,,,
1473075450879053,,5509924630547133742,18048289495206031448,2537293293005110808,4,,,,,,,
1473075450879218,,5509924630547133742,18048289495206031449,12837175779377048704,4,,,,,,,
1473075450903226,,5509924630547133742,18048289495206031439,7279934743355405668,4,,,,,,,
1473075450927094,,5509924630547133742,18048289495206031430,12161662486147087237,4,,,,,,,
1473075451044434,,5509924630547133742,18048289495206031438,226256904578572410,4,,,,,,,
1473075451104447,,5509924630547133742,18048289495206031424,6094459979616030209,4,,,,,,,
1473075451173342,,5509924630547133742,18048289495206031437,1097693179345526455,4,,,,,,,
1473075451187603,,5509924630547133742,18048289495206031431,4820898362058992477,4,,,,,,,
1473075451451824,,5509924630547133742,18048289495206031428,6464439403077693458,4,,,,,,,
1473075452775992,,5509924630547133742,18048289495206031426,12154387851321249086,4,,,,,,,
