1462853652081240,5531,957,14615,0,0,0,2,2,40,1349,0,1814,3,4,2,1288,57,1,1,2,0,56,56,1287,2,1,2,408,0,0,0,0,0,0,0,0,0,4,0,0,0,0,3,0,0,0,0,0,0,0
1462853655582694,6792,1959,15754,0,0,0,10,8,0,9,0,25,41,16,8,0,0,1,0,8,0,0,0,0,8,1,8,0,0,0,0,0,0,0,0,0,0,16,0,0,0,0,15,0,0,26,0,0,0,0
1462853659086445,6716,0,17836,0,0,0,24,18,0,43,3,101,61,48,16,0,26,1,0,16,0,26,26,0,16,1,16,0,1,2,0,0,0,0,0,16,0,32,0,0,0,0,31,0,0,30,0,0,0,0
1462853662590982,7316,0,22493,0,0,0,31,21,0,41,7,133,47,74,14,0,26,1,0,30,0,26,32,0,30,1,14,0,0,7,0,0,0,0,0,46,0,28,0,0,0,0,27,0,0,20,0,0,0,0
1462853664427985,6615,0,19423,0,0,0,30,1,0,71,1,163,35,17,0,0,71,0,0,0,0,71,92,0,0,0,0,0,0,1,0,0,0,0,0,17,0,0,0,0,0,0,0,0,0,35,0,0,0,0
1462853665144885,6402,2130,18344,0,0,0,28,2,0,9,2,25,30,89,0,0,9,0,0,0,0,9,16,0,0,0,0,0,0,2,0,0,0,0,0,89,0,0,0,0,0,0,0,0,0,30,0,0,0,0
1462853665262746,5850,0,13718,0,0,0,27,1,0,0,1,1,37,3,0,0,0,0,0,0,0,0,1,0,0,0,0,0,0,1,0,0,0,0,0,3,0,0,0,0,0,0,0,0,0,37,0,0,0,0
1462853665687467,6205,0,17640,0,0,0,23,4,0,0,4,14,36,2,0,0,0,0,0,0,0,0,14,0,0,0,0,0,0,4,0,0,0,0,0,2,0,0,0,0,0,0,0,0,0,36,0,0,0,0
1462853665951213,6409,0,18018,0,0,0,18,5,0,0,5,2,32,11,0,0,0,0,0,0,0,0,2,0,0,0,0,0,0,5,0,0,0,0,0,11,0,0,0,0,0,0,0,0,0,32,0,0,0,0
1462853666085524,7498,1958,19507,0,0,0,18,4,0,3,2,9,34,4,2,0,0,1,0,2,0,0,2,0,2,1,2,0,0,2,0,0,0,0,0,0,0,4,0,0,0,0,3,0,0,31,0,0,0,0
1462853666274666,5694,457,16873,0,0,0,16,2,0,0,142,2,26,11,0,0,0,0,0,0,0,0,2,0,0,0,0,0,0,2,0,140,0,0,0,11,0,0,0,0,0,0,0,0,0,26,0,0,0,0
1462853666328248,5684,0,16266,0,0,0,15,1,0,0,1,0,27,1,0,0,0,0,0,0,0,0,0,0,0,0,0,0,0,1,0,0,0,0,0,1,0,0,0,0,0,0,0,0,0,27,0,0,0,0
1462853666471086,5972,451,16859,0,0,0,14,1,0,0,1,0,29,1,0,0,0,0,0,0,0,0,0,0,0,0,0,0,0,1,0,0,0,0,0,1,0,0,0,0,0,0,0,0,0,29,0,0,0,0
1462853666555265,4973,0,12291,0,0,0,13,1,0,1,1,4,27,0,0,0,1,0,0,0,0,1,3,0,0,0,0,0,0,1,0,0,0,0,0,0,0,0,0,0,0,0,0,0,0,27,0,0,0,0
1462853667196233,6003,0,17544,0,0,0,11,2,0,16,2,32,21,10,0,0,16,0,0,0,0,16,16,0,0,0,0,0,0,2,0,0,0,0,0,10,0,0,0,0,0,0,0,0,0,21,0,0,0,0
1462853667433187,6434,231,17667,0,0,0,10,1,0,3,1,6,26,12,0,0,3,0,0,0,0,3,3,0,0,0,0,0,0,1,0,0,0,0,0,12,0,0,0,0,0,0,0,0,0,26,0,0,0,0
1462853668155746,5945,0,17384,0,0,0,9,1,0,0,1,0,25,2,0,0,0,0,0,0,0,0,0,0,0,0,0,0,0,1,0,0,0,0,0,2,0,0,0,0,0,0,0,0,0,25,0,0,0,0
1462853668173435,6049,0,16604,0,0,0,8,1,0,0,1,0,7,0,0,0,0,0,0,0,0,0,0,0,0,0,0,0,0,1,0,0,0,0,0,0,0,0,0,0,0,0,0,0,0,7,0,0,0,0
1462853669586683,7079,2303,19417,0,0,0,16,8,0,15,0,51,42,16,8,0,6,1,0,8,0,6,20,0,8,1,8,0,0,0,0,0,0,0,0,0,0,16,0,0,0,0,15,0,0,27,0,0,0,0
1462853673087342,6901,2823,18720,0,0,0,30,18,0,27,3,89,67,48,16,0,10,1,0,26,0,10,10,0,26,1,16,0,1,2,0,0,0,0,0,16,0,32,0,0,0,0,31,0,0,36,0,0,0,0
1462853673612990,5549,502,14553,0,0,0,29,1,0,85,57,180,18,40,0,0,85,0,0,0,0,85,95,0,0,0,0,0,0,1,0,56,0,0,0,40,0,0,0,0,0,0,0,0,0,18,0,0,0,0
1462853676584970,6781,1750,16832,0,0,0,37,20,0,65,6,143,57,109,14,0,50,1,0,14,0,50,50,0,14,1,14,0,0,6,0,0,0,0,0,81,0,28,0,0,0,0,27,0,0,30,0,0,0,0
1462853678820074,5766,534,14717,0,0,0,35,2,0,43,2,140,26,50,0,0,43,0,0,15,0,43,67,0,15,0,0,0,0,2,0,0,0,0,0,50,0,0,0,0,0,0,0,0,0,26,0,0,0,0
1462853678921630,5670,0,13864,0,0,0,34,1,0,0,1,2,65,10,0,0,0,0,0,0,0,0,2,0,0,0,0,0,0,1,0,0,0,0,0,10,0,0,0,0,0,0,0,0,0,65,0,0,0,0
1462853679157686,5662,526,13925,0,0,0,33,1,0,8,1,29,30,49,0,0,8,0,0,0,0,8,21,0,0,0,0,0,0,1,0,0,0,0,0,49,0,0,0,0,0,0,0,0,0,30,0,0,0,0
1462853679705081,6071,514,14221,0,0,0,27,6,0,4,6,16,22,29,0,0,4,0,0,0,0,4,12,0,0,0,0,0,0,6,0,0,0,0,0,29,0,0,0,0,0,0,0,0,0,22,0,0,0,0
1462853679722613,5665,0,13798,0,0,0,26,1,0,0,1,0,18,0,0,0,0,0,0,0,0,0,0,0,0,0,0,0,0,1,0,0,0,0,0,0,0,0,0,0,0,0,0,0,0,18,0,0,0,0
1462853679962272,5916,503,13902,0,0,0,25,1,0,1,1,4,20,3,0,0,1,0,0,0,0,1,3,0,0,0,0,0,0,1,0,0,0,0,0,3,0,0,0,0,0,0,0,0,0,20,0,0,0,0
1462853679976344,5641,246,13701,0,0,0,24,1,0,0,1,0,1,0,0,0,0,0,0,0,0,0,0,0,0,0,0,0,0,1,0,0,0,0,0,0,0,0,0,0,0,0,0,0,0,1,0,0,0,0
1462853680043473,5515,0,13614,0,0,0,23,1,0,0,1,2,23,0,0,0,0,0,0,0,0,0,2,0,0,0,0,0,0,1,0,0,0,0,0,0,0,0,0,0,0,0,0,0,0,23,0,0,0,0
1462853680080650,6364,1742,14748,0,0,0,24,3,0,3,173,7,26,5,2,0,0,1,0,2,0,0,0,0,2,1,2,0,0,1,0,172,0,0,0,1,0,4,0,0,0,0,3,0,0,23,0,0,0,0
1462853680209828,5175,487,12607,0,0,0,21,3,0,13,3,26,20,6,0,0,13,0,0,0,0,13,13,0,0,0,0,0,0,3,0,0,0,0,0,6,0,0,0,0,0,0,0,0,0,20,0,0,0,0
1462853680235419,6064,0,13463,0,0,0,20,1,0,0,1,0,30,2,0,0,0,0,0,0,0,0,0,0,0,0,0,0,0,1,0,0,0,0,0,2,0,0,0,0,0,0,0,0,0,30,0,0,0,0
1462853680846150,5726,491,13962,0,0,0,16,4,0,22,4,51,19,13,0,0,22,0,0,0,0,22,29,0,0,0,0,0,0,4,0,0,0,0,0,13,0,0,0,0,0,0,0,0,0,19,0,0,0,0
1462853682799408,5101,484,13321,0,0,0,10,6,0,3,8,19,24,27,0,0,3,0,0,0,0,3,16,0,0,0,0,0,2,6,0,0,0,0,0,27,0,0,0,0,0,0,0,0,0,24,0,0,0,0
1462853683584465,7632,2016,17319,0,0,0,18,8,0,9,0,33,39,37,8,0,0,1,0,11,0,0,2,0,11,1,8,0,0,0,0,0,0,0,0,21,0,16,0,0,0,0,15,0,0,24,0,0,0,0
1462853685073145,5105,491,13264,0,0,0,17,1,0,18,1,49,20,16,0,0,18,0,0,0,0,18,31,0,0,0,0,0,0,1,0,0,0,0,0,16,0,0,0,0,0,0,0,0,0,20,0,0,0,0
1462853687086916,6952,2824,18271,0,0,0,30,19,0,17,5,57,59,47,16,0,0,1,0,16,0,0,8,0,16,1,16,0,2,3,0,0,0,0,0,15,0,32,0,0,0,0,31,0,0,28,0,0,0,0
1462853690585832,7003,2879,17082,0,0,0,36,22,0,49,9,126,46,53,14,0,34,1,0,14,0,34,49,0,14,1,14,0,1,8,0,0,0,0,0,25,0,28,0,0,0,0,27,0,0,19,0,0,0,0
1462853692822289,6747,0,21947,0,0,0,34,2,0,33,3,119,25,37,0,0,33,0,0,14,0,33,58,0,14,0,0,0,1,2,0,0,0,0,0,37,0,0,0,0,0,0,0,0,0,25,0,0,0,0
1462853693406643,6397,494,20415,0,0,0,32,2,0,8,109,28,43,40,0,0,8,0,0,0,0,8,20,0,0,0,0,0,0,2,0,107,0,0,0,40,0,0,0,0,0,0,0,0,0,43,0,0,0,0
1462853693610993,6472,513,20879,0,0,0,28,4,0,17,4,54,36,23,0,0,17,0,0,10,0,17,17,0,10,0,0,0,0,4,0,0,0,0,0,23,0,0,0,0,0,0,0,0,0,36,0,0,0,0
1462853693646360,6439,511,20164,0,0,0,27,1,0,3,1,8,46,0,0,0,3,0,0,0,0,3,5,0,0,0,0,0,0,1,0,0,0,0,0,0,0,0,0,0,0,0,0,0,0,46,0,0,0,0
1462853694055572,6435,492,20130,0,0,0,24,3,0,5,3,12,28,22,0,0,5,0,0,0,0,5,7,0,0,0,0,0,0,3,0,0,0,0,0,22,0,0,0,0,0,0,0,0,0,28,0,0,0,0
1462853694080605,6712,2736,14778,0,0,0,25,3,0,12,1,26,31,5,2,0,9,1,0,2,0,9,10,0,2,1,2,0,0,1,0,0,0,0,0,1,0,4,0,0,0,0,3,0,0,28,0,0,0,0
1462853694483384,6361,505,20985,0,0,0,21,4,0,0,4,24,19,31,0,0,0,0,0,0,0,0,24,0,0,0,0,0,0,4,0,0,0,0,0,31,0,0,0,0,0,0,0,0,0,19,0,0,0,0
1462853694541890,6394,491,20038,0,0,0,20,1,0,0,1,0,29,1,0,0,0,0,0,0,0,0,0,0,0,0,0,0,0,1,0,0,0,0,0,1,0,0,0,0,0,0,0,0,0,29,0,0,0,0
1462853694600786,6328,2096,19865,0,0,0,18,2,0,0,2,1,30,11,0,0,0,0,0,0,0,0,1,0,0,0,0,0,0,2,0,0,0,0,0,11,0,0,0,0,0,0,0,0,0,30,0,0,0,0
1462853694808930,6299,2069,20433,0,0,0,15,3,0,1,3,9,31,1,0,0,1,0,0,0,0,1,8,0,0,0,0,0,0,3,0,0,0,0,0,1,0,0,0,0,0,0,0,0,0,31,0,0,0,0
1462853695313823,6158,490,20490,0,0,0,14,1,0,0,1,4,24,12,0,0,0,0,0,0,0,0,4,0,0,0,0,0,0,1,0,0,0,0,0,12,0,0,0,0,0,0,0,0,0,24,0,0,0,0
1462853695548399,6059,0,19854,0,0,0,13,1,0,0,59,4,26,1,0,0,0,0,0,0,0,0,4,0,0,0,0,0,0,1,0,58,0,0,0,1,0,0,0,0,0,0,0,0,0,26,0,0,0,0
1462853695633809,6118,0,19415,0,0,0,12,1,0,0,1,0,23,0,0,0,0,0,0,0,0,0,0,0,0,0,0,0,0,1,0,0,0,0,0,0,0,0,0,0,0,0,0,0,0,23,0,0,0,0
1462853696443002,6113,472,19824,0,0,0,11,1,0,3,1,6,28,3,0,0,3,0,0,0,0,3,3,0,0,0,0,0,0,1,0,0,0,0,0,3,0,0,0,0,0,0,0,0,0,28,0,0,0,0
1462853697098440,6032,0,20084,0,0,0,10,1,0,1,1,2,25,2,0,0,1,0,0,0,0,1,1,0,0,0,0,0,0,1,0,0,0,0,0,2,0,0,0,0,0,0,0,0,0,25,0,0,0,0
1462853697583306,7170,2444,16032,0,0,0,18,8,0,22,0,56,42,16,8,0,13,1,0,8,0,13,18,0,8,1,8,0,0,0,0,0,0,0,0,0,0,16,0,0,0,0,15,0,0,27,0,0,0,0
1462853701086437,5754,0,17299,0,0,0,32,18,0,18,3,51,57,61,16,0,1,1,0,16,0,1,1,0,16,1,16,0,1,2,0,0,0,0,0,29,0,32,0,0,0,0,31,0,0,26,0,0,0,0
1462853704585425,7175,2917,17312,0,0,0,40,20,0,33,6,137,46,42,14,0,18,1,0,31,0,18,42,0,31,1,14,0,0,6,0,0,0,0,0,14,0,28,0,0,0,0,27,0,0,19,0,0,0,0
1462853705757443,6752,261,20701,0,0,0,38,2,0,41,2,90,16,47,0,0,41,0,0,0,0,41,49,0,0,0,0,0,0,2,0,0,0,0,0,47,0,0,0,0,0,0,0,0,0,16,0,0,0,0
1462853706907921,5573,527,13925,0,0,0,36,2,0,9,2,36,23,42,0,0,9,0,0,0,0,9,27,0,0,0,0,0,0,2,0,0,0,0,0,42,0,0,0,0,0,0,0,0,0,23,0,0,0,0
1462853706959103,5521,0,13267,0,0,0,35,1,0,0,1,12,24,12,0,0,0,0,0,0,0,0,12,0,0,0,0,0,0,1,0,0,0,0,0,12,0,0,0,0,0,0,0,0,0,24,0,0,0,0
1462853707002618,5379,0,12922,0,0,0,34,1,0,0,82,1,35,0,0,0,0,0,0,0,0,0,1,0,0,0,0,0,0,1,0,81,0,0,0,0,0,0,0,0,0,0,0,0,0,35,0,0,0,0
1462853707497719,5191,0,12844,0,0,0,31,3,0,12,3,24,21,24,0,0,12,0,0,0,0,12,12,0,0,0,0,0,0,3,0,0,0,0,0,24,0,0,0,0,0,0,0,0,0,21,0,0,0,0
1462853707584756,5285,0,12741,0,0,0,29,2,0,0,2,0,23,0,0,0,0,0,0,0,0,0,0,0,0,0,0,0,0,2,0,0,0,0,0,0,0,0,0,0,0,0,0,0,0,23,0,0,0,0
1462853707880610,5268,515,12986,0,0,0,27,2,0,25,2,54,19,0,0,0,25,0,0,0,0,25,29,0,0,0,0,0,0,2,0,0,0,0,0,0,0,0,0,0,0,0,0,0,0,19,0,0,0,0
1462853708079762,5809,0,13996,0,0,0,27,4,0,4,2,9,36,16,2,0,1,1,0,2,0,1,1,0,2,1,2,0,0,2,0,0,0,0,0,12,0,4,0,0,0,0,3,0,0,33,0,0,0,0
1462853708464538,6047,255,14329,0,0,0,22,5,0,1,5,6,21,18,0,0,1,0,0,0,0,1,5,0,0,0,0,0,0,5,0,0,0,0,0,18,0,0,0,0,0,0,0,0,0,21,0,0,0,0
1462853708694206,4986,0,13082,0,0,0,21,1,0,0,1,0,24,1,0,0,0,0,0,0,0,0,0,0,0,0,0,0,0,1,0,0,0,0,0,1,0,0,0,0,0,0,0,0,0,24,0,0,0,0
1462853708787593,5284,0,12841,0,0,0,20,1,0,0,1,1,25,0,0,0,0,0,0,0,0,0,1,0,0,0,0,0,0,1,0,0,0,0,0,0,0,0,0,0,0,0,0,0,0,25,0,0,0,0
1462853709102910,5921,498,14169,0,0,0,19,1,0,0,1,1,24,0,0,0,0,0,0,0,0,0,1,0,0,0,0,0,0,1,0,0,0,0,0,0,0,0,0,0,0,0,0,0,0,24,0,0,0,0
1462853709174472,5944,0,13667,0,0,0,18,1,0,0,1,2,25,0,0,0,0,0,0,0,0,0,2,0,0,0,0,0,0,1,0,0,0,0,0,0,0,0,0,0,0,0,0,0,0,25,0,0,0,0
1462853710112392,5750,2034,13911,0,0,0,16,2,0,0,46,1,27,2,0,0,0,0,0,0,0,0,1,0,0,0,0,0,0,2,0,44,0,0,0,2,0,0,0,0,0,0,0,0,0,27,0,0,0,0
1462853711583390,7201,0,15759,0,0,0,24,8,0,12,0,31,39,16,8,0,3,1,0,8,0,3,3,0,8,1,8,0,0,0,0,0,0,0,0,0,0,16,0,0,0,0,15,0,0,24,0,0,0,0
1462853715087246,6696,2068,18630,0,0,0,38,18,0,42,3,119,54,52,16,0,25,1,0,26,0,25,25,0,26,1,16,0,1,2,0,0,0,0,0,20,0,32,0,0,0,0,31,0,0,23,0,0,0,0
1462853718588249,7857,0,19853,0,0,0,48,18,0,60,4,143,50,61,14,0,45,1,0,14,0,45,55,0,14,1,14,0,0,4,0,0,0,0,0,33,0,28,0,0,0,0,27,0,0,23,0,0,0,0
1462853719134078,6086,0,15854,0,0,0,46,2,0,109,2,241,48,20,0,0,109,0,0,0,0,109,132,0,0,0,0,0,0,2,0,0,0,0,0,20,0,0,0,0,0,0,0,0,0,48,0,0,0,0
1462853719158686,6081,543,15248,0,0,0,45,1,0,0,1,29,186,0,0,0,0,0,0,14,0,0,1,0,14,0,0,0,0,1,0,0,0,0,0,0,0,0,0,0,0,0,0,0,0,186,0,0,0,0
1462853721249553,5733,521,14848,0,0,0,41,4,0,1,5,16,49,142,0,0,1,0,0,0,0,1,15,0,0,0,0,0,1,4,0,0,0,0,0,142,0,0,0,0,0,0,0,0,0,49,0,0,0,0
1462853721275782,5941,0,14274,0,0,0,40,1,0,0,1,1,44,1,0,0,0,0,0,0,0,0,1,0,0,0,0,0,0,1,0,0,0,0,0,1,0,0,0,0,0,0,0,0,0,44,0,0,0,0
1462853721312430,5734,263,13865,0,0,0,38,2,0,0,2,1,43,4,0,0,0,0,0,0,0,0,1,0,0,0,0,0,0,2,0,0,0,0,0,4,0,0,0,0,0,0,0,0,0,43,0,0,0,0
1462853721699042,5706,0,14242,0,0,0,31,7,0,0,7,13,34,15,0,0,0,0,0,0,0,0,13,0,0,0,0,0,0,7,0,0,0,0,0,15,0,0,0,0,0,0,0,0,0,34,0,0,0,0
1462853721902881,5254,0,13128,0,0,0,30,1,0,0,173,3,34,3,0,0,0,0,0,0,0,0,3,0,0,0,0,0,0,1,0,172,0,0,0,3,0,0,0,0,0,0,0,0,0,34,0,0,0,0
1462853722079897,6386,0,14042,0,0,0,30,4,0,7,2,15,37,12,2,0,4,1,0,2,0,4,4,0,2,1,2,0,0,2,0,0,0,0,0,8,0,4,0,0,0,0,3,0,0,34,0,0,0,0
1462853722485890,5284,0,12982,0,0,0,28,2,0,9,2,25,25,15,0,0,9,0,0,0,0,9,16,0,0,0,0,0,0,2,0,0,0,0,0,15,0,0,0,0,0,0,0,0,0,25,0,0,0,0
1462853722503320,5020,0,12500,0,0,0,27,1,0,0,1,0,16,0,0,0,0,0,0,0,0,0,0,0,0,0,0,0,0,1,0,0,0,0,0,0,0,0,0,0,0,0,0,0,0,16,0,0,0,0
1462853722596414,5270,0,12901,0,0,0,25,2,0,0,2,0,36,1,0,0,0,0,0,0,0,0,0,0,0,0,0,0,0,2,0,0,0,0,0,1,0,0,0,0,0,0,0,0,0,36,0,0,0,0
1462853722872378,5159,0,12602,0,0,0,24,1,0,0,1,1,26,10,0,0,0,0,0,0,0,0,1,0,0,0,0,0,0,1,0,0,0,0,0,10,0,0,0,0,0,0,0,0,0,26,0,0,0,0
1462853723420909,5911,0,13931,0,0,0,20,4,0,1,5,15,19,8,0,0,1,0,0,0,0,1,14,0,0,0,0,0,1,4,0,0,0,0,0,8,0,0,0,0,0,0,0,0,0,19,0,0,0,0
1462853725207724,5242,0,14088,0,0,0,19,1,0,9,1,31,32,8,0,0,9,0,0,3,0,9,16,0,3,0,0,0,0,1,0,0,0,0,0,8,0,0,0,0,0,0,0,0,0,32,0,0,0,0
1462853725582665,6922,1902,15677,0,0,0,27,8,0,10,0,39,57,16,8,0,1,1,0,8,0,1,13,0,8,1,8,0,0,0,0,0,0,0,0,0,0,16,0,0,0,0,15,0,0,42,0,0,0,0
1462853726850250,5166,0,13167,0,0,0,24,3,0,0,4,1,33,32,0,0,0,0,0,0,0,0,1,0,0,0,0,0,1,3,0,0,0,0,0,32,0,0,0,0,0,0,0,0,0,33,0,0,0,0
1462853729087704,7015,0,19159,0,0,0,40,16,0,35,39,96,60,41,16,0,18,1,0,16,0,18,29,0,16,1,16,0,0,0,0,39,0,0,0,9,0,32,0,0,0,0,31,0,0,29,0,0,0,0
1462853730310578,5517,521,14317,0,0,0,39,1,0,47,1,94,16,44,0,0,47,0,0,0,0,47,47,0,0,0,0,0,0,1,0,0,0,0,0,44,0,0,0,0,0,0,0,0,0,16,0,0,0,0
1462853732588865,9893,1950,20516,0,0,0,45,22,0,56,9,135,58,52,14,0,41,1,0,14,0,41,51,0,14,1,14,0,1,8,0,0,0,0,0,24,0,28,0,0,0,0,27,0,0,31,0,0,0,0
1462853733519704,7305,0,21667,0,0,0,44,1,0,10,1,81,45,47,0,0,10,0,0,14,0,10,43,0,14,0,0,0,0,1,0,0,0,0,0,47,0,0,0,0,0,0,0,0,0,45,0,0,0,0
1462853734887720,5894,543,14566,0,0,0,42,2,0,16,2,51,22,64,0,0,16,0,0,0,0,16,35,0,0,0,0,0,0,2,0,0,0,0,0,64,0,0,0,0,0,0,0,0,0,22,0,0,0,0
1462853734985786,5628,530,13980,0,0,0,41,1,0,0,1,4,45,1,0,0,0,0,0,0,0,0,4,0,0,0,0,0,0,1,0,0,0,0,0,1,0,0,0,0,0,0,0,0,0,45,0,0,0,0
1462853735036605,5472,531,13543,0,0,0,40,1,0,0,1,2,28,20,0,0,0,0,0,0,0,0,2,0,0,0,0,0,0,1,0,0,0,0,0,20,0,0,0,0,0,0,0,0,0,28,0,0,0,0
1462853735442981,5649,529,14472,0,0,0,38,2,0,0,2,42,21,13,0,0,0,0,0,12,0,0,18,0,12,0,0,0,0,2,0,0,0,0,0,13,0,0,0,0,0,0,0,0,0,21,0,0,0,0
1462853735771806,5575,528,13667,0,0,0,34,4,0,0,4,7,32,3,0,0,0,0,0,0,0,0,7,0,0,0,0,0,0,4,0,0,0,0,0,3,0,0,0,0,0,0,0,0,0,32,0,0,0,0
1462853735858726,6034,524,14116,0,0,0,32,2,0,0,2,0,33,1,0,0,0,0,0,0,0,0,0,0,0,0,0,0,0,2,0,0,0,0,0,1,0,0,0,0,0,0,0,0,0,33,0,0,0,0
1462853735981352,5410,0,14243,0,0,0,29,3,0,0,140,0,25,13,0,0,0,0,0,0,0,0,0,0,0,0,0,0,0,3,0,137,0,0,0,13,0,0,0,0,0,0,0,0,0,25,0,0,0,0
1462853736081959,5895,1134,16077,0,0,0,29,4,0,5,2,11,26,8,2,0,2,1,0,2,0,2,2,0,2,1,2,0,0,2,0,0,0,0,0,4,0,4,0,0,0,0,3,0,0,23,0,0,0,0
1462853736131919,5504,2034,13084,0,0,0,28,1,0,2,1,5,22,0,0,0,2,0,0,0,0,2,3,0,0,0,0,0,0,1,0,0,0,0,0,0,0,0,0,0,0,0,0,0,0,22,0,0,0,0
1462853736618344,6077,0,16192,0,0,0,26,2,0,6,2,15,27,4,0,0,6,0,0,0,0,6,9,0,0,0,0,0,0,2,0,0,0,0,0,4,0,0,0,0,0,0,0,0,0,27,0,0,0,0
1462853736641355,5397,0,13526,0,0,0,25,1,0,0,1,0,29,3,0,0,0,0,0,0,0,0,0,0,0,0,0,0,0,1,0,0,0,0,0,3,0,0,0,0,0,0,0,0,0,29,0,0,0,0
1462853737228010,6423,0,18324,0,0,0,24,1,0,9,1,19,27,9,0,0,9,0,0,0,0,9,10,0,0,0,0,0,0,1,0,0,0,0,0,9,0,0,0,0,0,0,0,0,0,27,0,0,0,0
1462853737280389,6323,505,14066,0,0,0,23,1,0,9,1,22,33,0,0,0,9,0,0,0,0,9,13,0,0,0,0,0,0,1,0,0,0,0,0,0,0,0,0,0,0,0,0,0,0,33,0,0,0,0
1462853738872881,7389,0,15626,0,0,0,21,2,0,3,2,13,26,21,0,0,3,0,0,0,0,3,10,0,0,0,0,0,0,2,0,0,0,0,0,21,0,0,0,0,0,0,0,0,0,26,0,0,0,0
1462853739582380,6500,0,15382,0,0,0,28,9,0,12,2,35,46,16,8,0,3,1,0,8,0,3,7,0,8,1,8,0,1,1,0,0,0,0,0,0,0,16,0,0,0,0,15,0,0,31,0,0,0,0
1462853739990969,5204,0,13055,0,0,0,27,1,0,21,1,43,23,22,0,0,21,0,0,0,0,21,22,0,0,0,0,0,0,1,0,0,0,0,0,22,0,0,0,0,0,0,0,0,0,23,0,0,0,0
1462853743086678,6506,1813,18045,0,0,0,40,19,0,35,50,95,61,46,16,0,18,1,0,16,0,18,28,0,16,1,16,0,1,3,0,46,0,0,0,14,0,32,0,0,0,0,31,0,0,30,0,0,0,0
1462853743612717,5689,0,15106,0,0,0,39,1,0,102,1,204,33,32,0,0,102,0,0,0,0,102,102,0,0,0,0,0,0,1,0,0,0,0,0,32,0,0,0,0,0,0,0,0,0,33,0,0,0,0
1462853746020383,6537,546,15833,0,0,0,32,7,0,13,7,67,35,101,0,0,13,0,0,17,0,13,20,0,17,0,0,0,0,7,0,0,0,0,0,101,0,0,0,0,0,0,0,0,0,35,0,0,0,0
1462853746586589,8199,2144,18279,0,0,0,46,14,0,15,0,68,59,43,14,0,0,1,0,14,0,0,25,0,14,1,14,0,0,0,0,0,0,0,0,15,0,28,0,0,0,0,27,0,0,32,0,0,0,0
1462853747075030,6468,0,15825,0,0,0,44,2,0,44,2,134,43,10,0,0,44,0,0,0,0,44,90,0,0,0,0,0,0,2,0,0,0,0,0,10,0,0,0,0,0,0,0,0,0,43,0,0,0,0
1462853748293598,5942,0,15234,0,0,0,43,1,0,10,1,42,67,78,0,0,10,0,0,0,0,10,32,0,0,0,0,0,0,1,0,0,0,0,0,78,0,0,0,0,0,0,0,0,0,67,0,0,0,0
1462853749437079,5950,534,14938,0,0,0,41,2,0,0,2,27,34,65,0,0,0,0,0,0,0,0,27,0,0,0,0,0,0,2,0,0,0,0,0,65,0,0,0,0,0,0,0,0,0,34,0,0,0,0
1462853749731520,5515,0,13916,0,0,0,38,3,0,9,4,24,26,24,0,0,9,0,0,0,0,9,15,0,0,0,0,0,1,3,0,0,0,0,0,24,0,0,0,0,0,0,0,0,0,26,0,0,0,0
1462853750081095,6581,2569,15234,0,0,0,38,4,0,3,2,26,28,19,2,0,0,1,0,2,0,0,19,0,2,1,2,0,0,2,0,0,0,0,0,15,0,4,0,0,0,0,3,0,0,25,0,0,0,0
1462853750572498,6297,2476,15452,0,0,0,35,3,0,17,3,44,30,15,0,0,17,0,0,0,0,17,27,0,0,0,0,0,0,3,0,0,0,0,0,15,0,0,0,0,0,0,0,0,0,30,0,0,0,0
1462853751259913,5055,0,13528,0,0,0,28,7,0,0,217,3,37,19,0,0,0,0,0,0,0,0,3,0,0,0,0,0,1,7,0,209,0,0,0,19,0,0,0,0,0,0,0,0,0,37,0,0,0,0
1462853751309394,4933,599,12595,0,0,0,27,1,0,10,1,20,34,2,0,0,10,0,0,0,0,10,10,0,0,0,0,0,0,1,0,0,0,0,0,2,0,0,0,0,0,0,0,0,0,34,0,0,0,0
1462853751410613,4948,589,12666,0,0,0,25,2,0,1,2,3,32,9,0,0,1,0,0,0,0,1,2,0,0,0,0,0,0,2,0,0,0,0,0,9,0,0,0,0,0,0,0,0,0,32,0,0,0,0
1462853752231080,5110,507,13310,0,0,0,24,1,0,4,1,10,34,6,0,0,4,0,0,0,0,4,6,0,0,0,0,0,0,1,0,0,0,0,0,6,0,0,0,0,0,0,0,0,0,34,0,0,0,0
1462853752573966,6142,0,18622,0,0,0,23,1,0,21,1,45,33,7,0,0,21,0,0,0,0,21,24,0,0,0,0,0,0,1,0,0,0,0,0,7,0,0,0,0,0,0,0,0,0,33,0,0,0,0
1462853753582582,6500,0,15595,0,0,0,31,8,0,12,0,37,50,41,8,0,3,1,0,8,0,3,9,0,8,1,8,0,0,0,0,0,0,0,0,25,0,16,0,0,0,0,15,0,0,35,0,0,0,0
1462853753776462,5275,511,13212,0,0,0,29,2,0,0,2,18,40,12,0,0,0,0,0,0,0,0,18,0,0,0,0,0,0,2,0,0,0,0,0,12,0,0,0,0,0,0,0,0,0,40,0,0,0,0
1462853753790423,5446,0,13013,0,0,0,28,1,0,0,1,0,14,1,0,0,0,0,0,0,0,0,0,0,0,0,0,0,0,1,0,0,0,0,0,1,0,0,0,0,0,0,0,0,0,14,0,0,0,0
1462853757087848,6093,0,19349,0,0,0,39,21,0,18,9,81,50,68,16,0,1,1,0,25,0,1,13,0,25,1,16,0,4,5,0,0,0,0,0,36,0,32,0,0,0,0,31,0,0,19,0,0,0,0
1462853758990500,5752,0,14668,0,0,0,36,3,0,33,3,94,17,19,0,0,33,0,0,0,0,33,61,0,0,0,0,0,0,3,0,0,0,0,0,19,0,0,0,0,0,0,0,0,0,17,0,0,0,0
1462853760586425,6386,2169,18280,0,0,0,47,17,0,36,85,92,61,70,14,0,21,1,0,14,0,21,28,0,14,1,14,0,0,3,0,82,0,0,0,42,0,28,0,0,0,0,27,0,0,34,0,0,0,0
1462853762726632,8513,276,18196,0,0,0,44,3,0,110,4,248,18,46,0,0,110,0,0,14,0,110,110,0,14,0,0,0,1,3,0,0,0,0,0,46,0,0,0,0,0,0,0,0,0,18,0,0,0,0
1462853763276040,6542,553,15524,0,0,0,41,3,0,14,3,35,46,80,0,0,14,0,0,0,0,14,21,0,0,0,0,0,0,3,0,0,0,0,0,80,0,0,0,0,0,0,0,0,0,46,0,0,0,0
1462853763460023,5917,554,14697,0,0,0,40,1,0,0,1,39,60,3,0,0,0,0,0,12,0,0,15,0,12,0,0,0,0,1,0,0,0,0,0,3,0,0,0,0,0,0,0,0,0,60,0,0,0,0
1462853763679427,5751,539,14681,0,0,0,39,1,0,2,1,5,45,24,0,0,2,0,0,0,0,2,3,0,0,0,0,0,0,1,0,0,0,0,0,24,0,0,0,0,0,0,0,0,0,45,0,0,0,0
1462853763694766,5792,0,14223,0,0,0,38,1,0,0,1,0,10,0,0,0,0,0,0,0,0,0,0,0,0,0,0,0,0,1,0,0,0,0,0,0,0,0,0,0,0,0,0,0,0,10,0,0,0,0
1462853763770674,5646,0,13995,0,0,0,37,1,0,1,1,6,33,14,0,0,1,0,0,0,0,1,5,0,0,0,0,0,0,1,0,0,0,0,0,14,0,0,0,0,0,0,0,0,0,33,0,0,0,0
1462853763876531,5838,0,14106,0,0,0,36,1,0,18,1,39,35,3,0,0,18,0,0,0,0,18,21,0,0,0,0,0,0,1,0,0,0,0,0,3,0,0,0,0,0,0,0,0,0,35,0,0,0,0
1462853763890693,5548,0,13781,0,0,0,35,1,0,0,1,0,2,0,0,0,0,0,0,0,0,0,0,0,0,0,0,0,0,1,0,0,0,0,0,0,0,0,0,0,0,0,0,0,0,2,0,0,0,0
1462853763906153,5798,520,14126,0,0,0,34,1,0,0,1,2,39,0,0,0,0,0,0,0,0,0,2,0,0,0,0,0,0,1,0,0,0,0,0,0,0,0,0,0,0,0,0,0,0,39,0,0,0,0
1462853763973578,5425,499,13216,0,0,0,33,1,0,0,149,2,49,12,0,0,0,0,0,0,0,0,2,0,0,0,0,0,0,1,0,148,0,0,0,12,0,0,0,0,0,0,0,0,0,49,0,0,0,0
1462853763994998,5245,542,12926,0,0,0,32,1,0,6,1,12,26,11,0,0,6,0,0,0,0,6,6,0,0,0,0,0,0,1,0,0,0,0,0,11,0,0,0,0,0,0,0,0,0,26,0,0,0,0
1462853764039536,5331,504,13013,0,0,0,31,1,0,3,1,7,41,0,0,0,3,0,0,0,0,3,4,0,0,0,0,0,0,1,0,0,0,0,0,0,0,0,0,0,0,0,0,0,0,41,0,0,0,0
1462853764079813,6189,0,13925,0,0,0,33,2,0,3,0,7,40,4,2,0,0,1,0,2,0,0,0,0,2,1,2,0,0,0,0,0,0,0,0,0,0,4,0,0,0,0,3,0,0,37,0,0,0,0
1462853764096528,5321,506,12946,0,0,0,32,1,0,0,1,0,20,0,0,0,0,0,0,0,0,0,0,0,0,0,0,0,0,1,0,0,0,0,0,0,0,0,0,0,0,0,0,0,0,20,0,0,0,0
1462853764235891,5058,3907,12830,0,0,0,31,1,0,10,1,20,39,3,0,0,10,0,0,0,0,10,10,0,0,0,0,0,0,1,0,0,0,0,0,3,0,0,0,0,0,0,0,0,0,39,0,0,0,0
1462853764276528,5346,500,13030,0,0,0,30,1,0,0,1,0,32,1,0,0,0,0,0,0,0,0,0,0,0,0,0,0,0,1,0,0,0,0,0,1,0,0,0,0,0,0,0,0,0,32,0,0,0,0
1462853764416883,5260,509,13099,0,0,0,29,1,0,16,1,34,48,4,0,0,16,0,0,0,0,16,18,0,0,0,0,0,0,1,0,0,0,0,0,4,0,0,0,0,0,0,0,0,0,48,0,0,0,0
1462853764700676,5279,0,13180,0,0,0,27,2,0,2,3,6,63,1,0,0,2,0,0,0,0,2,4,0,0,0,0,0,1,2,0,0,0,0,0,1,0,0,0,0,0,0,0,0,0,63,0,0,0,0
1462853764734985,5739,0,13517,0,0,0,26,1,0,0,1,0,52,1,0,0,0,0,0,0,0,0,0,0,0,0,0,0,0,1,0,0,0,0,0,1,0,0,0,0,0,0,0,0,0,52,0,0,0,0
1462853764869780,5642,514,13419,0,0,0,25,1,0,0,17,1,62,1,0,0,0,0,0,0,0,0,1,0,0,0,0,0,0,1,0,16,0,0,0,1,0,0,0,0,0,0,0,0,0,62,0,0,0,0
1462853765009589,5520,502,13282,0,0,0,24,1,0,2,1,4,51,11,0,0,2,0,0,0,0,2,2,0,0,0,0,0,0,1,0,0,0,0,0,11,0,0,0,0,0,0,0,0,0,51,0,0,0,0
1462853765347834,5552,2134,13418,0,0,0,23,1,0,4,1,18,54,1,0,0,4,0,0,0,0,4,14,0,0,0,0,0,0,1,0,0,0,0,0,1,0,0,0,0,0,0,0,0,0,54,0,0,0,0
1462853765361326,5337,502,13038,0,0,0,22,1,0,0,1,0,4,0,0,0,0,0,0,0,0,0,0,0,0,0,0,0,0,1,0,0,0,0,0,0,0,0,0,0,0,0,0,0,0,4,0,0,0,0
1462853765394171,5349,498,13082,0,0,0,21,1,0,0,1,0,68,0,0,0,0,0,0,0,0,0,0,0,0,0,0,0,0,1,0,0,0,0,0,0,0,0,0,0,0,0,0,0,0,68,0,0,0,0
1462853766038364,5226,0,12956,0,0,0,20,1,0,2,1,4,48,20,0,0,2,0,0,0,0,2,2,0,0,0,0,0,0,1,0,0,0,0,0,20,0,0,0,0,0,0,0,0,0,48,0,0,0,0
1462853766468443,5506,0,13313,0,0,0,19,1,0,9,1,20,34,16,0,0,9,0,0,0,0,9,11,0,0,0,0,0,0,1,0,0,0,0,0,16,0,0,0,0,0,0,0,0,0,34,0,0,0,0
1462853766945441,5215,0,12980,0,0,0,18,1,0,0,1,3,44,0,0,0,0,0,0,0,0,0,3,0,0,0,0,0,0,1,0,0,0,0,0,0,0,0,0,0,0,0,0,0,0,44,0,0,0,0
1462853767583396,7047,2342,16405,0,0,0,26,8,0,9,0,32,48,30,8,0,0,1,0,10,0,0,3,0,10,1,8,0,0,0,0,0,0,0,0,14,0,16,0,0,0,0,15,0,0,33,0,0,0,0
1462853767931078,5416,0,13432,0,0,0,25,1,0,11,1,37,26,26,0,0,11,0,0,0,0,11,26,0,0,0,0,0,0,1,0,0,0,0,0,26,0,0,0,0,0,0,0,0,0,26,0,0,0,0
1462853768277468,5113,494,12955,0,0,0,24,1,0,20,64,44,39,12,0,0,20,0,0,0,0,20,24,0,0,0,0,0,0,1,0,63,0,0,0,12,0,0,0,0,0,0,0,0,0,39,0,0,0,0
1462853768487392,5180,508,12782,0,0,0,23,1,0,15,1,30,46,19,0,0,15,0,0,0,0,15,15,0,0,0,0,0,0,1,0,0,0,0,0,19,0,0,0,0,0,0,0,0,0,46,0,0,0,0
1462853771087442,6904,2850,18774,0,0,0,38,17,0,30,2,80,55,69,16,0,13,1,0,16,0,13,18,0,16,1,16,0,1,1,0,0,0,0,0,37,0,32,0,0,0,0,31,0,0,24,0,0,0,0
1462853774465298,6636,0,21442,0,0,0,27,11,0,42,13,105,31,13,0,0,42,0,0,0,0,42,63,0,0,0,0,0,2,11,0,0,0,0,0,13,0,0,0,0,0,0,0,0,0,31,0,0,0,0
1462853774584897,6955,5617,16702,0,0,0,41,14,0,25,0,67,107,30,14,0,10,1,0,14,0,10,14,0,14,1,14,0,0,0,0,0,0,0,0,2,0,28,0,0,0,0,27,0,0,80,0,0,0,0
1462853776675900,8899,0,17582,0,0,0,39,2,0,26,3,84,35,65,0,0,26,0,0,14,0,26,30,0,14,0,0,0,1,2,0,0,0,0,0,65,0,0,0,0,0,0,0,0,0,35,0,0,0,0
1462853776754438,6694,0,14984,0,0,0,38,1,0,8,1,23,51,12,0,0,8,0,0,0,0,8,15,0,0,0,0,0,0,1,0,0,0,0,0,12,0,0,0,0,0,0,0,0,0,51,0,0,0,0
1462853777198146,5675,543,14719,0,0,0,36,2,0,2,2,36,47,21,0,0,2,0,0,0,0,2,34,0,0,0,0,0,0,2,0,0,0,0,0,21,0,0,0,0,0,0,0,0,0,47,0,0,0,0
1462853777241968,5736,0,13895,0,0,0,35,1,0,9,1,19,73,0,0,0,9,0,0,0,0,9,10,0,0,0,0,0,0,1,0,0,0,0,0,0,0,0,0,0,0,0,0,0,0,73,0,0,0,0
1462853778082714,7339,1934,16892,0,0,0,29,10,0,3,8,27,36,54,2,0,0,1,0,8,0,0,8,0,8,1,2,0,0,8,0,0,0,0,0,50,0,4,0,0,0,0,3,0,0,33,0,0,0,0
1462853778103871,5303,2068,13156,0,0,0,28,1,0,0,138,0,32,0,0,0,0,0,0,0,0,0,0,0,0,0,0,0,0,1,0,137,0,0,0,0,0,0,0,0,0,0,0,0,0,32,0,0,0,0
1462853778278998,5067,0,13136,0,0,0,26,2,0,1,2,2,36,3,0,0,1,0,0,0,0,1,1,0,0,0,0,0,0,2,0,0,0,0,0,3,0,0,0,0,0,0,0,0,0,36,0,0,0,0
1462853778355502,5273,0,13026,0,0,0,24,2,0,2,2,4,35,0,0,0,2,0,0,0,0,2,2,0,0,0,0,0,0,2,0,0,0,0,0,0,0,0,0,0,0,0,0,0,0,35,0,0,0,0
1462853778482285,5654,550,13395,0,0,0,23,1,0,1,1,2,32,5,0,0,1,0,0,0,0,1,1,0,0,0,0,0,0,1,0,0,0,0,0,5,0,0,0,0,0,0,0,0,0,32,0,0,0,0
1462853779721039,5098,0,13141,0,0,0,22,1,0,4,1,10,21,20,0,0,4,0,0,0,0,4,6,0,0,0,0,0,0,1,0,0,0,0,0,20,0,0,0,0,0,0,0,0,0,21,0,0,0,0
1462853779927603,5370,500,12907,0,0,0,21,1,0,2,1,9,19,2,0,0,2,0,0,0,0,2,7,0,0,0,0,0,0,1,0,0,0,0,0,2,0,0,0,0,0,0,0,0,0,19,0,0,0,0
1462853779993065,5513,503,12980,0,0,0,20,1,0,1,1,6,24,0,0,0,1,0,0,0,0,1,5,0,0,0,0,0,0,1,0,0,0,0,0,0,0,0,0,0,0,0,0,0,0,24,0,0,0,0
1462853780035669,5302,501,12713,0,0,0,19,1,0,0,1,0,21,1,0,0,0,0,0,0,0,0,0,0,0,0,0,0,0,1,0,0,0,0,0,1,0,0,0,0,0,0,0,0,0,21,0,0,0,0
1462853780575811,5210,2023,12972,0,0,0,17,2,0,1,2,7,24,5,0,0,1,0,0,0,0,1,6,0,0,0,0,0,0,2,0,0,0,0,0,5,0,0,0,0,0,0,0,0,0,24,0,0,0,0
1462853781169524,5099,491,12947,0,0,0,16,1,0,0,1,0,28,2,0,0,0,0,0,0,0,0,0,0,0,0,0,0,0,1,0,0,0,0,0,2,0,0,0,0,0,0,0,0,0,28,0,0,0,0
1462853781581589,6327,2613,14595,0,0,0,23,9,0,9,21,32,39,20,8,0,0,1,0,8,0,0,7,0,8,1,8,0,1,1,0,19,0,0,0,4,0,16,0,0,0,0,15,0,0,24,0,0,0,0
1462853785087457,6846,2129,18878,0,0,0,37,18,0,40,3,95,60,45,16,0,23,1,0,16,0,23,23,0,16,1,16,0,1,2,0,0,0,0,0,13,0,32,0,0,0,0,31,0,0,29,0,0,0,0
1462853785679355,6612,0,15656,0,0,0,36,1,0,53,1,109,41,17,0,0,53,0,0,0,0,53,56,0,0,0,0,0,0,1,0,0,0,0,0,17,0,0,0,0,0,0,0,0,0,41,0,0,0,0
1462853785928261,6240,534,14567,0,0,0,35,1,0,26,1,61,45,42,0,0,26,0,0,0,0,26,35,0,0,0,0,0,0,1,0,0,0,0,0,42,0,0,0,0,0,0,0,0,0,45,0,0,0,0
1462853788585706,6958,5633,17559,0,0,0,44,19,0,17,6,99,78,67,14,0,2,1,0,33,0,2,16,0,33,1,14,0,1,5,0,0,0,0,0,39,0,28,0,0,0,0,27,0,0,51,0,0,0,0
1462853788669422,5654,0,14614,0,0,0,43,1,0,0,1,9,53,6,0,0,0,0,0,0,0,0,9,0,0,0,0,0,0,1,0,0,0,0,0,6,0,0,0,0,0,0,0,0,0,53,0,0,0,0
1462853790939488,5232,624,13873,0,0,0,40,3,0,0,4,18,27,41,0,0,0,0,0,0,0,0,18,0,0,0,0,0,1,3,0,0,0,0,0,41,0,0,0,0,0,0,0,0,0,27,0,0,0,0
1462853791298549,5602,0,14136,0,0,0,37,3,0,8,4,28,27,14,0,0,8,0,0,0,0,8,20,0,0,0,0,0,1,3,0,0,0,0,0,14,0,0,0,0,0,0,0,0,0,27,0,0,0,0
1462853791538942,5667,0,13821,0,0,0,35,2,0,17,2,48,29,15,0,0,17,0,0,0,0,17,31,0,0,0,0,0,0,2,0,0,0,0,0,15,0,0,0,0,0,0,0,0,0,29,0,0,0,0
1462853791868205,5531,2127,13962,0,0,0,30,5,0,0,5,6,49,4,0,0,0,0,0,0,0,0,6,0,0,0,0,0,0,5,0,0,0,0,0,4,0,0,0,0,0,0,0,0,0,49,0,0,0,0
1462853791977683,5335,0,13153,0,0,0,28,2,0,0,105,3,45,0,0,0,0,0,0,0,0,0,3,0,0,0,0,0,0,2,0,103,0,0,0,0,0,0,0,0,0,0,0,0,0,45,0,0,0,0
1462853792304937,5378,520,13291,0,0,0,26,2,0,4,2,8,51,2,0,0,4,0,0,0,0,4,4,0,0,0,0,0,0,2,0,0,0,0,0,2,0,0,0,0,0,0,0,0,0,51,0,0,0,0
1462853792440478,5387,510,13267,0,0,0,24,2,0,0,2,0,54,4,0,0,0,0,0,0,0,0,0,0,0,0,0,0,0,2,0,0,0,0,0,4,0,0,0,0,0,0,0,0,0,54,0,0,0,0
1462853793204298,5161,0,14958,0,0,0,20,4,0,1,4,7,39,18,0,0,1,0,0,0,0,1,6,0,0,0,0,0,0,4,0,0,0,0,0,18,0,0,0,0,0,0,0,0,0,39,0,0,0,0
1462853794117582,5238,0,12912,0,0,0,17,3,0,0,3,0,25,15,0,0,0,0,0,0,0,0,0,0,0,0,0,0,0,3,0,0,0,0,0,15,0,0,0,0,0,0,0,0,0,25,0,0,0,0
1462853794130970,5267,0,12787,0,0,0,16,1,0,0,1,0,4,0,0,0,0,0,0,0,0,0,0,0,0,0,0,0,0,1,0,0,0,0,0,0,0,0,0,0,0,0,0,0,0,4,0,0,0,0
1462853795049114,5424,521,13088,0,0,0,14,2,0,2,3,6,26,0,0,0,2,0,0,0,0,2,4,0,0,0,0,0,1,2,0,0,0,0,0,0,0,0,0,0,0,0,0,0,0,26,0,0,0,0
1462853796591653,5203,0,14343,0,0,0,12,2,0,1,2,7,25,3,0,0,1,0,0,0,0,1,6,0,0,0,0,0,0,2,0,0,0,0,0,3,0,0,0,0,0,0,0,0,0,25,0,0,0,0
1462853799434821,5906,523,14489,0,0,0,11,1,0,0,1,3,26,8,0,0,0,0,0,0,0,0,3,0,0,0,0,0,0,1,0,0,0,0,0,8,0,0,0,0,0,0,0,0,0,26,0,0,0,0
1462853804369533,5141,0,13353,0,0,0,7,4,0,1,6,9,23,3,0,0,1,0,0,0,0,1,8,0,0,0,0,0,2,4,0,0,0,0,0,3,0,0,0,0,0,0,0,0,0,23,0,0,0,0
1462853805070006,5157,0,12678,0,0,0,6,1,0,0,31,3,23,2,0,0,0,0,0,0,0,0,3,0,0,0,0,0,0,1,0,30,0,0,0,2,0,0,0,0,0,0,0,0,0,23,0,0,0,0
1462853811037358,5349,0,13790,0,0,0,4,2,0,1,3,2,23,0,0,0,1,0,0,0,0,1,1,0,0,0,0,0,1,2,0,0,0,0,0,0,0,0,0,0,0,0,0,0,0,23,0,0,0,0
1462853811113236,5126,502,12482,0,0,0,3,1,0,2,1,4,18,0,0,0,2,0,0,0,0,2,2,0,0,0,0,0,0,1,0,0,0,0,0,0,0,0,0,0,0,0,0,0,0,18,0,0,0,0
