1462822264125935,,3089271098474463779,5198628003788652644,,0,,,,,,,
1462822264125937,,3089271098474463779,7675612576036545068,,0,,,,,,,
1462822264140236,,3089271098474463779,5198628003788652644,12391129714481465863,1,,,,,,,
1462822264140278,,3089271098474463779,7675612576036545068,13426245571832694658,1,,,,,,,
1462822266376355,,5335372555983594036,10495131349054454335,,0,,,,,,,
1462822266376356,,5335372555983594036,1404797746177978037,,0,,,,,,,
1462822266376357,,5335372555983594036,1404797746177978038,,0,,,,,,,
1462822266376358,,5335372555983594036,1404797746177978039,,0,,,,,,,
1462822266376358,,5335372555983594036,1404797746177978040,,0,,,,,,,
1462822266376359,,5335372555983594036,1404797746177978041,,0,,,,,,,
1462822266376359,,5335372555983594036,1404797746177978042,,0,,,,,,,
1462822266376360,,5335372555983594036,1404797746177978043,,0,,,,,,,
1462822266389746,,5335372555983594036,10495131349054454335,906025556471407988,1,,,,,,,
1462822266389827,,5335372555983594036,1404797746177978037,10565564586520261190,1,,,,,,,
1462822266389881,,5335372555983594036,1404797746177978038,11633343505245590058,1,,,,,,,
1462822266389964,,5335372555983594036,1404797746177978039,15016062328757266316,1,,,,,,,
1462822266390026,,5335372555983594036,1404797746177978040,14624055332059453870,1,,,,,,,
1462822266390059,,5335372555983594036,1404797746177978041,6632285673723748094,1,,,,,,,
1462822266390090,,5335372555983594036,1404797746177978042,4187083953675917516,1,,,,,,,
1462822266390121,,5335372555983594036,1404797746177978043,15777792779537549541,1,,,,,,,
1462822268627822,,10345465404338789506,17948074771287600756,,0,,,,,,,
1462822268627823,,10345465404338789506,16775772180262218665,,0,,,,,,,
1462822268627824,,10345465404338789506,16775772180262218670,,0,,,,,,,
1462822268627825,,10345465404338789506,16775772180262218671,,0,,,,,,,
1462822268627825,,10345465404338789506,16775772180262218668,,0,,,,,,,
1462822268627826,,10345465404338789506,16775772180262218669,,0,,,,,,,
1462822268627826,,10345465404338789506,16775772180262218658,,0,,,,,,,
1462822268627827,,10345465404338789506,16775772180262218659,,0,,,,,,,
1462822268627827,,10345465404338789506,16775772180262218656,,0,,,,,,,
1462822268627827,,10345465404338789506,16775772180262218657,,0,,,,,,,
1462822268627828,,10345465404338789506,16775772180262218662,,0,,,,,,,
1462822268627828,,10345465404338789506,16775772180262218663,,0,,,,,,,
1462822268627829,,10345465404338789506,16775772180262218660,,0,,,,,,,
1462822268627829,,10345465404338789506,16775772180262218661,,0,,,,,,,
1462822268627830,,10345465404338789506,16775772180262218682,,0,,,,,,,
1462822268627830,,10345465404338789506,16775772180262218683,,0,,,,,,,
1462822268643380,,10345465404338789506,17948074771287600756,980052016105123682,1,,,,,,,
1462822268643593,,10345465404338789506,16775772180262218665,10852441287475671024,1,,,,,,,
1462822268643683,,10345465404338789506,16775772180262218670,385669334771756718,1,,,,,,,
1462822268643757,,10345465404338789506,16775772180262218671,7199876940601124209,1,,,,,,,
1462822268643832,,10345465404338789506,16775772180262218668,12852228531220481488,1,,,,,,,
1462822268643908,,10345465404338789506,16775772180262218669,13638569270200598093,1,,,,,,,
1462822268644025,,10345465404338789506,16775772180262218658,5953543772618772067,1,,,,,,,
1462822268644069,,10345465404338789506,16775772180262218659,13640725597942336741,1,,,,,,,
1462822268644105,,10345465404338789506,16775772180262218656,1484233998206370020,1,,,,,,,
1462822268644156,,10345465404338789506,16775772180262218657,7706670299496369406,1,,,,,,,
1462822268644192,,10345465404338789506,16775772180262218662,16028208318471770020,1,,,,,,,
1462822268644258,,10345465404338789506,16775772180262218663,3405283305900188873,1,,,,,,,
1462822268644310,,10345465404338789506,16775772180262218660,5259244566621687088,1,,,,,,,
1462822268644386,,10345465404338789506,16775772180262218661,6069122973187132996,1,,,,,,,
1462822268644432,,10345465404338789506,16775772180262218682,15247786840751950142,1,,,,,,,
1462822268644467,,10345465404338789506,16775772180262218683,3709103589954386985,1,,,,,,,
1462822269368616,,3089271098474463779,5198628003788652644,12391129714481465863,4,,,,,,,
1462822270619716,,3089271098474463779,7675612576036545068,13426245571832694658,4,,,,,,,
1462822270877544,,3586964887774117958,16182366278679936123,,0,,,,,,,
1462822270877546,,3586964887774117958,14660072798890935154,,0,,,,,,,
1462822270877546,,3586964887774117958,14660072798890935155,,0,,,,,,,
1462822270877547,,3586964887774117958,14660072798890935152,,0,,,,,,,
1462822270877547,,3586964887774117958,14660072798890935153,,0,,,,,,,
1462822270877548,,3586964887774117958,14660072798890935182,,0,,,,,,,
1462822270877548,,3586964887774117958,14660072798890935183,,0,,,,,,,
1462822270877549,,3586964887774117958,14660072798890935180,,0,,,,,,,
1462822270877549,,3586964887774117958,14660072798890935181,,0,,,,,,,
1462822270877550,,3586964887774117958,14660072798890935178,,0,,,,,,,
1462822270877550,,3586964887774117958,14660072798890935179,,0,,,,,,,
1462822270877551,,3586964887774117958,14660072798890935176,,0,,,,,,,
1462822270877551,,3586964887774117958,14660072798890935177,,0,,,,,,,
1462822270877552,,3586964887774117958,14660072798890935174,,0,,,,,,,
1462822270893358,,3586964887774117958,14660072798890935154,12050253518212834318,1,,,,,,,
1462822270893442,,3586964887774117958,16182366278679936123,11726201298440472361,1,,,,,,,
1462822270893515,,3586964887774117958,14660072798890935155,13434545754993672051,1,,,,,,,
1462822270893595,,3586964887774117958,14660072798890935152,10084930765281562037,1,,,,,,,
1462822270893675,,3586964887774117958,14660072798890935153,9774505730620387701,1,,,,,,,
1462822270893716,,3586964887774117958,14660072798890935182,8124402473565275432,1,,,,,,,
1462822270893749,,3586964887774117958,14660072798890935183,17709315595619392361,1,,,,,,,
1462822270893803,,3586964887774117958,14660072798890935180,8298602194697029209,1,,,,,,,
1462822270893834,,3586964887774117958,14660072798890935181,9620465029033425616,1,,,,,,,
1462822270893862,,3586964887774117958,14660072798890935178,3476412482455529569,1,,,,,,,
1462822270893934,,3586964887774117958,14660072798890935179,3689988229022514264,1,,,,,,,
1462822270893968,,3586964887774117958,14660072798890935176,3449066965084922967,1,,,,,,,
1462822270894005,,3586964887774117958,14660072798890935177,11392059454777738861,1,,,,,,,
1462822270894043,,3586964887774117958,14660072798890935174,1732732006999019066,1,,,,,,,
1462822272258456,,5335372555983594036,1404797746177978043,15777792779537549541,4,,,,,,,
1462822272848639,,5335372555983594036,1404797746177978041,6632285673723748094,4,,,,,,,
1462822273050502,,5335372555983594036,1404797746177978039,15016062328757266316,4,,,,,,,
1462822273125297,,8180634642183309081,15462876962230370447,,0,,,,,,,
1462822273125298,,8180634642183309081,15514086123391692345,,0,,,,,,,
1462822273140615,,8180634642183309081,15514086123391692345,9956498907507961362,1,,,,,,,
1462822273140669,,8180634642183309081,15462876962230370447,14205052038935408211,1,,,,,,,
1462822273675280,,3586964887774117958,14660072798890935153,9774505730620387701,4,,,,,,,
1462822273738738,,3586964887774117958,14660072798890935181,9620465029033425616,4,,,,,,,
1462822273993766,,3586964887774117958,14660072798890935183,17709315595619392361,4,,,,,,,
1462822274025740,,5335372555983594036,1404797746177978038,11633343505245590058,4,,,,,,,
1462822274059813,,5335372555983594036,1404797746177978040,14624055332059453870,4,,,,,,,
1462822274160313,,5335372555983594036,1404797746177978037,10565564586520261190,4,,,,,,,
1462822274349078,,3586964887774117958,16182366278679936123,11726201298440472361,4,,,,,,,
1462822274372063,,5335372555983594036,1404797746177978042,4187083953675917516,4,,,,,,,
1462822274562190,,10345465404338789506,16775772180262218668,12852228531220481488,4,,,,,,,
1462822274664272,,3586964887774117958,14660072798890935155,13434545754993672051,4,,,,,,,
1462822274747997,,10345465404338789506,16775772180262218661,6069122973187132996,4,,,,,,,
1462822274933575,,3586964887774117958,14660072798890935177,11392059454777738861,4,,,,,,,
1462822274950117,,10345465404338789506,16775772180262218657,7706670299496369406,4,,,,,,,
1462822275012018,,10345465404338789506,16775772180262218656,1484233998206370020,4,,,,,,,
1462822275142092,,3586964887774117958,14660072798890935179,3689988229022514264,4,,,,,,,
1462822275166726,,3586964887774117958,14660072798890935154,12050253518212834318,4,,,,,,,
1462822275188177,,10345465404338789506,16775772180262218663,3405283305900188873,4,,,,,,,
1462822275308228,,10345465404338789506,16775772180262218665,10852441287475671024,4,,,,,,,
1462822275376742,,13158597651626492648,13027435102035344119,,0,,,,,,,
1462822275376744,,13158597651626492648,17108364799598427172,,0,,,,,,,
1462822275376745,,13158597651626492648,17108364799598427227,,0,,,,,,,
1462822275376745,,13158597651626492648,17108364799598427226,,0,,,,,,,
1462822275376746,,13158597651626492648,17108364799598427225,,0,,,,,,,
1462822275376747,,13158597651626492648,17108364799598427224,,0,,,,,,,
1462822275376747,,13158597651626492648,17108364799598427231,,0,,,,,,,
1462822275376748,,13158597651626492648,17108364799598427230,,0,,,,,,,
1462822275392613,,13158597651626492648,17108364799598427224,17011189496625395045,1,,,,,,,
1462822275392667,,13158597651626492648,17108364799598427230,5863318671790056353,1,,,,,,,
1462822275392699,,13158597651626492648,17108364799598427226,11078872499313960592,1,,,,,,,
1462822275392730,,13158597651626492648,17108364799598427227,4289373668753520678,1,,,,,,,
1462822275392780,,13158597651626492648,17108364799598427231,15019906346207066326,1,,,,,,,
1462822275392851,,13158597651626492648,13027435102035344119,1935496937716850182,1,,,,,,,
1462822275392928,,13158597651626492648,17108364799598427225,3165167876158196256,1,,,,,,,
1462822275392960,,13158597651626492648,17108364799598427172,7706670299496369406,1,,,,,,,
1462822275503138,,3586964887774117958,14660072798890935176,3449066965084922967,4,,,,,,,
1462822275552087,,3586964887774117958,14660072798890935174,1732732006999019066,4,,,,,,,
1462822275652502,,3586964887774117958,14660072798890935178,3476412482455529569,4,,,,,,,
1462822275975993,,10345465404338789506,16775772180262218658,5953543772618772067,4,,,,,,,
1462822276157541,,10345465404338789506,16775772180262218683,3709103589954386985,4,,,,,,,
1462822276337703,,10345465404338789506,16775772180262218671,7199876940601124209,4,,,,,,,
1462822276406223,,10345465404338789506,16775772180262218682,15247786840751950142,4,,,,,,,
1462822276671959,,10345465404338789506,16775772180262218662,16028208318471770020,4,,,,,,,
1462822276778329,,10345465404338789506,16775772180262218670,385669334771756718,4,,,,,,,
1462822277187655,,3586964887774117958,14660072798890935152,10084930765281562037,4,,,,,,,
1462822277627828,,6667470721515118146,3885201234595965863,,0,,,,,,,
1462822277627830,,6667470721515118146,13666241654294455004,,0,,,,,,,
1462822277627831,,6667470721515118146,13666241654294455007,,0,,,,,,,
1462822277627832,,6667470721515118146,13666241654294455006,,0,,,,,,,
1462822277627832,,6667470721515118146,13666241654294454977,,0,,,,,,,
1462822277627833,,6667470721515118146,13666241654294454976,,0,,,,,,,
1462822277627833,,6667470721515118146,13666241654294454979,,0,,,,,,,
1462822277627834,,6667470721515118146,13666241654294454978,,0,,,,,,,
1462822277627834,,6667470721515118146,13666241654294454981,,0,,,,,,,
1462822277627835,,6667470721515118146,13666241654294454980,,0,,,,,,,
1462822277627835,,6667470721515118146,13666241654294454983,,0,,,,,,,
1462822277627836,,6667470721515118146,13666241654294454982,,0,,,,,,,
1462822277627836,,6667470721515118146,13666241654294454985,,0,,,,,,,
1462822277627837,,6667470721515118146,13666241654294454984,,0,,,,,,,
1462822277627837,,6667470721515118146,13666241654294454987,,0,,,,,,,
1462822277627838,,6667470721515118146,13666241654294454986,,0,,,,,,,
1462822277643164,,6667470721515118146,3885201234595965863,5108068219828989055,1,,,,,,,
1462822277643215,,6667470721515118146,13666241654294454977,4031225411275238912,1,,,,,,,
1462822277643250,,6667470721515118146,13666241654294454978,14436358018474882319,1,,,,,,,
1462822277643291,,6667470721515118146,13666241654294454979,10221724907133791485,1,,,,,,,
1462822277643343,,6667470721515118146,13666241654294454980,37428115284624567,1,,,,,,,
1462822277643384,,6667470721515118146,13666241654294454981,7190939023591991659,1,,,,,,,
1462822277643417,,6667470721515118146,13666241654294455007,11258693832838534255,1,,,,,,,
1462822277643455,,6667470721515118146,13666241654294455004,1433790454915598971,1,,,,,,,
1462822277643493,,6667470721515118146,13666241654294454976,10969028466315656022,1,,,,,,,
1462822277643525,,6667470721515118146,13666241654294455006,10442752714396792097,1,,,,,,,
1462822277643574,,6667470721515118146,13666241654294454983,7508694909308569378,1,,,,,,,
1462822277643618,,6667470721515118146,13666241654294454982,7704786824220362297,1,,,,,,,
1462822277643650,,6667470721515118146,13666241654294454987,14624055332059453870,1,,,,,,,
1462822277643680,,6667470721515118146,13666241654294454986,5687306131573677789,1,,,,,,,
1462822277643708,,6667470721515118146,13666241654294454985,3907602656878139751,1,,,,,,,
1462822277643745,,6667470721515118146,13666241654294454984,5611478128162526316,1,,,,,,,
1462822277819237,,10345465404338789506,16775772180262218669,13638569270200598093,4,,,,,,,
1462822278200055,,10345465404338789506,16775772180262218659,13640725597942336741,4,,,,,,,
1462822279393113,,8180634642183309081,15462876962230370447,14205052038935408211,4,,,,,,,
1462822279877405,,15028818872839812428,7718482794895697276,,0,,,,,,,
1462822279877407,,15028818872839812428,8633831605791947500,,0,,,,,,,
1462822279877407,,15028818872839812428,8633831605791947501,,0,,,,,,,
1462822279877408,,15028818872839812428,8633831605791947502,,0,,,,,,,
1462822279877409,,15028818872839812428,8633831605791947503,,0,,,,,,,
1462822279877409,,15028818872839812428,8633831605791947496,,0,,,,,,,
1462822279877410,,15028818872839812428,8633831605791947497,,0,,,,,,,
1462822279877410,,15028818872839812428,8633831605791947498,,0,,,,,,,
1462822279877411,,15028818872839812428,8633831605791947499,,0,,,,,,,
1462822279877411,,15028818872839812428,8633831605791947492,,0,,,,,,,
1462822279877411,,15028818872839812428,8633831605791947493,,0,,,,,,,
1462822279877412,,15028818872839812428,8633831605791947494,,0,,,,,,,
1462822279877412,,15028818872839812428,8633831605791947495,,0,,,,,,,
1462822279877413,,15028818872839812428,8633831605791947488,,0,,,,,,,
1462822279893277,,15028818872839812428,8633831605791947488,9935764497571253468,1,,,,,,,
1462822279893341,,15028818872839812428,8633831605791947499,8291607312867417937,1,,,,,,,
1462822279894194,,15028818872839812428,8633831605791947503,18051836192190349360,1,,,,,,,
1462822279894332,,15028818872839812428,8633831605791947498,9289075733572733394,1,,,,,,,
1462822279894432,,15028818872839812428,8633831605791947500,12035102918045360124,1,,,,,,,
1462822279894503,,15028818872839812428,8633831605791947493,18397038114275363129,1,,,,,,,
1462822279894585,,15028818872839812428,8633831605791947492,11392059454777738861,1,,,,,,,
1462822279894674,,15028818872839812428,8633831605791947495,8783068781425628900,1,,,,,,,
1462822279894734,,15028818872839812428,8633831605791947502,673881180831659195,1,,,,,,,
1462822279894807,,15028818872839812428,8633831605791947497,7796135490587258267,1,,,,,,,
1462822279894865,,15028818872839812428,8633831605791947496,10520257741492348593,1,,,,,,,
1462822279894900,,15028818872839812428,8633831605791947501,14367799139054039917,1,,,,,,,
1462822279894986,,15028818872839812428,7718482794895697276,7277157775948672467,1,,,,,,,
1462822279895038,,15028818872839812428,8633831605791947494,4219938617272773989,1,,,,,,,
1462822279895815,,8180634642183309081,15514086123391692345,9956498907507961362,4,,,,,,,
1462822280773309,,13158597651626492648,17108364799598427227,4289373668753520678,4,,,,,,,
1462822281427740,,6667470721515118146,13666241654294454977,4031225411275238912,4,,,,,,,
1462822281519059,,13158597651626492648,17108364799598427231,15019906346207066326,4,,,,,,,
1462822281928240,,6667470721515118146,13666241654294454980,37428115284624567,4,,,,,,,
1462822282125110,,1737675450389150714,5872684108465235842,,0,,,,,,,
1462822282125113,,1737675450389150714,17601470691786554774,,0,,,,,,,
1462822282140748,,1737675450389150714,5872684108465235842,10852441287475671024,1,,,,,,,
1462822282140826,,1737675450389150714,17601470691786554774,10084930765281562037,1,,,,,,,
1462822282304671,,3586964887774117958,14660072798890935180,8298602194697029209,4,,,,,,,
1462822282394492,,13158597651626492648,17108364799598427172,7706670299496369406,4,,,,,,,
1462822282401954,,13158597651626492648,17108364799598427230,5863318671790056353,4,,,,,,,
1462822282659415,,15028818872839812428,8633831605791947500,12035102918045360124,4,,,,,,,
1462822282730247,,15028818872839812428,8633831605791947495,8783068781425628900,4,,,,,,,
1462822282754864,,15028818872839812428,8633831605791947496,10520257741492348593,4,,,,,,,
1462822283354896,,6667470721515118146,13666241654294454982,7704786824220362297,4,,,,,,,
1462822283374312,,13158597651626492648,13027435102035344119,1935496937716850182,4,,,,,,,
1462822283407259,,15028818872839812428,8633831605791947497,7796135490587258267,4,,,,,,,
1462822283472931,,13158597651626492648,17108364799598427224,17011189496625395045,4,,,,,,,
1462822283477279,,15028818872839812428,8633831605791947493,18397038114275363129,4,,,,,,,
1462822283497282,,6667470721515118146,13666241654294454983,7508694909308569378,4,,,,,,,
1462822283512629,,15028818872839812428,8633831605791947501,14367799139054039917,4,,,,,,,
1462822283666385,,15028818872839812428,8633831605791947494,4219938617272773989,4,,,,,,,
1462822284038685,,15028818872839812428,8633831605791947502,673881180831659195,4,,,,,,,
1462822284053339,,6667470721515118146,13666241654294454981,7190939023591991659,4,,,,,,,
1462822284191575,,15028818872839812428,8633831605791947498,9289075733572733394,4,,,,,,,
1462822284306086,,15028818872839812428,7718482794895697276,7277157775948672467,4,,,,,,,
1462822284376769,,8808295310434926812,14092595745614465341,,0,,,,,,,
1462822284376770,,8808295310434926812,11449132516475486240,,0,,,,,,,
1462822284376771,,8808295310434926812,11449132516475486241,,0,,,,,,,
1462822284376772,,8808295310434926812,11449132516475486254,,0,,,,,,,
1462822284376772,,8808295310434926812,11449132516475486255,,0,,,,,,,
1462822284376773,,8808295310434926812,11449132516475486252,,0,,,,,,,
1462822284376773,,8808295310434926812,11449132516475486253,,0,,,,,,,
1462822284376774,,8808295310434926812,11449132516475486250,,0,,,,,,,
1462822284393154,,8808295310434926812,11449132516475486255,18397038114275363129,1,,,,,,,
1462822284393220,,8808295310434926812,11449132516475486250,16104433161137600677,1,,,,,,,
1462822284393265,,8808295310434926812,11449132516475486254,226256904578572410,1,,,,,,,
1462822284393325,,8808295310434926812,11449132516475486241,6650594162456571482,1,,,,,,,
1462822284393368,,8808295310434926812,11449132516475486253,6632285673723748094,1,,,,,,,
1462822284393408,,8808295310434926812,11449132516475486252,12688132031401237076,1,,,,,,,
1462822284393461,,8808295310434926812,14092595745614465341,12556461376693845228,1,,,,,,,
1462822284393514,,8808295310434926812,11449132516475486240,3405283305900188873,1,,,,,,,
1462822284430802,,6667470721515118146,3885201234595965863,5108068219828989055,4,,,,,,,
1462822284460272,,13158597651626492648,17108364799598427226,11078872499313960592,4,,,,,,,
1462822284625276,,6667470721515118146,13666241654294455004,1433790454915598971,4,,,,,,,
1462822284965398,,6667470721515118146,13666241654294454978,14436358018474882319,4,,,,,,,
1462822285033623,,15028818872839812428,8633831605791947492,11392059454777738861,4,,,,,,,
1462822285247446,,15028818872839812428,8633831605791947488,9935764497571253468,4,,,,,,,
1462822285545502,,15028818872839812428,8633831605791947503,18051836192190349360,4,,,,,,,
1462822285790490,,6667470721515118146,13666241654294454987,14624055332059453870,4,,,,,,,
1462822285966066,,6667470721515118146,13666241654294455007,11258693832838534255,4,,,,,,,
1462822286309980,,6667470721515118146,13666241654294454984,5611478128162526316,4,,,,,,,
1462822286575950,,6667470721515118146,13666241654294454976,10969028466315656022,4,,,,,,,
1462822286627821,,18401971429803383231,9701040830855644467,,0,,,,,,,
1462822286627823,,18401971429803383231,6893008764949501339,,0,,,,,,,
1462822286627824,,18401971429803383231,6893008764949501338,,0,,,,,,,
1462822286627824,,18401971429803383231,6893008764949501337,,0,,,,,,,
1462822286627825,,18401971429803383231,6893008764949501336,,0,,,,,,,
1462822286627826,,18401971429803383231,6893008764949501335,,0,,,,,,,
1462822286627826,,18401971429803383231,6893008764949501334,,0,,,,,,,
1462822286627827,,18401971429803383231,6893008764949501333,,0,,,,,,,
1462822286627827,,18401971429803383231,6893008764949501332,,0,,,,,,,
1462822286627828,,18401971429803383231,6893008764949501331,,0,,,,,,,
1462822286627828,,18401971429803383231,6893008764949501330,,0,,,,,,,
1462822286627829,,18401971429803383231,6893008764949501329,,0,,,,,,,
1462822286627829,,18401971429803383231,6893008764949501328,,0,,,,,,,
1462822286627830,,18401971429803383231,6893008764949501295,,0,,,,,,,
1462822286627830,,18401971429803383231,6893008764949501294,,0,,,,,,,
1462822286627830,,18401971429803383231,6893008764949501293,,0,,,,,,,
1462822286643337,,18401971429803383231,6893008764949501331,10703335897342749710,1,,,,,,,
1462822286643380,,18401971429803383231,6893008764949501335,13282109742601766758,1,,,,,,,
1462822286643452,,18401971429803383231,6893008764949501329,2336196215452621013,1,,,,,,,
1462822286643497,,18401971429803383231,6893008764949501294,17500053773440512882,1,,,,,,,
1462822286643537,,18401971429803383231,6893008764949501328,11392059454777738861,1,,,,,,,
1462822286643576,,18401971429803383231,6893008764949501293,11303461661504787271,1,,,,,,,
1462822286643615,,18401971429803383231,6893008764949501339,16173726974436801248,1,,,,,,,
1462822286643660,,18401971429803383231,6893008764949501332,16028208318471770020,1,,,,,,,
1462822286643710,,18401971429803383231,6893008764949501338,3816781413896891505,1,,,,,,,
1462822286643750,,18401971429803383231,6893008764949501334,942064182724729618,1,,,,,,,
1462822286643812,,18401971429803383231,9701040830855644467,10186407093138846630,1,,,,,,,
1462822286643849,,18401971429803383231,6893008764949501295,6069122973187132996,1,,,,,,,
1462822286643912,,18401971429803383231,6893008764949501337,579758872671168809,1,,,,,,,
1462822286643951,,18401971429803383231,6893008764949501333,7796135490587258267,1,,,,,,,
1462822286644001,,18401971429803383231,6893008764949501330,7358453616137503730,1,,,,,,,
1462822286644048,,18401971429803383231,6893008764949501336,12315367188029495522,1,,,,,,,
1462822286882606,,6667470721515118146,13666241654294454986,5687306131573677789,4,,,,,,,
1462822287521707,,15028818872839812428,8633831605791947499,8291607312867417937,4,,,,,,,
1462822287709143,,13158597651626492648,17108364799598427225,3165167876158196256,4,,,,,,,
1462822288121627,,6667470721515118146,13666241654294454979,10221724907133791485,4,,,,,,,
1462822288335976,,6667470721515118146,13666241654294455006,10442752714396792097,4,,,,,,,
1462822288523396,,1737675450389150714,5872684108465235842,10852441287475671024,4,,,,,,,
1462822288864923,,6667470721515118146,13666241654294454985,3907602656878139751,4,,,,,,,
1462822288877448,,234812872992032870,15760505823590277128,,0,,,,,,,
1462822288877452,,234812872992032870,6172686555395865546,,0,,,,,,,
1462822288877454,,234812872992032870,6172686555395865545,,0,,,,,,,
1462822288877454,,234812872992032870,6172686555395865544,,0,,,,,,,
1462822288877455,,234812872992032870,6172686555395865551,,0,,,,,,,
1462822288877455,,234812872992032870,6172686555395865550,,0,,,,,,,
1462822288877456,,234812872992032870,6172686555395865549,,0,,,,,,,
1462822288877456,,234812872992032870,6172686555395865548,,0,,,,,,,
1462822288877457,,234812872992032870,6172686555395865555,,0,,,,,,,
1462822288877457,,234812872992032870,6172686555395865554,,0,,,,,,,
1462822288877458,,234812872992032870,6172686555395865553,,0,,,,,,,
1462822288877458,,234812872992032870,6172686555395865552,,0,,,,,,,
1462822288877459,,234812872992032870,6172686555395865559,,0,,,,,,,
1462822288877459,,234812872992032870,6172686555395865558,,0,,,,,,,
1462822288893370,,234812872992032870,6172686555395865550,11573286920514468152,1,,,,,,,
1462822288893427,,234812872992032870,6172686555395865551,4532088033206191439,1,,,,,,,
1462822288893469,,234812872992032870,6172686555395865555,13594143336871392179,1,,,,,,,
1462822288893502,,234812872992032870,6172686555395865559,10279751198766334013,1,,,,,,,
1462822288893545,,234812872992032870,6172686555395865549,9289075733572733394,1,,,,,,,
1462822288893597,,234812872992032870,6172686555395865553,8298602194697029209,1,,,,,,,
1462822288893632,,234812872992032870,6172686555395865554,8082559973412905623,1,,,,,,,
1462822288893681,,234812872992032870,6172686555395865552,8854555470976534812,1,,,,,,,
1462822288893720,,234812872992032870,6172686555395865546,17707286483351613960,1,,,,,,,
1462822288893759,,234812872992032870,6172686555395865544,5108068219828989055,1,,,,,,,
1462822288893847,,234812872992032870,15760505823590277128,1433790454915598971,1,,,,,,,
1462822288893888,,234812872992032870,6172686555395865558,10520257741492348593,1,,,,,,,
1462822288893921,,234812872992032870,6172686555395865545,1317014969351242130,1,,,,,,,
1462822288893966,,234812872992032870,6172686555395865548,7553729303218201120,1,,,,,,,
1462822290110795,,8808295310434926812,11449132516475486241,6650594162456571482,4,,,,,,,
1462822290159493,,8808295310434926812,11449132516475486250,16104433161137600677,4,,,,,,,
1462822290258041,,1737675450389150714,17601470691786554774,10084930765281562037,4,,,,,,,
1462822291125176,,16856676161741210777,9058534048917932731,,0,,,,,,,
1462822291125178,,16856676161741210777,18116515742003008750,,0,,,,,,,
1462822291141239,,16856676161741210777,9058534048917932731,1330683319236596594,1,,,,,,,
1462822291141282,,16856676161741210777,18116515742003008750,14500028447180564759,1,,,,,,,
1462822291144350,,8808295310434926812,11449132516475486252,12688132031401237076,4,,,,,,,
1462822291691953,,234812872992032870,6172686555395865545,1317014969351242130,4,,,,,,,
1462822291733850,,8808295310434926812,11449132516475486240,3405283305900188873,4,,,,,,,
1462822291853520,,8808295310434926812,11449132516475486253,6632285673723748094,4,,,,,,,
1462822292153289,,234812872992032870,15760505823590277128,1433790454915598971,4,,,,,,,
1462822292156326,,234812872992032870,6172686555395865552,8854555470976534812,4,,,,,,,
1462822292208854,,234812872992032870,6172686555395865548,7553729303218201120,4,,,,,,,
1462822292348507,,234812872992032870,6172686555395865555,13594143336871392179,4,,,,,,,
1462822292357408,,18401971429803383231,6893008764949501330,7358453616137503730,4,,,,,,,
1462822292387493,,234812872992032870,6172686555395865551,4532088033206191439,4,,,,,,,
1462822292439467,,234812872992032870,6172686555395865558,10520257741492348593,4,,,,,,,
1462822292460544,,234812872992032870,6172686555395865559,10279751198766334013,4,,,,,,,
1462822292572208,,8808295310434926812,11449132516475486254,226256904578572410,4,,,,,,,
1462822292618805,,234812872992032870,6172686555395865553,8298602194697029209,4,,,,,,,
1462822292920614,,8808295310434926812,14092595745614465341,12556461376693845228,4,,,,,,,
1462822293376272,,5933491110574662175,9834232715590089617,,0,,,,,,,
1462822293376274,,5933491110574662175,10154865713097274624,,0,,,,,,,
1462822293376275,,5933491110574662175,10154865713097274625,,0,,,,,,,
1462822293376275,,5933491110574662175,10154865713097274626,,0,,,,,,,
1462822293376276,,5933491110574662175,10154865713097274627,,0,,,,,,,
1462822293376276,,5933491110574662175,10154865713097274652,,0,,,,,,,
1462822293376277,,5933491110574662175,10154865713097274653,,0,,,,,,,
1462822293376277,,5933491110574662175,10154865713097274654,,0,,,,,,,
1462822293391119,,5933491110574662175,9834232715590089617,16777902517947616556,1,,,,,,,
1462822293391169,,5933491110574662175,10154865713097274654,8618896319653096782,1,,,,,,,
1462822293391213,,5933491110574662175,10154865713097274624,6675003903256159410,1,,,,,,,
1462822293391261,,5933491110574662175,10154865713097274626,6813758942147195797,1,,,,,,,
1462822293391300,,5933491110574662175,10154865713097274652,17447880445980281304,1,,,,,,,
1462822293391349,,5933491110574662175,10154865713097274625,3302885879877539793,1,,,,,,,
1462822293391398,,5933491110574662175,10154865713097274653,10279751198766334013,1,,,,,,,
1462822293391450,,5933491110574662175,10154865713097274627,1743817022042848721,1,,,,,,,
1462822293477116,,234812872992032870,6172686555395865554,8082559973412905623,4,,,,,,,
1462822293490620,,234812872992032870,6172686555395865546,17707286483351613960,4,,,,,,,
1462822293565969,,18401971429803383231,6893008764949501333,7796135490587258267,4,,,,,,,
1462822293639292,,18401971429803383231,6893008764949501338,3816781413896891505,4,,,,,,,
1462822293790605,,18401971429803383231,6893008764949501329,2336196215452621013,4,,,,,,,
1462822293813699,,18401971429803383231,6893008764949501295,6069122973187132996,4,,,,,,,
1462822293909864,,234812872992032870,6172686555395865549,9289075733572733394,4,,,,,,,
1462822294179432,,18401971429803383231,6893008764949501293,11303461661504787271,4,,,,,,,
1462822294218896,,18401971429803383231,6893008764949501294,17500053773440512882,4,,,,,,,
1462822294498219,,5335372555983594036,10495131349054454335,906025556471407988,4,,,,,,,
1462822294806801,,8808295310434926812,11449132516475486255,18397038114275363129,4,,,,,,,
1462822294900823,,18401971429803383231,6893008764949501337,579758872671168809,4,,,,,,,
1462822295292564,,18401971429803383231,6893008764949501336,12315367188029495522,4,,,,,,,
1462822295309385,,18401971429803383231,6893008764949501328,11392059454777738861,4,,,,,,,
1462822295379777,,18401971429803383231,6893008764949501332,16028208318471770020,4,,,,,,,
1462822295627823,,13680638124516723696,1655630725243578843,,0,,,,,,,
1462822295627824,,13680638124516723696,7680066066549355305,,0,,,,,,,
1462822295627825,,13680638124516723696,7680066066549355306,,0,,,,,,,
1462822295627826,,13680638124516723696,7680066066549355307,,0,,,,,,,
1462822295627827,,13680638124516723696,7680066066549355308,,0,,,,,,,
1462822295627827,,13680638124516723696,7680066066549355309,,0,,,,,,,
1462822295627828,,13680638124516723696,7680066066549355310,,0,,,,,,,
1462822295627828,,13680638124516723696,7680066066549355311,,0,,,,,,,
1462822295627829,,13680638124516723696,7680066066549355312,,0,,,,,,,
1462822295627829,,13680638124516723696,7680066066549355313,,0,,,,,,,
1462822295627830,,13680638124516723696,7680066066549355314,,0,,,,,,,
1462822295627830,,13680638124516723696,7680066066549355315,,0,,,,,,,
1462822295627831,,13680638124516723696,7680066066549355316,,0,,,,,,,
1462822295627831,,13680638124516723696,7680066066549355317,,0,,,,,,,
1462822295627832,,13680638124516723696,7680066066549355318,,0,,,,,,,
1462822295627832,,13680638124516723696,7680066066549355319,,0,,,,,,,
1462822295643625,,13680638124516723696,7680066066549355314,8709557632043634474,1,,,,,,,
1462822295643708,,13680638124516723696,7680066066549355310,10174627833632209238,1,,,,,,,
1462822295643758,,13680638124516723696,7680066066549355305,3907602656878139751,1,,,,,,,
1462822295643828,,13680638124516723696,1655630725243578843,15445664506677349619,1,,,,,,,
1462822295643863,,13680638124516723696,7680066066549355312,12919694424697511495,1,,,,,,,
1462822295643920,,13680638124516723696,7680066066549355311,12757353612365724006,1,,,,,,,
1462822295644052,,13680638124516723696,7680066066549355318,2709143838374946510,1,,,,,,,
1462822295644138,,13680638124516723696,7680066066549355315,11258693832838534255,1,,,,,,,
1462822295645057,,13680638124516723696,7680066066549355317,1091106185567335342,1,,,,,,,
1462822295645218,,13680638124516723696,7680066066549355308,16418008010490895386,1,,,,,,,
1462822295645307,,13680638124516723696,7680066066549355313,3196466423151196112,1,,,,,,,
1462822295645403,,13680638124516723696,7680066066549355306,4960089884328797259,1,,,,,,,
1462822295645499,,13680638124516723696,7680066066549355307,9956498907507961362,1,,,,,,,
1462822295645603,,13680638124516723696,7680066066549355319,10751007387648689429,1,,,,,,,
1462822295645673,,13680638124516723696,7680066066549355309,18001381086961828367,1,,,,,,,
1462822295645721,,13680638124516723696,7680066066549355316,631485669166868797,1,,,,,,,
1462822296183767,,16856676161741210777,18116515742003008750,14500028447180564759,4,,,,,,,
1462822296625346,,18401971429803383231,6893008764949501334,942064182724729618,4,,,,,,,
1462822296865183,,234812872992032870,6172686555395865544,5108068219828989055,4,,,,,,,
1462822297877491,,13253476541791245838,10521114814582506149,,0,,,,,,,
1462822297877494,,13253476541791245838,15871481623620258863,,0,,,,,,,
1462822297877498,,13253476541791245838,15871481623620258862,,0,,,,,,,
1462822297877499,,13253476541791245838,15871481623620258861,,0,,,,,,,
1462822297877500,,13253476541791245838,15871481623620258860,,0,,,,,,,
1462822297877500,,13253476541791245838,15871481623620258859,,0,,,,,,,
1462822297877501,,13253476541791245838,15871481623620258858,,0,,,,,,,
1462822297877501,,13253476541791245838,15871481623620258857,,0,,,,,,,
1462822297877502,,13253476541791245838,15871481623620258856,,0,,,,,,,
1462822297877502,,13253476541791245838,15871481623620258855,,0,,,,,,,
1462822297877503,,13253476541791245838,15871481623620258854,,0,,,,,,,
1462822297877503,,13253476541791245838,15871481623620258853,,0,,,,,,,
1462822297877504,,13253476541791245838,15871481623620258852,,0,,,,,,,
1462822297877504,,13253476541791245838,15871481623620258851,,0,,,,,,,
1462822297894068,,13253476541791245838,15871481623620258858,18355522308053309118,1,,,,,,,
1462822297894111,,13253476541791245838,15871481623620258862,6094459979616030209,1,,,,,,,
1462822297894249,,13253476541791245838,15871481623620258857,12371082708064738520,1,,,,,,,
1462822297894343,,13253476541791245838,15871481623620258859,14624055332059453870,1,,,,,,,
1462822297894378,,13253476541791245838,15871481623620258851,1094175440307761364,1,,,,,,,
1462822297894411,,13253476541791245838,15871481623620258852,2084348875902046608,1,,,,,,,
1462822297894443,,13253476541791245838,15871481623620258853,949826589356521781,1,,,,,,,
1462822297894564,,13253476541791245838,10521114814582506149,13434545754993672051,1,,,,,,,
1462822297894614,,13253476541791245838,15871481623620258855,7186126359195663679,1,,,,,,,
1462822297894665,,13253476541791245838,15871481623620258860,1732732006999019066,1,,,,,,,
1462822297894698,,13253476541791245838,15871481623620258854,13231403498925045779,1,,,,,,,
1462822297894790,,13253476541791245838,15871481623620258856,13371593039931570048,1,,,,,,,
1462822297894825,,13253476541791245838,15871481623620258863,1343007025599555599,1,,,,,,,
1462822297894879,,13253476541791245838,15871481623620258861,15349490466521306202,1,,,,,,,
1462822298262667,,18401971429803383231,6893008764949501335,13282109742601766758,4,,,,,,,
1462822298349018,,16856676161741210777,9058534048917932731,1330683319236596594,4,,,,,,,
1462822299188064,,5933491110574662175,10154865713097274654,8618896319653096782,4,,,,,,,
1462822299465503,,13680638124516723696,7680066066549355315,11258693832838534255,4,,,,,,,
1462822299480780,,13680638124516723696,7680066066549355313,3196466423151196112,4,,,,,,,
1462822299562545,,5933491110574662175,10154865713097274626,6813758942147195797,4,,,,,,,
1462822299671942,,5933491110574662175,10154865713097274653,10279751198766334013,4,,,,,,,
1462822299731644,,5933491110574662175,10154865713097274624,6675003903256159410,4,,,,,,,
1462822299745111,,5933491110574662175,9834232715590089617,16777902517947616556,4,,,,,,,
1462822300125129,,16046319488104419435,11977968721878170706,,0,,,,,,,
1462822300125131,,16046319488104419435,9656756993318358414,,0,,,,,,,
1462822300140936,,16046319488104419435,11977968721878170706,7756253172495085725,1,,,,,,,
1462822300140993,,16046319488104419435,9656756993318358414,226256904578572410,1,,,,,,,
1462822300279384,,13253476541791245838,15871481623620258863,1343007025599555599,4,,,,,,,
1462822300643426,,13253476541791245838,10521114814582506149,13434545754993672051,4,,,,,,,
1462822300741703,,13253476541791245838,15871481623620258860,1732732006999019066,4,,,,,,,
1462822300787946,,13253476541791245838,15871481623620258854,13231403498925045779,4,,,,,,,
1462822300881681,,5933491110574662175,10154865713097274625,3302885879877539793,4,,,,,,,
1462822300925115,,13253476541791245838,15871481623620258855,7186126359195663679,4,,,,,,,
1462822301263270,,13253476541791245838,15871481623620258853,949826589356521781,4,,,,,,,
1462822301341527,,13253476541791245838,15871481623620258862,6094459979616030209,4,,,,,,,
1462822301441030,,5933491110574662175,10154865713097274627,1743817022042848721,4,,,,,,,
1462822301564730,,5933491110574662175,10154865713097274652,17447880445980281304,4,,,,,,,
1462822302086620,,13253476541791245838,15871481623620258858,18355522308053309118,4,,,,,,,
1462822302329329,,13253476541791245838,15871481623620258857,12371082708064738520,4,,,,,,,
1462822302352739,,13253476541791245838,15871481623620258852,2084348875902046608,4,,,,,,,
1462822302371915,,13680638124516723696,7680066066549355309,18001381086961828367,4,,,,,,,
1462822302376265,,17641074471836541097,2698084088447746442,,0,,,,,,,
1462822302376266,,17641074471836541097,1679506991503763381,,0,,,,,,,
1462822302376267,,17641074471836541097,1679506991503763380,,0,,,,,,,
1462822302376268,,17641074471836541097,1679506991503763379,,0,,,,,,,
1462822302376268,,17641074471836541097,1679506991503763378,,0,,,,,,,
1462822302376269,,17641074471836541097,1679506991503763377,,0,,,,,,,
1462822302376269,,17641074471836541097,1679506991503763376,,0,,,,,,,
1462822302376270,,17641074471836541097,1679506991503763391,,0,,,,,,,
1462822302403185,,17641074471836541097,1679506991503763376,10827923422662194887,1,,,,,,,
1462822302403229,,17641074471836541097,1679506991503763377,18357027331939276717,1,,,,,,,
1462822302403283,,17641074471836541097,2698084088447746442,9424809748706221667,1,,,,,,,
1462822302403330,,17641074471836541097,1679506991503763378,1433790454915598971,1,,,,,,,
1462822302403364,,17641074471836541097,1679506991503763381,15001999937617992972,1,,,,,,,
1462822302403421,,17641074471836541097,1679506991503763380,5568701348671103665,1,,,,,,,
1462822302403460,,17641074471836541097,1679506991503763379,3405283305900188873,1,,,,,,,
1462822302403498,,17641074471836541097,1679506991503763391,14379464642675651136,1,,,,,,,
1462822302578379,,13680638124516723696,7680066066549355311,12757353612365724006,4,,,,,,,
1462822302756141,,13680638124516723696,7680066066549355306,4960089884328797259,4,,,,,,,
1462822302822951,,13680638124516723696,7680066066549355318,2709143838374946510,4,,,,,,,
1462822302897012,,13253476541791245838,15871481623620258859,14624055332059453870,4,,,,,,,
1462822302967467,,13680638124516723696,7680066066549355319,10751007387648689429,4,,,,,,,
1462822303067804,,13680638124516723696,7680066066549355307,9956498907507961362,4,,,,,,,
1462822303498352,,13253476541791245838,15871481623620258861,15349490466521306202,4,,,,,,,
1462822303500079,,13253476541791245838,15871481623620258856,13371593039931570048,4,,,,,,,
1462822303569434,,13680638124516723696,1655630725243578843,15445664506677349619,4,,,,,,,
1462822303977072,,13680638124516723696,7680066066549355312,12919694424697511495,4,,,,,,,
1462822304553925,,13680638124516723696,7680066066549355308,16418008010490895386,4,,,,,,,
1462822304628264,,8582559387529707851,2908105980706917070,,0,,,,,,,
1462822304628266,,8582559387529707851,2320866947915093480,,0,,,,,,,
1462822304628266,,8582559387529707851,2320866947915093481,,0,,,,,,,
1462822304628267,,8582559387529707851,2320866947915093482,,0,,,,,,,
1462822304628267,,8582559387529707851,2320866947915093483,,0,,,,,,,
1462822304628268,,8582559387529707851,2320866947915093476,,0,,,,,,,
1462822304628268,,8582559387529707851,2320866947915093477,,0,,,,,,,
1462822304628269,,8582559387529707851,2320866947915093478,,0,,,,,,,
1462822304628269,,8582559387529707851,2320866947915093479,,0,,,,,,,
1462822304628270,,8582559387529707851,2320866947915093472,,0,,,,,,,
1462822304628270,,8582559387529707851,2320866947915093473,,0,,,,,,,
1462822304628271,,8582559387529707851,2320866947915093474,,0,,,,,,,
1462822304628271,,8582559387529707851,2320866947915093475,,0,,,,,,,
1462822304628272,,8582559387529707851,2320866947915093500,,0,,,,,,,
1462822304628272,,8582559387529707851,2320866947915093501,,0,,,,,,,
1462822304628273,,8582559387529707851,2320866947915093502,,0,,,,,,,
1462822304647609,,8582559387529707851,2320866947915093472,385669334771756718,1,,,,,,,
1462822304647667,,8582559387529707851,2320866947915093480,15135273686779990004,1,,,,,,,
1462822304647759,,8582559387529707851,2320866947915093476,7834296379474709125,1,,,,,,,
1462822304647827,,8582559387529707851,2320866947915093477,2781100962266056432,1,,,,,,,
1462822304647875,,8582559387529707851,2320866947915093473,5394505087920769274,1,,,,,,,
1462822304647913,,8582559387529707851,2320866947915093474,12089487372414072579,1,,,,,,,
1462822304647983,,8582559387529707851,2320866947915093479,11128697711582792508,1,,,,,,,
1462822304648035,,8582559387529707851,2320866947915093502,18264514031758212833,1,,,,,,,
1462822304648087,,8582559387529707851,2320866947915093482,4315674117226773001,1,,,,,,,
1462822304648147,,8582559387529707851,2320866947915093478,15777792779537549541,1,,,,,,,
1462822304648262,,8582559387529707851,2908105980706917070,13426245571832694658,1,,,,,,,
1462822304648321,,8582559387529707851,2320866947915093501,15349490466521306202,1,,,,,,,
1462822304648396,,8582559387529707851,2320866947915093483,14436358018474882319,1,,,,,,,
1462822304648459,,8582559387529707851,2320866947915093475,15445664506677349619,1,,,,,,,
1462822304648519,,8582559387529707851,2320866947915093500,37428115284624567,1,,,,,,,
1462822304648576,,8582559387529707851,2320866947915093481,13594143336871392179,1,,,,,,,
1462822305080146,,16046319488104419435,9656756993318358414,226256904578572410,4,,,,,,,
1462822305112612,,13253476541791245838,15871481623620258851,1094175440307761364,4,,,,,,,
1462822305587183,,16046319488104419435,11977968721878170706,7756253172495085725,4,,,,,,,
1462822306401511,,13680638124516723696,7680066066549355305,3907602656878139751,4,,,,,,,
1462822306877470,,3286371384214157321,6627073236624415773,,0,,,,,,,
1462822306877476,,3286371384214157321,1860700606387942634,,0,,,,,,,
1462822306877476,,3286371384214157321,1860700606387942635,,0,,,,,,,
1462822306877477,,3286371384214157321,1860700606387943188,,0,,,,,,,
1462822306877478,,3286371384214157321,1860700606387943189,,0,,,,,,,
1462822306877478,,3286371384214157321,1860700606387943190,,0,,,,,,,
1462822306877479,,3286371384214157321,1860700606387943191,,0,,,,,,,
1462822306877480,,3286371384214157321,1860700606387943184,,0,,,,,,,
1462822306877480,,3286371384214157321,1860700606387943185,,0,,,,,,,
1462822306877481,,3286371384214157321,1860700606387943186,,0,,,,,,,
1462822306877481,,3286371384214157321,1860700606387943187,,0,,,,,,,
1462822306877481,,3286371384214157321,1860700606387943196,,0,,,,,,,
1462822306877482,,3286371384214157321,1860700606387943197,,0,,,,,,,
1462822306877482,,3286371384214157321,1860700606387943198,,0,,,,,,,
1462822306894343,,3286371384214157321,1860700606387943184,12852228531220481488,1,,,,,,,
1462822306894411,,3286371384214157321,1860700606387943190,13638569270200598093,1,,,,,,,
1462822306894457,,3286371384214157321,1860700606387943198,8783068781425628900,1,,,,,,,
1462822306894533,,3286371384214157321,1860700606387943191,12699185514858882841,1,,,,,,,
1462822306894578,,3286371384214157321,1860700606387943197,7379342491797750406,1,,,,,,,
1462822306894651,,3286371384214157321,1860700606387943187,2158098549847998475,1,,,,,,,
1462822306894691,,3286371384214157321,1860700606387942635,6141208748793497031,1,,,,,,,
1462822306894725,,3286371384214157321,1860700606387942634,7428914211573701811,1,,,,,,,
1462822306894764,,3286371384214157321,1860700606387943188,16820058896078234534,1,,,,,,,
1462822306895838,,3286371384214157321,1860700606387943185,5810355193749600435,1,,,,,,,
1462822306896172,,3286371384214157321,6627073236624415773,14195863767149723993,1,,,,,,,
1462822306896236,,3286371384214157321,1860700606387943189,11392059454777738861,1,,,,,,,
1462822306896418,,3286371384214157321,1860700606387943186,1102526922123032575,1,,,,,,,
1462822306896472,,3286371384214157321,1860700606387943196,13934316257598409265,1,,,,,,,
1462822308153715,,17641074471836541097,1679506991503763381,15001999937617992972,4,,,,,,,
1462822308196446,,17641074471836541097,1679506991503763377,18357027331939276717,4,,,,,,,
1462822308509414,,17641074471836541097,1679506991503763391,14379464642675651136,4,,,,,,,
1462822308565666,,10345465404338789506,16775772180262218660,5259244566621687088,4,,,,,,,
1462822308717812,,17641074471836541097,1679506991503763380,5568701348671103665,4,,,,,,,
1462822309125214,,10582662951505594546,6310229191306515358,,0,,,,,,,
1462822309125218,,10582662951505594546,12711211175298300843,,0,,,,,,,
1462822309141287,,10582662951505594546,12711211175298300843,13231403498925045779,1,,,,,,,
1462822309141358,,10582662951505594546,6310229191306515358,12688132031401237076,1,,,,,,,
1462822309325289,,13680638124516723696,7680066066549355317,1091106185567335342,4,,,,,,,
1462822309849224,,3286371384214157321,1860700606387943187,2158098549847998475,4,,,,,,,
1462822309921333,,3286371384214157321,1860700606387943198,8783068781425628900,4,,,,,,,
1462822310244078,,8582559387529707851,2320866947915093501,15349490466521306202,4,,,,,,,
1462822310314264,,3286371384214157321,6627073236624415773,14195863767149723993,4,,,,,,,
1462822310338117,,8582559387529707851,2320866947915093477,2781100962266056432,4,,,,,,,
1462822310436250,,3586964887774117958,14660072798890935182,8124402473565275432,4,,,,,,,
1462822310700128,,3286371384214157321,1860700606387942634,7428914211573701811,4,,,,,,,
1462822311115987,,17641074471836541097,1679506991503763376,10827923422662194887,4,,,,,,,
1462822311150444,,3286371384214157321,1860700606387943184,12852228531220481488,4,,,,,,,
1462822311234489,,17641074471836541097,1679506991503763378,1433790454915598971,4,,,,,,,
1462822311238490,,8582559387529707851,2320866947915093481,13594143336871392179,4,,,,,,,
1462822311254456,,3286371384214157321,1860700606387943197,7379342491797750406,4,,,,,,,
1462822311377046,,12829873490154608004,2245055963503787245,,0,,,,,,,
1462822311377048,,12829873490154608004,5632855682923388340,,0,,,,,,,
1462822311377049,,12829873490154608004,5632855682923388343,,0,,,,,,,
1462822311377050,,12829873490154608004,5632855682923388342,,0,,,,,,,
1462822311377051,,12829873490154608004,5632855682923388345,,0,,,,,,,
1462822311377051,,12829873490154608004,5632855682923388344,,0,,,,,,,
1462822311377052,,12829873490154608004,5632855682923388347,,0,,,,,,,
1462822311377052,,12829873490154608004,5632855682923388346,,0,,,,,,,
1462822311394001,,12829873490154608004,5632855682923388342,6454717725655763029,1,,,,,,,
1462822311394046,,12829873490154608004,5632855682923388346,11345873810609397285,1,,,,,,,
1462822311394089,,12829873490154608004,5632855682923388343,12388204378211537643,1,,,,,,,
1462822311394124,,12829873490154608004,5632855682923388344,1405206693959234716,1,,,,,,,
1462822311394177,,12829873490154608004,5632855682923388345,12161662486147087237,1,,,,,,,
1462822311394232,,12829873490154608004,2245055963503787245,9289075733572733394,1,,,,,,,
1462822311394266,,12829873490154608004,5632855682923388340,18300367818565109113,1,,,,,,,
1462822311394297,,12829873490154608004,5632855682923388347,3090027667011811656,1,,,,,,,
1462822311558043,,3286371384214157321,1860700606387943188,16820058896078234534,4,,,,,,,
1462822311646464,,17641074471836541097,2698084088447746442,9424809748706221667,4,,,,,,,
1462822311654424,,8582559387529707851,2320866947915093480,15135273686779990004,4,,,,,,,
1462822311846299,,8582559387529707851,2320866947915093500,37428115284624567,4,,,,,,,
1462822312090138,,18401971429803383231,6893008764949501331,10703335897342749710,4,,,,,,,
1462822312126487,,8582559387529707851,2320866947915093473,5394505087920769274,4,,,,,,,
1462822312150729,,3286371384214157321,1860700606387943189,11392059454777738861,4,,,,,,,
1462822312337463,,8582559387529707851,2320866947915093478,15777792779537549541,4,,,,,,,
1462822312433800,,8582559387529707851,2320866947915093476,7834296379474709125,4,,,,,,,
1462822312437583,,8582559387529707851,2320866947915093483,14436358018474882319,4,,,,,,,
1462822312542073,,8582559387529707851,2908105980706917070,13426245571832694658,4,,,,,,,
1462822312632871,,8582559387529707851,2320866947915093479,11128697711582792508,4,,,,,,,
1462822312649639,,8582559387529707851,2320866947915093502,18264514031758212833,4,,,,,,,
1462822313051618,,3286371384214157321,1860700606387943191,12699185514858882841,4,,,,,,,
1462822313187778,,3286371384214157321,1860700606387943185,5810355193749600435,4,,,,,,,
1462822313331128,,10582662951505594546,6310229191306515358,12688132031401237076,4,,,,,,,
1462822313560562,,10582662951505594546,12711211175298300843,13231403498925045779,4,,,,,,,
1462822313627769,,5632618292356297990,690097748330958962,,0,,,,,,,
1462822313627772,,5632618292356297990,17967043040446506872,,0,,,,,,,
1462822313627774,,5632618292356297990,17967043040446506875,,0,,,,,,,
1462822313627774,,5632618292356297990,17967043040446506874,,0,,,,,,,
1462822313627775,,5632618292356297990,17967043040446506877,,0,,,,,,,
1462822313627775,,5632618292356297990,17967043040446506876,,0,,,,,,,
1462822313627776,,5632618292356297990,17967043040446506879,,0,,,,,,,
1462822313627776,,5632618292356297990,17967043040446506878,,0,,,,,,,
1462822313627777,,5632618292356297990,17967043040446506881,,0,,,,,,,
1462822313627777,,5632618292356297990,17967043040446506880,,0,,,,,,,
1462822313627778,,5632618292356297990,17967043040446506883,,0,,,,,,,
1462822313627778,,5632618292356297990,17967043040446506882,,0,,,,,,,
1462822313627779,,5632618292356297990,17967043040446506885,,0,,,,,,,
1462822313627779,,5632618292356297990,17967043040446506884,,0,,,,,,,
1462822313627780,,5632618292356297990,17967043040446506887,,0,,,,,,,
1462822313627780,,5632618292356297990,17967043040446506886,,0,,,,,,,
1462822313643053,,5632618292356297990,17967043040446506878,18357027331939276717,1,,,,,,,
1462822313643178,,5632618292356297990,690097748330958962,16496069401970343120,1,,,,,,,
1462822313643222,,5632618292356297990,17967043040446506886,7704786824220362297,1,,,,,,,
1462822313643275,,5632618292356297990,17967043040446506881,17548281846970543355,1,,,,,,,
1462822313643317,,5632618292356297990,17967043040446506883,12688132031401237076,1,,,,,,,
1462822313643348,,5632618292356297990,17967043040446506876,12556461376693845228,1,,,,,,,
1462822313643424,,5632618292356297990,17967043040446506887,4673655612842787988,1,,,,,,,
1462822313643467,,5632618292356297990,17967043040446506885,13371593039931570048,1,,,,,,,
1462822313643510,,5632618292356297990,17967043040446506884,7326067751865642467,1,,,,,,,
1462822313644553,,5632618292356297990,17967043040446506877,1478944897403855445,1,,,,,,,
1462822313644718,,5632618292356297990,17967043040446506880,13919973464436229250,1,,,,,,,
1462822313644784,,5632618292356297990,17967043040446506872,226256904578572410,1,,,,,,,
1462822313644863,,5632618292356297990,17967043040446506875,106955831579403614,1,,,,,,,
1462822313644928,,5632618292356297990,17967043040446506874,17011189496625395045,1,,,,,,,
1462822313645004,,5632618292356297990,17967043040446506882,9935764497571253468,1,,,,,,,
1462822313645090,,5632618292356297990,17967043040446506879,14003013375612019889,1,,,,,,,
1462822313863562,,13680638124516723696,7680066066549355310,10174627833632209238,4,,,,,,,
1462822314136580,,3286371384214157321,1860700606387943196,13934316257598409265,4,,,,,,,
1462822315877434,,17389944309670646411,13395994320581651918,,0,,,,,,,
1462822315877437,,17389944309670646411,18066409274952432489,,0,,,,,,,
1462822315877439,,17389944309670646411,18066409274952432494,,0,,,,,,,
1462822315877439,,17389944309670646411,18066409274952432495,,0,,,,,,,
1462822315877440,,17389944309670646411,18066409274952432492,,0,,,,,,,
1462822315877440,,17389944309670646411,18066409274952432493,,0,,,,,,,
1462822315877441,,17389944309670646411,18066409274952432482,,0,,,,,,,
1462822315877441,,17389944309670646411,18066409274952432483,,0,,,,,,,
1462822315877442,,17389944309670646411,18066409274952432480,,0,,,,,,,
1462822315877443,,17389944309670646411,18066409274952432481,,0,,,,,,,
1462822315877444,,17389944309670646411,18066409274952432486,,0,,,,,,,
1462822315877444,,17389944309670646411,18066409274952432487,,0,,,,,,,
1462822315877445,,17389944309670646411,18066409274952432484,,0,,,,,,,
1462822315877445,,17389944309670646411,18066409274952432485,,0,,,,,,,
1462822315894977,,17389944309670646411,18066409274952432483,10520257741492348593,1,,,,,,,
1462822315895023,,17389944309670646411,18066409274952432493,13409892783592632401,1,,,,,,,
1462822315895068,,17389944309670646411,18066409274952432482,10827923422662194887,1,,,,,,,
1462822315895146,,17389944309670646411,18066409274952432489,8116390004242581169,1,,,,,,,
1462822315895180,,17389944309670646411,18066409274952432494,11392059454777738861,1,,,,,,,
1462822315895214,,17389944309670646411,18066409274952432481,10190019964829034468,1,,,,,,,
1462822315895244,,17389944309670646411,18066409274952432485,12699185514858882841,1,,,,,,,
1462822315895298,,17389944309670646411,18066409274952432480,12728293783028477144,1,,,,,,,
1462822315895346,,17389944309670646411,18066409274952432484,4615245504006647509,1,,,,,,,
1462822315895385,,17389944309670646411,18066409274952432495,16820058896078234534,1,,,,,,,
1462822315895454,,17389944309670646411,13395994320581651918,1094175440307761364,1,,,,,,,
1462822315895487,,17389944309670646411,18066409274952432487,11002865075290528818,1,,,,,,,
1462822315895513,,17389944309670646411,18066409274952432492,938258312952676486,1,,,,,,,
1462822315895577,,17389944309670646411,18066409274952432486,296587527155123205,1,,,,,,,
1462822317094139,,10345465404338789506,17948074771287600756,980052016105123682,4,,,,,,,
1462822317412657,,12829873490154608004,5632855682923388345,12161662486147087237,4,,,,,,,
1462822317478622,,12829873490154608004,5632855682923388340,18300367818565109113,4,,,,,,,
1462822317728784,,12829873490154608004,5632855682923388342,6454717725655763029,4,,,,,,,
1462822317846681,,5632618292356297990,17967043040446506878,18357027331939276717,4,,,,,,,
1462822317907201,,12829873490154608004,5632855682923388343,12388204378211537643,4,,,,,,,
1462822318125205,,10862695580450611514,2333913756243425700,,0,,,,,,,
1462822318125210,,10862695580450611514,17511014375238724648,,0,,,,,,,
1462822318143048,,10862695580450611514,17511014375238724648,5687306131573677789,1,,,,,,,
1462822318143159,,10862695580450611514,2333913756243425700,12833720103675768416,1,,,,,,,
1462822318182745,,12829873490154608004,2245055963503787245,9289075733572733394,4,,,,,,,
1462822318261248,,12829873490154608004,5632855682923388346,11345873810609397285,4,,,,,,,
1462822318306248,,12829873490154608004,5632855682923388347,3090027667011811656,4,,,,,,,
1462822318721074,,17389944309670646411,18066409274952432481,10190019964829034468,4,,,,,,,
1462822318996020,,17389944309670646411,18066409274952432494,11392059454777738861,4,,,,,,,
1462822319063936,,17389944309670646411,18066409274952432484,4615245504006647509,4,,,,,,,
1462822319154453,,17389944309670646411,18066409274952432486,296587527155123205,4,,,,,,,
1462822319387890,,17389944309670646411,18066409274952432493,13409892783592632401,4,,,,,,,
1462822319459032,,17389944309670646411,18066409274952432487,11002865075290528818,4,,,,,,,
1462822319471922,,17389944309670646411,18066409274952432492,938258312952676486,4,,,,,,,
1462822319564054,,18401971429803383231,9701040830855644467,10186407093138846630,4,,,,,,,
1462822319670102,,17389944309670646411,18066409274952432495,16820058896078234534,4,,,,,,,
1462822319801271,,5632618292356297990,17967043040446506883,12688132031401237076,4,,,,,,,
1462822320149836,,17389944309670646411,18066409274952432489,8116390004242581169,4,,,,,,,
1462822320203642,,17389944309670646411,18066409274952432482,10827923422662194887,4,,,,,,,
1462822320316163,,17389944309670646411,18066409274952432480,12728293783028477144,4,,,,,,,
1462822320376302,,13128349039744319511,11268373183186953188,,0,,,,,,,
1462822320376305,,13128349039744319511,6434300911726812296,,0,,,,,,,
1462822320376307,,13128349039744319511,6434300911726812303,,0,,,,,,,
1462822320376307,,13128349039744319511,6434300911726812302,,0,,,,,,,
1462822320376308,,13128349039744319511,6434300911726812301,,0,,,,,,,
1462822320376308,,13128349039744319511,6434300911726812300,,0,,,,,,,
1462822320376309,,13128349039744319511,6434300911726812291,,0,,,,,,,
1462822320376310,,13128349039744319511,6434300911726812290,,0,,,,,,,
1462822320391556,,13128349039744319511,6434300911726812302,2979955948507252744,1,,,,,,,
1462822320391630,,13128349039744319511,6434300911726812303,813429657334564310,1,,,,,,,
1462822320391686,,13128349039744319511,6434300911726812296,14624055332059453870,1,,,,,,,
1462822320391753,,13128349039744319511,6434300911726812301,2781100962266056432,1,,,,,,,
1462822320391845,,13128349039744319511,11268373183186953188,7802321937690140433,1,,,,,,,
1462822320391880,,13128349039744319511,6434300911726812300,12852228531220481488,1,,,,,,,
1462822320391938,,13128349039744319511,6434300911726812291,18357027331939276717,1,,,,,,,
1462822320392001,,13128349039744319511,6434300911726812290,15247786840751950142,1,,,,,,,
1462822320640721,,5632618292356297990,17967043040446506872,226256904578572410,4,,,,,,,
1462822320655054,,5632618292356297990,17967043040446506875,106955831579403614,4,,,,,,,
1462822320738750,,5632618292356297990,17967043040446506886,7704786824220362297,4,,,,,,,
1462822320790381,,17389944309670646411,18066409274952432485,12699185514858882841,4,,,,,,,
1462822320876491,,5632618292356297990,17967043040446506879,14003013375612019889,4,,,,,,,
1462822321152186,,17389944309670646411,18066409274952432483,10520257741492348593,4,,,,,,,
1462822321249398,,5632618292356297990,17967043040446506885,13371593039931570048,4,,,,,,,
1462822321264554,,5632618292356297990,17967043040446506876,12556461376693845228,4,,,,,,,
1462822321707521,,5632618292356297990,17967043040446506881,17548281846970543355,4,,,,,,,
1462822321721429,,5632618292356297990,17967043040446506874,17011189496625395045,4,,,,,,,
1462822321825181,,17389944309670646411,13395994320581651918,1094175440307761364,4,,,,,,,
1462822322032219,,234812872992032870,6172686555395865550,11573286920514468152,4,,,,,,,
1462822322142664,,10862695580450611514,17511014375238724648,5687306131573677789,4,,,,,,,
1462822322180268,,5632618292356297990,17967043040446506884,7326067751865642467,4,,,,,,,
1462822322628054,,387970588335680221,9355025852584820416,,0,,,,,,,
1462822322628059,,387970588335680221,7171886082504500998,,0,,,,,,,
1462822322628061,,387970588335680221,7171886082504500997,,0,,,,,,,
1462822322628062,,387970588335680221,7171886082504500996,,0,,,,,,,
1462822322628063,,387970588335680221,7171886082504501003,,0,,,,,,,
1462822322628064,,387970588335680221,7171886082504501002,,0,,,,,,,
1462822322628064,,387970588335680221,7171886082504501001,,0,,,,,,,
1462822322628065,,387970588335680221,7171886082504501000,,0,,,,,,,
1462822322628066,,387970588335680221,7171886082504501007,,0,,,,,,,
1462822322628067,,387970588335680221,7171886082504501006,,0,,,,,,,
1462822322628068,,387970588335680221,7171886082504501005,,0,,,,,,,
1462822322628068,,387970588335680221,7171886082504501004,,0,,,,,,,
1462822322628069,,387970588335680221,7171886082504500979,,0,,,,,,,
1462822322628070,,387970588335680221,7171886082504500978,,0,,,,,,,
1462822322628071,,387970588335680221,7171886082504500977,,0,,,,,,,
1462822322628072,,387970588335680221,7171886082504500976,,0,,,,,,,
1462822322646451,,387970588335680221,7171886082504501001,7529481235092036757,1,,,,,,,
1462822322646563,,387970588335680221,7171886082504501007,6929460803413072434,1,,,,,,,
1462822322646606,,387970588335680221,7171886082504500996,17019520688454287513,1,,,,,,,
1462822322646648,,387970588335680221,7171886082504500978,11303461661504787271,1,,,,,,,
1462822322646683,,387970588335680221,7171886082504501003,3544643591758153699,1,,,,,,,
1462822322646715,,387970588335680221,7171886082504501004,11002865075290528818,1,,,,,,,
1462822322646752,,387970588335680221,7171886082504501000,8375227504753369829,1,,,,,,,
1462822322646825,,387970588335680221,7171886082504500997,1732732006999019066,1,,,,,,,
1462822322646897,,387970588335680221,7171886082504500977,16565394274075892782,1,,,,,,,
1462822322646945,,387970588335680221,7171886082504501005,15017128990340272814,1,,,,,,,
1462822322647019,,387970588335680221,7171886082504501006,1514863780550564736,1,,,,,,,
1462822322647081,,387970588335680221,7171886082504501002,16591327083407795243,1,,,,,,,
1462822322647121,,387970588335680221,7171886082504500979,15555879016008479500,1,,,,,,,
1462822322647272,,387970588335680221,7171886082504500976,14240424929944570918,1,,,,,,,
1462822322647320,,387970588335680221,7171886082504500998,12699185514858882841,1,,,,,,,
1462822322647430,,387970588335680221,9355025852584820416,6101731148178120558,1,,,,,,,
1462822322878837,,5632618292356297990,17967043040446506877,1478944897403855445,4,,,,,,,
1462822323298469,,5632618292356297990,17967043040446506887,4673655612842787988,4,,,,,,,
1462822323675180,,5632618292356297990,17967043040446506882,9935764497571253468,4,,,,,,,
1462822324794820,,10862695580450611514,2333913756243425700,12833720103675768416,4,,,,,,,
1462822324877404,,17894873506593878337,761683252129695036,,0,,,,,,,
1462822324877418,,17894873506593878337,16827756072484011268,,0,,,,,,,
1462822324877419,,17894873506593878337,16827756072484011323,,0,,,,,,,
1462822324877419,,17894873506593878337,16827756072484011322,,0,,,,,,,
1462822324877420,,17894873506593878337,16827756072484011321,,0,,,,,,,
1462822324877421,,17894873506593878337,16827756072484011320,,0,,,,,,,
1462822324877421,,17894873506593878337,16827756072484011327,,0,,,,,,,
1462822324877422,,17894873506593878337,16827756072484011326,,0,,,,,,,
1462822324877422,,17894873506593878337,16827756072484011325,,0,,,,,,,
1462822324877423,,17894873506593878337,16827756072484011324,,0,,,,,,,
1462822324877423,,17894873506593878337,16827756072484011315,,0,,,,,,,
1462822324877424,,17894873506593878337,16827756072484011314,,0,,,,,,,
1462822324877424,,17894873506593878337,16827756072484011313,,0,,,,,,,
1462822324877425,,17894873506593878337,16827756072484011312,,0,,,,,,,
1462822324893795,,17894873506593878337,16827756072484011325,8124402473565275432,1,,,,,,,
1462822324893867,,17894873506593878337,761683252129695036,7190939023591991659,1,,,,,,,
1462822324893932,,17894873506593878337,16827756072484011268,106955831579403614,1,,,,,,,
1462822324893998,,17894873506593878337,16827756072484011324,4999932444799180998,1,,,,,,,
1462822324894048,,17894873506593878337,16827756072484011314,6464439403077693458,1,,,,,,,
1462822324894097,,17894873506593878337,16827756072484011321,8618896319653096782,1,,,,,,,
1462822324894130,,17894873506593878337,16827756072484011313,3907602656878139751,1,,,,,,,
1462822324894161,,17894873506593878337,16827756072484011320,2336196215452621013,1,,,,,,,
1462822324894193,,17894873506593878337,16827756072484011323,7358453616137503730,1,,,,,,,
1462822324894236,,17894873506593878337,16827756072484011315,2140571017597925379,1,,,,,,,
1462822324894284,,17894873506593878337,16827756072484011322,6632285673723748094,1,,,,,,,
1462822324895410,,17894873506593878337,16827756072484011326,14995024852962574951,1,,,,,,,
1462822324895635,,17894873506593878337,16827756072484011327,11633343505245590058,1,,,,,,,
1462822324895719,,17894873506593878337,16827756072484011312,14706926863855190454,1,,,,,,,
1462822326075266,,13128349039744319511,6434300911726812303,813429657334564310,4,,,,,,,
1462822326139192,,18401971429803383231,6893008764949501339,16173726974436801248,4,,,,,,,
1462822326334353,,13128349039744319511,11268373183186953188,7802321937690140433,4,,,,,,,
1462822326683145,,13128349039744319511,6434300911726812301,2781100962266056432,4,,,,,,,
1462822327125209,,3034248539137619083,5653981486541561401,,0,,,,,,,
1462822327125212,,3034248539137619083,874996314563960496,,0,,,,,,,
1462822327141080,,3034248539137619083,874996314563960496,12391129714481465863,1,,,,,,,
1462822327141164,,3034248539137619083,5653981486541561401,12100425555961282419,1,,,,,,,
1462822327334071,,17894873506593878337,16827756072484011325,8124402473565275432,4,,,,,,,
1462822327426262,,13680638124516723696,7680066066549355316,631485669166868797,4,,,,,,,
1462822327462546,,17894873506593878337,16827756072484011322,6632285673723748094,4,,,,,,,
1462822327598374,,17894873506593878337,16827756072484011321,8618896319653096782,4,,,,,,,
1462822327630148,,17894873506593878337,16827756072484011315,2140571017597925379,4,,,,,,,
1462822327760071,,3286371384214157321,1860700606387942635,6141208748793497031,4,,,,,,,
1462822327849115,,17894873506593878337,16827756072484011320,2336196215452621013,4,,,,,,,
1462822327939368,,17894873506593878337,761683252129695036,7190939023591991659,4,,,,,,,
1462822327956970,,17894873506593878337,16827756072484011326,14995024852962574951,4,,,,,,,
1462822328079040,,17894873506593878337,16827756072484011268,106955831579403614,4,,,,,,,
1462822328214599,,17894873506593878337,16827756072484011312,14706926863855190454,4,,,,,,,
1462822328270387,,13128349039744319511,6434300911726812300,12852228531220481488,4,,,,,,,
1462822328632815,,17894873506593878337,16827756072484011313,3907602656878139751,4,,,,,,,
1462822328853782,,387970588335680221,7171886082504500997,1732732006999019066,4,,,,,,,
1462822328908321,,17894873506593878337,16827756072484011324,4999932444799180998,4,,,,,,,
1462822328966287,,17894873506593878337,16827756072484011327,11633343505245590058,4,,,,,,,
1462822328999712,,17641074471836541097,1679506991503763379,3405283305900188873,4,,,,,,,
1462822329072654,,387970588335680221,7171886082504501007,6929460803413072434,4,,,,,,,
1462822329129967,,17894873506593878337,16827756072484011314,6464439403077693458,4,,,,,,,
1462822329150973,,13128349039744319511,6434300911726812290,15247786840751950142,4,,,,,,,
1462822329376277,,10023403823575817210,3694750901008839899,,0,,,,,,,
1462822329376279,,10023403823575817210,8320019245942311337,,0,,,,,,,
1462822329376280,,10023403823575817210,8320019245942311338,,0,,,,,,,
1462822329376280,,10023403823575817210,8320019245942311339,,0,,,,,,,
1462822329376281,,10023403823575817210,8320019245942311340,,0,,,,,,,
1462822329376282,,10023403823575817210,8320019245942311341,,0,,,,,,,
1462822329376282,,10023403823575817210,8320019245942311342,,0,,,,,,,
1462822329376283,,10023403823575817210,8320019245942311343,,0,,,,,,,
1462822329392516,,10023403823575817210,8320019245942311343,7553729303218201120,1,,,,,,,
1462822329392598,,10023403823575817210,3694750901008839899,8124757549184404909,1,,,,,,,
1462822329392638,,10023403823575817210,8320019245942311341,15826476701138252334,1,,,,,,,
1462822329392669,,10023403823575817210,8320019245942311340,16400913255896383680,1,,,,,,,
1462822329392726,,10023403823575817210,8320019245942311337,10765325155971975255,1,,,,,,,
1462822329392773,,10023403823575817210,8320019245942311342,9289075733572733394,1,,,,,,,
1462822329392812,,10023403823575817210,8320019245942311338,10116818325579485718,1,,,,,,,
1462822329392856,,10023403823575817210,8320019245942311339,2158098549847998475,1,,,,,,,
1462822329427914,,387970588335680221,7171886082504501000,8375227504753369829,4,,,,,,,
1462822329691876,,387970588335680221,7171886082504500978,11303461661504787271,4,,,,,,,
1462822329872695,,387970588335680221,7171886082504501004,11002865075290528818,4,,,,,,,
1462822329902584,,387970588335680221,7171886082504501005,15017128990340272814,4,,,,,,,
1462822330068693,,387970588335680221,9355025852584820416,6101731148178120558,4,,,,,,,
1462822330085511,,387970588335680221,7171886082504500996,17019520688454287513,4,,,,,,,
1462822330233679,,387970588335680221,7171886082504500976,14240424929944570918,4,,,,,,,
1462822330752697,,387970588335680221,7171886082504500998,12699185514858882841,4,,,,,,,
1462822330773090,,387970588335680221,7171886082504501001,7529481235092036757,4,,,,,,,
1462822330803800,,3286371384214157321,1860700606387943190,13638569270200598093,4,,,,,,,
1462822331627824,,17680403702663394618,10282516488011896634,,0,,,,,,,
1462822331627829,,17680403702663394618,12801233895197613743,,0,,,,,,,
1462822331627831,,17680403702663394618,12801233895197613728,,0,,,,,,,
1462822331627831,,17680403702663394618,12801233895197613729,,0,,,,,,,
1462822331627832,,17680403702663394618,12801233895197613730,,0,,,,,,,
1462822331627832,,17680403702663394618,12801233895197613731,,0,,,,,,,
1462822331627833,,17680403702663394618,12801233895197613732,,0,,,,,,,
1462822331627833,,17680403702663394618,12801233895197613733,,0,,,,,,,
1462822331627834,,17680403702663394618,12801233895197613734,,0,,,,,,,
1462822331627834,,17680403702663394618,12801233895197613735,,0,,,,,,,
1462822331627835,,17680403702663394618,12801233895197613720,,0,,,,,,,
1462822331627835,,17680403702663394618,12801233895197613721,,0,,,,,,,
1462822331627836,,17680403702663394618,12801233895197613722,,0,,,,,,,
1462822331627836,,17680403702663394618,12801233895197613723,,0,,,,,,,
1462822331627836,,17680403702663394618,12801233895197613724,,0,,,,,,,
1462822331627837,,17680403702663394618,12801233895197613725,,0,,,,,,,
1462822331643150,,17680403702663394618,12801233895197613733,13282109742601766758,1,,,,,,,
1462822331643228,,17680403702663394618,10282516488011896634,10186407093138846630,1,,,,,,,
1462822331643268,,17680403702663394618,12801233895197613735,11573286920514468152,1,,,,,,,
1462822331643328,,17680403702663394618,12801233895197613731,10084930765281562037,1,,,,,,,
1462822331643362,,17680403702663394618,12801233895197613725,13409892783592632401,1,,,,,,,
1462822331643390,,17680403702663394618,12801233895197613732,15349490466521306202,1,,,,,,,
1462822331643447,,17680403702663394618,12801233895197613722,2709143838374946510,1,,,,,,,
1462822331643505,,17680403702663394618,12801233895197613734,15017128990340272814,1,,,,,,,
1462822331643559,,17680403702663394618,12801233895197613743,14166014483846167229,1,,,,,,,
1462822331644683,,17680403702663394618,12801233895197613721,18051836192190349360,1,,,,,,,
1462822331644834,,17680403702663394618,12801233895197613724,10442752714396792097,1,,,,,,,
1462822331644945,,17680403702663394618,12801233895197613730,13594143336871392179,1,,,,,,,
1462822331645083,,17680403702663394618,12801233895197613723,12557099803895192650,1,,,,,,,
1462822331645159,,17680403702663394618,12801233895197613729,9053312491887284931,1,,,,,,,
1462822331645245,,17680403702663394618,12801233895197613720,938258312952676486,1,,,,,,,
1462822331645308,,17680403702663394618,12801233895197613728,12688132031401237076,1,,,,,,,
1462822331660745,,387970588335680221,7171886082504500977,16565394274075892782,4,,,,,,,
1462822331905379,,387970588335680221,7171886082504501002,16591327083407795243,4,,,,,,,
1462822332132153,,387970588335680221,7171886082504501006,1514863780550564736,4,,,,,,,
1462822332546529,,13128349039744319511,6434300911726812291,18357027331939276717,4,,,,,,,
1462822332592647,,13128349039744319511,6434300911726812296,14624055332059453870,4,,,,,,,
1462822333216249,,3286371384214157321,1860700606387943186,1102526922123032575,4,,,,,,,
1462822333499940,,8582559387529707851,2320866947915093475,15445664506677349619,4,,,,,,,
1462822333707070,,13680638124516723696,7680066066549355314,8709557632043634474,4,,,,,,,
1462822333877440,,12408145560526228157,1051869854995770935,,0,,,,,,,
1462822333877444,,12408145560526228157,4747198805591098620,,0,,,,,,,
1462822333877445,,12408145560526228157,4747198805591098621,,0,,,,,,,
1462822333877446,,12408145560526228157,4747198805591098618,,0,,,,,,,
1462822333877446,,12408145560526228157,4747198805591098619,,0,,,,,,,
1462822333877447,,12408145560526228157,4747198805591098616,,0,,,,,,,
1462822333877448,,12408145560526228157,4747198805591098617,,0,,,,,,,
1462822333877448,,12408145560526228157,4747198805591100166,,0,,,,,,,
1462822333877448,,12408145560526228157,4747198805591100167,,0,,,,,,,
1462822333877449,,12408145560526228157,4747198805591100164,,0,,,,,,,
1462822333877450,,12408145560526228157,4747198805591100165,,0,,,,,,,
1462822333877451,,12408145560526228157,4747198805591100162,,0,,,,,,,
1462822333877451,,12408145560526228157,4747198805591100163,,0,,,,,,,
1462822333877452,,12408145560526228157,4747198805591100160,,0,,,,,,,
1462822333893524,,12408145560526228157,4747198805591100166,11078872499313960592,1,,,,,,,
1462822333893585,,12408145560526228157,4747198805591100162,11666615854676652007,1,,,,,,,
1462822333893632,,12408145560526228157,4747198805591098618,18357027331939276717,1,,,,,,,
1462822333893688,,12408145560526228157,4747198805591098617,579758872671168809,1,,,,,,,
1462822333893721,,12408145560526228157,4747198805591098616,17369185670323018193,1,,,,,,,
1462822333893765,,12408145560526228157,4747198805591100165,1343007025599555599,1,,,,,,,
1462822333893804,,12408145560526228157,4747198805591100164,14360869234251875715,1,,,,,,,
1462822333893845,,12408145560526228157,4747198805591100163,10827923422662194887,1,,,,,,,
1462822333893884,,12408145560526228157,4747198805591100160,14146323848397550472,1,,,,,,,
1462822333893937,,12408145560526228157,4747198805591098620,6813758942147195797,1,,,,,,,
1462822333893969,,12408145560526228157,4747198805591100167,18292089356017901116,1,,,,,,,
1462822333894047,,12408145560526228157,1051869854995770935,37428115284624567,1,,,,,,,
1462822333894099,,12408145560526228157,4747198805591098621,2781100962266056432,1,,,,,,,
1462822333894176,,12408145560526228157,4747198805591098619,12371082708064738520,1,,,,,,,
1462822334745260,,8582559387529707851,2320866947915093482,4315674117226773001,4,,,,,,,
1462822334919992,,10023403823575817210,3694750901008839899,8124757549184404909,4,,,,,,,
1462822335486555,,12829873490154608004,5632855682923388344,1405206693959234716,4,,,,,,,
1462822336125156,,13169281342481912272,13752185064994147886,,0,,,,,,,
1462822336125162,,13169281342481912272,9220749505650418094,,0,,,,,,,
1462822336141509,,13169281342481912272,9220749505650418094,15363710274740827665,1,,,,,,,
1462822336141555,,13169281342481912272,13752185064994147886,17041108331634233605,1,,,,,,,
1462822336141635,,10023403823575817210,8320019245942311338,10116818325579485718,4,,,,,,,
1462822336220604,,10023403823575817210,8320019245942311343,7553729303218201120,4,,,,,,,
1462822336465944,,12408145560526228157,4747198805591098618,18357027331939276717,4,,,,,,,
1462822336709440,,12408145560526228157,4747198805591100163,10827923422662194887,4,,,,,,,
1462822336743718,,12408145560526228157,4747198805591100167,18292089356017901116,4,,,,,,,
1462822336845436,,10023403823575817210,8320019245942311342,9289075733572733394,4,,,,,,,
1462822337052564,,3034248539137619083,874996314563960496,12391129714481465863,4,,,,,,,
1462822337060239,,10023403823575817210,8320019245942311337,10765325155971975255,4,,,,,,,
1462822337144134,,12408145560526228157,4747198805591098616,17369185670323018193,4,,,,,,,
1462822337194236,,3034248539137619083,5653981486541561401,12100425555961282419,4,,,,,,,
1462822337469225,,10023403823575817210,8320019245942311340,16400913255896383680,4,,,,,,,
1462822337488859,,12408145560526228157,4747198805591100162,11666615854676652007,4,,,,,,,
1462822337631851,,12408145560526228157,1051869854995770935,37428115284624567,4,,,,,,,
1462822337708189,,12408145560526228157,4747198805591100164,14360869234251875715,4,,,,,,,
1462822337939562,,8582559387529707851,2320866947915093472,385669334771756718,4,,,,,,,
1462822337942849,,12408145560526228157,4747198805591098619,12371082708064738520,4,,,,,,,
1462822337960432,,12408145560526228157,4747198805591100160,14146323848397550472,4,,,,,,,
1462822338040001,,12408145560526228157,4747198805591100166,11078872499313960592,4,,,,,,,
1462822338279682,,12408145560526228157,4747198805591098621,2781100962266056432,4,,,,,,,
1462822338343833,,12408145560526228157,4747198805591098620,6813758942147195797,4,,,,,,,
1462822338376437,,16016020911273554105,3876466592128606703,,0,,,,,,,
1462822338376439,,16016020911273554105,4458040742439561654,,0,,,,,,,
1462822338376440,,16016020911273554105,4458040742439561655,,0,,,,,,,
1462822338376441,,16016020911273554105,4458040742439561652,,0,,,,,,,
1462822338376441,,16016020911273554105,4458040742439561653,,0,,,,,,,
1462822338376442,,16016020911273554105,4458040742439561650,,0,,,,,,,
1462822338376442,,16016020911273554105,4458040742439561651,,0,,,,,,,
1462822338376443,,16016020911273554105,4458040742439561648,,0,,,,,,,
1462822338397400,,16016020911273554105,4458040742439561652,9289075733572733394,1,,,,,,,
1462822338397482,,16016020911273554105,4458040742439561648,14624055332059453870,1,,,,,,,
1462822338397533,,16016020911273554105,3876466592128606703,6929460803413072434,1,,,,,,,
1462822338397629,,16016020911273554105,4458040742439561651,5108068219828989055,1,,,,,,,
1462822338397658,,16016020911273554105,4458040742439561655,5578538654463802037,1,,,,,,,
1462822338397728,,16016020911273554105,4458040742439561650,4424664211040055073,1,,,,,,,
1462822338397777,,16016020911273554105,4458040742439561653,1095890505887186611,1,,,,,,,
1462822338397803,,16016020911273554105,4458040742439561654,6454717725655763029,1,,,,,,,
1462822338934970,,17680403702663394618,12801233895197613728,12688132031401237076,4,,,,,,,
1462822339096631,,8582559387529707851,2320866947915093474,12089487372414072579,4,,,,,,,
1462822339417635,,12408145560526228157,4747198805591098617,579758872671168809,4,,,,,,,
1462822339465985,,17680403702663394618,12801233895197613743,14166014483846167229,4,,,,,,,
1462822339480961,,5632618292356297990,690097748330958962,16496069401970343120,4,,,,,,,
1462822340033754,,17680403702663394618,12801233895197613722,2709143838374946510,4,,,,,,,
1462822340089134,,17680403702663394618,12801233895197613735,11573286920514468152,4,,,,,,,
1462822340561246,,12408145560526228157,4747198805591100165,1343007025599555599,4,,,,,,,
1462822340627847,,16213586426231628533,15220865733838583210,,0,,,,,,,
1462822340627848,,16213586426231628533,401355283967362564,,0,,,,,,,
1462822340627849,,16213586426231628533,401355283967362565,,0,,,,,,,
1462822340627850,,16213586426231628533,401355283967362566,,0,,,,,,,
1462822340627851,,16213586426231628533,401355283967362567,,0,,,,,,,
1462822340627851,,16213586426231628533,401355283967362560,,0,,,,,,,
1462822340627852,,16213586426231628533,401355283967362561,,0,,,,,,,
1462822340627852,,16213586426231628533,401355283967362562,,0,,,,,,,
1462822340627853,,16213586426231628533,401355283967362563,,0,,,,,,,
1462822340627853,,16213586426231628533,401355283967363068,,0,,,,,,,
1462822340627854,,16213586426231628533,401355283967363069,,0,,,,,,,
1462822340627854,,16213586426231628533,401355283967363070,,0,,,,,,,
1462822340627857,,16213586426231628533,401355283967363071,,0,,,,,,,
1462822340627857,,16213586426231628533,401355283967363064,,0,,,,,,,
1462822340627858,,16213586426231628533,401355283967363065,,0,,,,,,,
1462822340627858,,16213586426231628533,401355283967363066,,0,,,,,,,
1462822340642784,,16213586426231628533,401355283967363065,16783572837087526016,1,,,,,,,
1462822340642837,,16213586426231628533,401355283967363069,16520250975403001349,1,,,,,,,
1462822340644060,,16213586426231628533,401355283967362562,10523453925400090122,1,,,,,,,
1462822340644244,,16213586426231628533,401355283967362560,10520257741492348593,1,,,,,,,
1462822340644340,,16213586426231628533,401355283967363066,16503100467572658213,1,,,,,,,
1462822340644439,,16213586426231628533,401355283967363071,1094175440307761364,1,,,,,,,
1462822340644522,,16213586426231628533,401355283967363070,6813758942147195797,1,,,,,,,
1462822340644589,,16213586426231628533,401355283967362566,17447880445980281304,1,,,,,,,
1462822340644650,,16213586426231628533,401355283967362563,1330683319236596594,1,,,,,,,
1462822340644724,,16213586426231628533,401355283967362564,14360869234251875715,1,,,,,,,
1462822340644845,,16213586426231628533,15220865733838583210,16591327083407795243,1,,,,,,,
1462822340644905,,16213586426231628533,401355283967363068,17586732473831351655,1,,,,,,,
1462822340644958,,16213586426231628533,401355283967363064,11392059454777738861,1,,,,,,,
1462822340645015,,16213586426231628533,401355283967362561,14195863767149723993,1,,,,,,,
1462822340645069,,16213586426231628533,401355283967362567,7529481235092036757,1,,,,,,,
1462822340645103,,16213586426231628533,401355283967362565,9683815059672152493,1,,,,,,,
1462822340670886,,17680403702663394618,12801233895197613723,12557099803895192650,4,,,,,,,
1462822341032094,,13169281342481912272,13752185064994147886,17041108331634233605,4,,,,,,,
1462822341059208,,17680403702663394618,12801233895197613731,10084930765281562037,4,,,,,,,
1462822341073396,,17680403702663394618,12801233895197613732,15349490466521306202,4,,,,,,,
1462822341241983,,13169281342481912272,9220749505650418094,15363710274740827665,4,,,,,,,
1462822341291968,,17680403702663394618,12801233895197613725,13409892783592632401,4,,,,,,,
1462822341567033,,17680403702663394618,12801233895197613733,13282109742601766758,4,,,,,,,
1462822342193894,,17680403702663394618,12801233895197613724,10442752714396792097,4,,,,,,,
1462822342419895,,13128349039744319511,6434300911726812302,2979955948507252744,4,,,,,,,
1462822342686383,,5632618292356297990,17967043040446506880,13919973464436229250,4,,,,,,,
1462822342877530,,13287313031653099543,5917123858912833054,,0,,,,,,,
1462822342877533,,13287313031653099543,6726595281239761186,,0,,,,,,,
1462822342877534,,13287313031653099543,6726595281239761185,,0,,,,,,,
1462822342877534,,13287313031653099543,6726595281239761184,,0,,,,,,,
1462822342877535,,13287313031653099543,6726595281239761191,,0,,,,,,,
1462822342877535,,13287313031653099543,6726595281239761190,,0,,,,,,,
1462822342877536,,13287313031653099543,6726595281239761189,,0,,,,,,,
1462822342877537,,13287313031653099543,6726595281239761188,,0,,,,,,,
1462822342877537,,13287313031653099543,6726595281239761195,,0,,,,,,,
1462822342877537,,13287313031653099543,6726595281239761194,,0,,,,,,,
1462822342877538,,13287313031653099543,6726595281239761193,,0,,,,,,,
1462822342877539,,13287313031653099543,6726595281239761192,,0,,,,,,,
1462822342877540,,13287313031653099543,6726595281239761199,,0,,,,,,,
1462822342877540,,13287313031653099543,6726595281239761198,,0,,,,,,,
1462822342896480,,13287313031653099543,6726595281239761198,2084348875902046608,1,,,,,,,
1462822342896582,,13287313031653099543,6726595281239761189,14212823476266856068,1,,,,,,,
1462822342897816,,13287313031653099543,6726595281239761185,4832496988651714486,1,,,,,,,
1462822342898013,,13287313031653099543,6726595281239761186,16135808076298968628,1,,,,,,,
1462822342898107,,13287313031653099543,6726595281239761190,3907602656878139751,1,,,,,,,
1462822342898209,,13287313031653099543,6726595281239761184,13434545754993672051,1,,,,,,,
1462822342898282,,13287313031653099543,6726595281239761191,6094459979616030209,1,,,,,,,
1462822342898377,,13287313031653099543,6726595281239761195,10174627833632209238,1,,,,,,,
1462822342898480,,13287313031653099543,6726595281239761192,13985902860116431244,1,,,,,,,
1462822342898568,,13287313031653099543,6726595281239761194,7326067751865642467,1,,,,,,,
1462822342898677,,13287313031653099543,5917123858912833054,4999932444799180998,1,,,,,,,
1462822342898736,,13287313031653099543,6726595281239761188,12035102918045360124,1,,,,,,,
1462822342898810,,13287313031653099543,6726595281239761199,8116390004242581169,1,,,,,,,
1462822342898877,,13287313031653099543,6726595281239761193,16225253779770306696,1,,,,,,,
1462822343186031,,17680403702663394618,12801233895197613720,938258312952676486,4,,,,,,,
1462822344560650,,16016020911273554105,4458040742439561653,1095890505887186611,4,,,,,,,
1462822344690739,,16016020911273554105,3876466592128606703,6929460803413072434,4,,,,,,,
1462822345125332,,18079557522273060720,2825676018554726540,,0,,,,,,,
1462822345125339,,18079557522273060720,15419179611776259867,,0,,,,,,,
1462822345156319,,18079557522273060720,2825676018554726540,12852228531220481488,1,,,,,,,
1462822345156380,,18079557522273060720,15419179611776259867,6929460803413072434,1,,,,,,,
1462822345310114,,17894873506593878337,16827756072484011323,7358453616137503730,4,,,,,,,
1462822345466597,,387970588335680221,7171886082504501003,3544643591758153699,4,,,,,,,
1462822345605069,,13287313031653099543,5917123858912833054,4999932444799180998,4,,,,,,,
1462822345658632,,16016020911273554105,4458040742439561655,5578538654463802037,4,,,,,,,
1462822345784471,,13287313031653099543,6726595281239761195,10174627833632209238,4,,,,,,,
1462822346108601,,13287313031653099543,6726595281239761198,2084348875902046608,4,,,,,,,
1462822346173786,,13287313031653099543,6726595281239761191,6094459979616030209,4,,,,,,,
1462822346199911,,13287313031653099543,6726595281239761192,13985902860116431244,4,,,,,,,
1462822346339367,,13287313031653099543,6726595281239761184,13434545754993672051,4,,,,,,,
1462822346423516,,13287313031653099543,6726595281239761194,7326067751865642467,4,,,,,,,
1462822346539508,,13287313031653099543,6726595281239761199,8116390004242581169,4,,,,,,,
1462822346620773,,16213586426231628533,15220865733838583210,16591327083407795243,4,,,,,,,
1462822346639846,,16016020911273554105,4458040742439561648,14624055332059453870,4,,,,,,,
1462822346807073,,387970588335680221,7171886082504500979,15555879016008479500,4,,,,,,,
1462822346988839,,13287313031653099543,6726595281239761185,4832496988651714486,4,,,,,,,
1462822347272522,,13287313031653099543,6726595281239761193,16225253779770306696,4,,,,,,,
1462822347308039,,16213586426231628533,401355283967363070,6813758942147195797,4,,,,,,,
1462822347376502,,5007273796106411376,17405288495973744297,,0,,,,,,,
1462822347376507,,5007273796106411376,1851869301901779165,,0,,,,,,,
1462822347376509,,5007273796106411376,1851869301901779164,,0,,,,,,,
1462822347376510,,5007273796106411376,1851869301901779167,,0,,,,,,,
1462822347376510,,5007273796106411376,1851869301901779166,,0,,,,,,,
1462822347376511,,5007273796106411376,1851869301901779161,,0,,,,,,,
1462822347376512,,5007273796106411376,1851869301901779160,,0,,,,,,,
1462822347376512,,5007273796106411376,1851869301901779163,,0,,,,,,,
1462822347394243,,5007273796106411376,1851869301901779166,15247786840751950142,1,,,,,,,
1462822347394362,,5007273796106411376,17405288495973744297,2336196215452621013,1,,,,,,,
1462822347394400,,5007273796106411376,1851869301901779164,13934316257598409265,1,,,,,,,
1462822347394445,,5007273796106411376,1851869301901779163,13640725597942336741,1,,,,,,,
1462822347394509,,5007273796106411376,1851869301901779161,12757353612365724006,1,,,,,,,
1462822347394600,,5007273796106411376,1851869301901779167,6294944918638801722,1,,,,,,,
1462822347394651,,5007273796106411376,1851869301901779160,6813758942147195797,1,,,,,,,
1462822347394689,,5007273796106411376,1851869301901779165,16235727350845828058,1,,,,,,,
1462822347410711,,13287313031653099543,6726595281239761190,3907602656878139751,4,,,,,,,
1462822347531767,,16016020911273554105,4458040742439561654,6454717725655763029,4,,,,,,,
1462822347590004,,16213586426231628533,401355283967362561,14195863767149723993,4,,,,,,,
1462822347771540,,13287313031653099543,6726595281239761188,12035102918045360124,4,,,,,,,
1462822347825172,,16213586426231628533,401355283967363071,1094175440307761364,4,,,,,,,
1462822347894816,,16213586426231628533,401355283967362565,9683815059672152493,4,,,,,,,
1462822347979581,,16213586426231628533,401355283967362567,7529481235092036757,4,,,,,,,
1462822348058356,,16213586426231628533,401355283967363068,17586732473831351655,4,,,,,,,
1462822348261796,,16213586426231628533,401355283967363065,16783572837087526016,4,,,,,,,
1462822348277311,,16016020911273554105,4458040742439561651,5108068219828989055,4,,,,,,,
1462822348436831,,16213586426231628533,401355283967363069,16520250975403001349,4,,,,,,,
1462822348556816,,16213586426231628533,401355283967363064,11392059454777738861,4,,,,,,,
1462822348577577,,16213586426231628533,401355283967362566,17447880445980281304,4,,,,,,,
1462822348781904,,13287313031653099543,6726595281239761189,14212823476266856068,4,,,,,,,
1462822348971246,,13287313031653099543,6726595281239761186,16135808076298968628,4,,,,,,,
1462822349488273,,16213586426231628533,401355283967362563,1330683319236596594,4,,,,,,,
1462822349628206,,6148797164642786505,6591162020369754937,,0,,,,,,,
1462822349628208,,6148797164642786505,11453410994881087782,,0,,,,,,,
1462822349628212,,6148797164642786505,11453410994881087783,,0,,,,,,,
1462822349628212,,6148797164642786505,11453410994881087780,,0,,,,,,,
1462822349628213,,6148797164642786505,11453410994881087781,,0,,,,,,,
1462822349628214,,6148797164642786505,11453410994881087778,,0,,,,,,,
1462822349628216,,6148797164642786505,11453410994881087779,,0,,,,,,,
1462822349628216,,6148797164642786505,11453410994881087776,,0,,,,,,,
1462822349628217,,6148797164642786505,11453410994881087777,,0,,,,,,,
1462822349628217,,6148797164642786505,11453410994881087774,,0,,,,,,,
1462822349628218,,6148797164642786505,11453410994881087775,,0,,,,,,,
1462822349628218,,6148797164642786505,11453410994881087772,,0,,,,,,,
1462822349628220,,6148797164642786505,11453410994881087773,,0,,,,,,,
1462822349628221,,6148797164642786505,11453410994881087770,,0,,,,,,,
1462822349628221,,6148797164642786505,11453410994881087771,,0,,,,,,,
1462822349628222,,6148797164642786505,11453410994881087768,,0,,,,,,,
1462822349645996,,6148797164642786505,11453410994881087777,13409892783592632401,1,,,,,,,
1462822349646095,,6148797164642786505,6591162020369754937,3525625380688366768,1,,,,,,,
1462822349646145,,6148797164642786505,11453410994881087782,106955831579403614,1,,,,,,,
1462822349646210,,6148797164642786505,11453410994881087771,12699185514858882841,1,,,,,,,
1462822349646273,,6148797164642786505,11453410994881087778,15767596035489170638,1,,,,,,,
1462822349646323,,6148797164642786505,11453410994881087783,9935764497571253468,1,,,,,,,
1462822349646364,,6148797164642786505,11453410994881087779,2241597724501598327,1,,,,,,,
1462822349646430,,6148797164642786505,11453410994881087773,4031225411275238912,1,,,,,,,
1462822349646463,,6148797164642786505,11453410994881087772,1317014969351242130,1,,,,,,,
1462822349646498,,6148797164642786505,11453410994881087768,12100425555961282419,1,,,,,,,
1462822349646548,,6148797164642786505,11453410994881087774,4782565633263894630,1,,,,,,,
1462822349646600,,6148797164642786505,11453410994881087775,306867532681425433,1,,,,,,,
1462822349646640,,6148797164642786505,11453410994881087780,9562532040604333167,1,,,,,,,
1462822349646678,,6148797164642786505,11453410994881087776,1433790454915598971,1,,,,,,,
1462822349646720,,6148797164642786505,11453410994881087781,12050253518212834318,1,,,,,,,
1462822349646752,,6148797164642786505,11453410994881087770,14874091376838018736,1,,,,,,,
1462822349688404,,16213586426231628533,401355283967362564,14360869234251875715,4,,,,,,,
1462822350384650,,16213586426231628533,401355283967363066,16503100467572658213,4,,,,,,,
1462822350768297,,18079557522273060720,15419179611776259867,6929460803413072434,4,,,,,,,
1462822351222919,,16213586426231628533,401355283967362560,10520257741492348593,4,,,,,,,
1462822351562293,,16213586426231628533,401355283967362562,10523453925400090122,4,,,,,,,
1462822351877655,,13718868988552128477,5493367740867745490,,0,,,,,,,
1462822351877657,,13718868988552128477,7284270289158970919,,0,,,,,,,
1462822351877658,,13718868988552128477,7284270289158970918,,0,,,,,,,
1462822351877659,,13718868988552128477,7284270289158970913,,0,,,,,,,
1462822351877662,,13718868988552128477,7284270289158970912,,0,,,,,,,
1462822351877662,,13718868988552128477,7284270289158970915,,0,,,,,,,
1462822351877663,,13718868988552128477,7284270289158970914,,0,,,,,,,
1462822351877664,,13718868988552128477,7284270289158970925,,0,,,,,,,
1462822351877664,,13718868988552128477,7284270289158970924,,0,,,,,,,
1462822351877665,,13718868988552128477,7284270289158970927,,0,,,,,,,
1462822351877665,,13718868988552128477,7284270289158970926,,0,,,,,,,
1462822351877666,,13718868988552128477,7284270289158970921,,0,,,,,,,
1462822351877666,,13718868988552128477,7284270289158970920,,0,,,,,,,
1462822351877667,,13718868988552128477,7284270289158970923,,0,,,,,,,
1462822351896154,,13718868988552128477,7284270289158970926,3165167876158196256,1,,,,,,,
1462822351897525,,13718868988552128477,7284270289158970915,1091106185567335342,1,,,,,,,
1462822351897684,,13718868988552128477,7284270289158970923,1337437935416403844,1,,,,,,,
1462822351897987,,13718868988552128477,5493367740867745490,7704786824220362297,1,,,,,,,
1462822351898061,,13718868988552128477,7284270289158970919,12388204378211537643,1,,,,,,,
1462822351898142,,13718868988552128477,7284270289158970920,1514863780550564736,1,,,,,,,
1462822351898198,,13718868988552128477,7284270289158970921,2979955948507252744,1,,,,,,,
1462822351898246,,13718868988552128477,7284270289158970927,17011189496625395045,1,,,,,,,
1462822351898302,,13718868988552128477,7284270289158970918,4466402581461595083,1,,,,,,,
1462822351898340,,13718868988552128477,7284270289158970913,8429845321832454827,1,,,,,,,
1462822351898379,,13718868988552128477,7284270289158970925,13985902860116431244,1,,,,,,,
1462822351898417,,13718868988552128477,7284270289158970912,1405206693959234716,1,,,,,,,
1462822351898468,,13718868988552128477,7284270289158970914,17630636331982742001,1,,,,,,,
1462822351898520,,13718868988552128477,7284270289158970924,2709143838374946510,1,,,,,,,
1462822352118610,,18079557522273060720,2825676018554726540,12852228531220481488,4,,,,,,,
1462822352943436,,5007273796106411376,1851869301901779165,16235727350845828058,4,,,,,,,
1462822354125264,,10829755001011100736,13480521618700687609,,0,,,,,,,
1462822354125268,,10829755001011100736,14939974439014259911,,0,,,,,,,
1462822354143395,,10829755001011100736,14939974439014259911,13794560484214501959,1,,,,,,,
1462822354143434,,10829755001011100736,13480521618700687609,11573286920514468152,1,,,,,,,
1462822354187003,,5007273796106411376,1851869301901779163,13640725597942336741,4,,,,,,,
1462822354625044,,5007273796106411376,1851869301901779160,6813758942147195797,4,,,,,,,
1462822354667941,,5007273796106411376,1851869301901779164,13934316257598409265,4,,,,,,,
1462822354766485,,13718868988552128477,5493367740867745490,7704786824220362297,4,,,,,,,
1462822354812487,,6148797164642786505,6591162020369754937,3525625380688366768,4,,,,,,,
1462822354968833,,13718868988552128477,7284270289158970926,3165167876158196256,4,,,,,,,
1462822355561359,,5007273796106411376,17405288495973744297,2336196215452621013,4,,,,,,,
1462822355561630,,13718868988552128477,7284270289158970925,13985902860116431244,4,,,,,,,
1462822355627849,,13718868988552128477,7284270289158970913,8429845321832454827,4,,,,,,,
1462822355648567,,13718868988552128477,7284270289158970914,17630636331982742001,4,,,,,,,
1462822355663226,,13718868988552128477,7284270289158970920,1514863780550564736,4,,,,,,,
1462822355677852,,13718868988552128477,7284270289158970912,1405206693959234716,4,,,,,,,
1462822355873369,,6148797164642786505,11453410994881087771,12699185514858882841,4,,,,,,,
1462822355887044,,6148797164642786505,11453410994881087781,12050253518212834318,4,,,,,,,
1462822355903902,,6148797164642786505,11453410994881087772,1317014969351242130,4,,,,,,,
1462822355927225,,13718868988552128477,7284270289158970923,1337437935416403844,4,,,,,,,
1462822356090636,,13718868988552128477,7284270289158970919,12388204378211537643,4,,,,,,,
1462822356283919,,6148797164642786505,11453410994881087782,106955831579403614,4,,,,,,,
1462822356312663,,13718868988552128477,7284270289158970921,2979955948507252744,4,,,,,,,
1462822356582844,,6148797164642786505,11453410994881087768,12100425555961282419,4,,,,,,,
1462822357391506,,6148797164642786505,11453410994881087778,15767596035489170638,4,,,,,,,
1462822357613291,,6148797164642786505,11453410994881087776,1433790454915598971,4,,,,,,,
1462822357748682,,10023403823575817210,8320019245942311341,15826476701138252334,4,,,,,,,
1462822358108147,,13718868988552128477,7284270289158970924,2709143838374946510,4,,,,,,,
1462822358265508,,6148797164642786505,11453410994881087779,2241597724501598327,4,,,,,,,
1462822358353487,,6148797164642786505,11453410994881087770,14874091376838018736,4,,,,,,,
1462822358612561,,13718868988552128477,7284270289158970927,17011189496625395045,4,,,,,,,
1462822358745620,,6148797164642786505,11453410994881087773,4031225411275238912,4,,,,,,,
1462822359098217,,6148797164642786505,11453410994881087777,13409892783592632401,4,,,,,,,
1462822359118362,,5007273796106411376,1851869301901779166,15247786840751950142,4,,,,,,,
1462822359441836,,6148797164642786505,11453410994881087780,9562532040604333167,4,,,,,,,
1462822359872355,,6148797164642786505,11453410994881087783,9935764497571253468,4,,,,,,,
1462822360303706,,10829755001011100736,13480521618700687609,11573286920514468152,4,,,,,,,
1462822360681449,,10829755001011100736,14939974439014259911,13794560484214501959,4,,,,,,,
1462822368318939,,17680403702663394618,12801233895197613730,13594143336871392179,4,,,,,,,
1462822368654313,,17680403702663394618,10282516488011896634,10186407093138846630,4,,,,,,,
1462822369146024,,17680403702663394618,12801233895197613729,9053312491887284931,4,,,,,,,
1462822372873674,,10023403823575817210,8320019245942311339,2158098549847998475,4,,,,,,,
1462822378286680,,16016020911273554105,4458040742439561652,9289075733572733394,4,,,,,,,
1462822379366222,,6148797164642786505,11453410994881087774,4782565633263894630,4,,,,,,,
1462822379708490,,17680403702663394618,12801233895197613734,15017128990340272814,4,,,,,,,
1462822379857804,,17680403702663394618,12801233895197613721,18051836192190349360,4,,,,,,,
1462822380630551,,13718868988552128477,7284270289158970918,4466402581461595083,4,,,,,,,
1462822382936512,,5007273796106411376,1851869301901779161,12757353612365724006,4,,,,,,,
1462822383178314,,16016020911273554105,4458040742439561650,4424664211040055073,4,,,,,,,
1462822383817491,,13718868988552128477,7284270289158970915,1091106185567335342,4,,,,,,,
1462822387405713,,5007273796106411376,1851869301901779167,6294944918638801722,4,,,,,,,
1462822389474722,,6148797164642786505,11453410994881087775,306867532681425433,4,,,,,,,
